-- MySQL dump 10.13  Distrib 5.6.39, for Linux (x86_64)
--
-- Host: localhost    Database: idle
-- ------------------------------------------------------
-- Server version	5.6.39

/*!40101 SET @OLD_CHARACTER_SET_CLIENT=@@CHARACTER_SET_CLIENT */;
/*!40101 SET @OLD_CHARACTER_SET_RESULTS=@@CHARACTER_SET_RESULTS */;
/*!40101 SET @OLD_COLLATION_CONNECTION=@@COLLATION_CONNECTION */;
/*!40101 SET NAMES utf8mb4 */;
/*!40103 SET @OLD_TIME_ZONE=@@TIME_ZONE */;
/*!40103 SET TIME_ZONE='+00:00' */;
/*!40014 SET @OLD_UNIQUE_CHECKS=@@UNIQUE_CHECKS, UNIQUE_CHECKS=0 */;
/*!40014 SET @OLD_FOREIGN_KEY_CHECKS=@@FOREIGN_KEY_CHECKS, FOREIGN_KEY_CHECKS=0 */;
/*!40101 SET @OLD_SQL_MODE=@@SQL_MODE, SQL_MODE='NO_AUTO_VALUE_ON_ZERO' */;
/*!40111 SET @OLD_SQL_NOTES=@@SQL_NOTES, SQL_NOTES=0 */;

--
-- Table structure for table `activity`
--

DROP TABLE IF EXISTS `activity`;
/*!40101 SET @saved_cs_client     = @@character_set_client */;
/*!40101 SET character_set_client = utf8 */;
CREATE TABLE `activity` (
  `Id` int(11) NOT NULL AUTO_INCREMENT,
  `type` smallint(6) NOT NULL DEFAULT '2' COMMENT '1充值奖励 2消费反馈 3登录奖励 4答题活动 5冲级奖励 6奖励加倍 7钻石矿井',
  `start_time` datetime DEFAULT NULL,
  `end_time` datetime DEFAULT NULL,
  `title` varchar(128) DEFAULT NULL,
  `description` varchar(512) DEFAULT NULL,
  `param` blob,
  `is_open` bit(1) DEFAULT NULL,
  PRIMARY KEY (`Id`)
) ENGINE=InnoDB AUTO_INCREMENT=24 DEFAULT CHARSET=utf8;
/*!40101 SET character_set_client = @saved_cs_client */;

--
-- Dumping data for table `activity`
--

LOCK TABLES `activity` WRITE;
/*!40000 ALTER TABLE `activity` DISABLE KEYS */;
/*!40000 ALTER TABLE `activity` ENABLE KEYS */;
UNLOCK TABLES;

--
-- Table structure for table `arena`
--

DROP TABLE IF EXISTS `arena`;
/*!40101 SET @saved_cs_client     = @@character_set_client */;
/*!40101 SET character_set_client = utf8 */;
CREATE TABLE `arena` (
  `Id` int(11) NOT NULL AUTO_INCREMENT,
  `player_id` int(11) DEFAULT NULL,
  `data_pack` blob,
  `best_rank` int(11) DEFAULT NULL,
  `win_count_sum` int(11) DEFAULT NULL,
  `fight_count_sum` int(11) DEFAULT NULL,
  PRIMARY KEY (`Id`),
  UNIQUE KEY `player_id` (`player_id`)
) ENGINE=InnoDB DEFAULT CHARSET=utf8 COMMENT='竞技场';
/*!40101 SET character_set_client = @saved_cs_client */;

--
-- Dumping data for table `arena`
--

LOCK TABLES `arena` WRITE;
/*!40000 ALTER TABLE `arena` DISABLE KEYS */;
/*!40000 ALTER TABLE `arena` ENABLE KEYS */;
UNLOCK TABLES;

--
-- Table structure for table `card`
--

DROP TABLE IF EXISTS `card`;
/*!40101 SET @saved_cs_client     = @@character_set_client */;
/*!40101 SET character_set_client = utf8 */;
CREATE TABLE `card` (
  `id` int(11) unsigned NOT NULL AUTO_INCREMENT,
  `uuid` bigint(20) DEFAULT NULL COMMENT '唯一id',
  `player_id` int(11) DEFAULT NULL,
  `template_id` int(11) DEFAULT NULL,
  `level` int(11) DEFAULT NULL,
  `num` int(11) DEFAULT NULL,
  `star` int(11) DEFAULT NULL,
  `is_lock` int(11) DEFAULT NULL,
  `quality` int(11) DEFAULT NULL,
  `artifact` int(11) DEFAULT NULL,
  `power` int(11) DEFAULT NULL,
  `xtal` int(11) DEFAULT NULL,
  `equips` blob,
  `attris` blob,
  `xtal_attris` blob,
  `fetter_lvs` blob,
  PRIMARY KEY (`id`),
  KEY `player_id` (`player_id`)
) ENGINE=InnoDB DEFAULT CHARSET=utf8;
/*!40101 SET character_set_client = @saved_cs_client */;

--
-- Dumping data for table `card`
--

LOCK TABLES `card` WRITE;
/*!40000 ALTER TABLE `card` DISABLE KEYS */;
/*!40000 ALTER TABLE `card` ENABLE KEYS */;
UNLOCK TABLES;

--
-- Table structure for table `cdkey`
--

DROP TABLE IF EXISTS `cdkey`;
/*!40101 SET @saved_cs_client     = @@character_set_client */;
/*!40101 SET character_set_client = utf8 */;
CREATE TABLE `cdkey` (
  `Id` int(11) NOT NULL AUTO_INCREMENT,
  `platform` int(11) DEFAULT NULL COMMENT '激活码',
  `area` int(11) DEFAULT NULL COMMENT '区',
  `cdkey` varchar(200) DEFAULT NULL COMMENT '激活码',
  `player_id` int(11) NOT NULL COMMENT '领取玩家ID',
  `cdk_id` int(11) NOT NULL COMMENT '激活码礼包编号',
  PRIMARY KEY (`Id`)
) ENGINE=InnoDB AUTO_INCREMENT=105 DEFAULT CHARSET=utf8;
/*!40101 SET character_set_client = @saved_cs_client */;

--
-- Dumping data for table `cdkey`
--

LOCK TABLES `cdkey` WRITE;
/*!40000 ALTER TABLE `cdkey` DISABLE KEYS */;
/*!40000 ALTER TABLE `cdkey` ENABLE KEYS */;
UNLOCK TABLES;

--
-- Table structure for table `daily_mission`
--

DROP TABLE IF EXISTS `daily_mission`;
/*!40101 SET @saved_cs_client     = @@character_set_client */;
/*!40101 SET character_set_client = utf8 */;
CREATE TABLE `daily_mission` (
  `id` int(10) unsigned NOT NULL AUTO_INCREMENT,
  `player_id` int(10) unsigned DEFAULT NULL,
  `template_id` int(11) DEFAULT NULL,
  `progress` int(11) DEFAULT NULL,
  `award_get` tinyint(4) DEFAULT NULL,
  `reset_time` datetime DEFAULT NULL,
  `end_time` datetime DEFAULT NULL,
  PRIMARY KEY (`id`),
  KEY `player_id` (`player_id`)
) ENGINE=InnoDB AUTO_INCREMENT=8781 DEFAULT CHARSET=utf8;
/*!40101 SET character_set_client = @saved_cs_client */;

--
-- Dumping data for table `daily_mission`
--

LOCK TABLES `daily_mission` WRITE;
/*!40000 ALTER TABLE `daily_mission` DISABLE KEYS */;
INSERT INTO `daily_mission` VALUES (8749,2,15,0,0,NULL,NULL),(8750,2,17,0,0,NULL,NULL),(8751,2,11,0,0,NULL,NULL),(8752,2,21,0,0,NULL,NULL),(8753,2,22,0,0,NULL,NULL),(8754,2,23,0,0,NULL,NULL),(8755,2,1,0,0,NULL,NULL),(8756,1,16,0,0,NULL,NULL),(8757,1,28,0,0,NULL,NULL),(8758,2,16,0,0,NULL,NULL),(8759,2,28,0,0,NULL,NULL),(8760,2,29,0,0,NULL,NULL),(8761,2,24,0,0,NULL,NULL),(8762,2,30,0,0,NULL,NULL),(8763,2,25,0,0,NULL,NULL),(8764,2,18,0,0,NULL,NULL),(8765,2,31,0,0,NULL,NULL),(8766,1,25,0,0,NULL,NULL),(8767,1,24,0,0,NULL,NULL),(8768,1,30,0,0,NULL,NULL),(8769,1,18,0,0,NULL,NULL),(8770,1,31,0,0,NULL,NULL),(8771,1,29,0,0,NULL,NULL),(8772,3,15,0,0,NULL,NULL),(8773,3,17,0,0,NULL,NULL),(8774,3,11,0,0,NULL,NULL),(8775,3,21,0,0,NULL,NULL),(8776,3,22,0,0,NULL,NULL),(8777,3,23,0,0,NULL,NULL),(8778,3,1,0,0,NULL,NULL),(8779,3,16,0,0,NULL,NULL),(8780,3,28,0,0,NULL,NULL);
/*!40000 ALTER TABLE `daily_mission` ENABLE KEYS */;
UNLOCK TABLES;

--
-- Table structure for table `guide`
--

DROP TABLE IF EXISTS `guide`;
/*!40101 SET @saved_cs_client     = @@character_set_client */;
/*!40101 SET character_set_client = utf8 */;
CREATE TABLE `guide` (
  `id` int(10) unsigned NOT NULL AUTO_INCREMENT,
  `player_id` int(10) unsigned DEFAULT NULL,
  `init_goods_send` tinyint(1) NOT NULL DEFAULT '0',
  `data_pack` blob,
  `update_time` datetime DEFAULT NULL,
  PRIMARY KEY (`id`),
  KEY `player_id` (`player_id`)
) ENGINE=InnoDB AUTO_INCREMENT=866 DEFAULT CHARSET=utf8;
/*!40101 SET character_set_client = @saved_cs_client */;

--
-- Dumping data for table `guide`
--

LOCK TABLES `guide` WRITE;
/*!40000 ALTER TABLE `guide` DISABLE KEYS */;
INSERT INTO `guide` VALUES (854,1,1,NULL,'2019-02-28 13:44:02'),(855,1,1,NULL,'2019-02-28 13:54:26'),(856,1,1,NULL,'2019-02-28 15:06:32'),(857,1,1,NULL,'2019-02-28 16:21:52'),(858,1,1,NULL,'2019-03-01 09:46:06'),(859,1,1,NULL,'2019-03-01 11:09:09'),(860,1,1,NULL,'2019-03-01 11:58:45'),(861,1,1,NULL,'2019-03-01 13:45:27'),(862,1,1,NULL,'2019-03-01 14:31:37'),(863,2,1,NULL,'2019-03-01 14:50:49'),(864,1,1,NULL,'2019-03-01 16:44:29'),(865,1,1,NULL,'2019-03-01 18:09:15');
/*!40000 ALTER TABLE `guide` ENABLE KEYS */;
UNLOCK TABLES;

--
-- Table structure for table `item`
--

DROP TABLE IF EXISTS `item`;
/*!40101 SET @saved_cs_client     = @@character_set_client */;
/*!40101 SET character_set_client = utf8 */;
CREATE TABLE `item` (
  `Id` int(11) NOT NULL AUTO_INCREMENT,
  `player_id` int(11) DEFAULT NULL,
  `template_id` int(11) DEFAULT NULL,
  `count` int(11) DEFAULT NULL,
  PRIMARY KEY (`Id`),
  KEY `idx_template_player_id` (`template_id`,`player_id`)
) ENGINE=InnoDB AUTO_INCREMENT=12 DEFAULT CHARSET=utf8;
/*!40101 SET character_set_client = @saved_cs_client */;

--
-- Dumping data for table `item`
--

LOCK TABLES `item` WRITE;
/*!40000 ALTER TABLE `item` DISABLE KEYS */;
INSERT INTO `item` VALUES (1,1,105,949413),(2,2,105,3997706),(6,2,3106,2),(7,1,3001,1),(8,1,3098,1),(9,1,3198,1),(10,1,3106,2),(11,3,105,4320);
/*!40000 ALTER TABLE `item` ENABLE KEYS */;
UNLOCK TABLES;

--
-- Table structure for table `item_single`
--

DROP TABLE IF EXISTS `item_single`;
/*!40101 SET @saved_cs_client     = @@character_set_client */;
/*!40101 SET character_set_client = utf8 */;
CREATE TABLE `item_single` (
  `uuid` bigint(20) unsigned NOT NULL,
  `player_id` int(10) unsigned NOT NULL,
  `template_id` int(10) unsigned NOT NULL,
  `enhance_level` int(11) DEFAULT NULL,
  `hero_tpl_id` int(11) DEFAULT NULL,
  `stars` int(11) DEFAULT NULL,
  `bag_id` int(11) DEFAULT NULL,
  `hp_ex` int(11) DEFAULT NULL,
  `atk_ex` int(11) DEFAULT NULL,
  `def_ex` int(11) DEFAULT NULL,
  `attr_ex` blob COMMENT '物品额外增加属性',
  `unit_attr` blob COMMENT '兵种效果',
  `update_time` datetime DEFAULT NULL,
  `exp` int(11) DEFAULT NULL COMMENT '物品经验',
  `Id` int(10) unsigned NOT NULL AUTO_INCREMENT,
  PRIMARY KEY (`Id`),
  KEY `player_id` (`player_id`),
  KEY `uuid` (`uuid`)
) ENGINE=InnoDB AUTO_INCREMENT=35152 DEFAULT CHARSET=utf8 COMMENT='包含装备和宝物';
/*!40101 SET character_set_client = @saved_cs_client */;

--
-- Dumping data for table `item_single`
--

LOCK TABLES `item_single` WRITE;
/*!40000 ALTER TABLE `item_single` DISABLE KEYS */;
INSERT INTO `item_single` VALUES (1810467007082496,1,2006,1,0,0,1,0,0,0,'\n\0\n	\0','\n','2019-02-28 13:39:42',0,35092),(1810467007270912,1,2007,1,0,0,1,0,0,0,'\n\0\n\0','\n','2019-02-28 13:39:42',0,35093),(1810467007279104,1,2022,1,0,0,1,0,0,0,'\n\0\n\n\0','\n','2019-02-28 13:39:42',0,35094),(1810467007279105,1,2023,1,0,0,1,0,0,0,'\n\n\0\n\0','\n','2019-02-28 13:39:42',0,35095),(1810467007279106,1,2038,1,0,0,1,0,0,0,'\n\0\n	\0','\n','2019-02-28 13:39:42',0,35096),(1810467007279107,1,2105,1,0,0,1,0,0,0,'\n\0\n\0','\n','2019-02-28 13:39:42',0,35097),(1810467007287297,1,2098,1,0,0,1,0,0,0,'\n\0\n\0','\n','2019-02-28 13:39:42',0,35098),(1810467007287298,1,2039,1,0,0,1,0,0,0,'\n	\0\n\0','\n','2019-02-28 13:39:42',0,35099),(1810467007287299,1,2054,1,0,0,1,0,0,0,'\n\0\n\n\0','\n','2019-02-28 13:39:42',0,35100),(1810467007287296,1,2097,1,0,0,1,0,0,0,'\n\0\n\0','\n','2019-02-28 13:39:42',0,35101),(1810467007295488,1,2099,1,0,0,1,0,0,0,'\n\0\n	\0','\n','2019-02-28 13:39:42',0,35102),(1810467007295489,1,2100,1,0,0,1,0,0,0,'\n\0\n\0','\n','2019-02-28 13:39:42',0,35103),(1810469141622784,1,2007,1,0,0,1,0,0,0,'\n\0\n	\0','\n','2019-02-28 13:44:02',0,35104),(1810469141630977,1,2023,1,0,0,1,0,0,0,'\n\0\n\0','\n','2019-02-28 13:44:02',0,35105),(1810469141639168,1,2105,1,0,0,1,0,0,0,'\n\0\n\0','\n','2019-02-28 13:44:02',0,35106),(1810469141630978,1,2038,1,0,0,1,0,0,0,'\n\0\n\0','\n','2019-02-28 13:44:02',0,35107),(1810469141630976,1,2022,1,0,0,1,0,0,0,'\n\n\0\n\0','\n','2019-02-28 13:44:02',0,35108),(1810469141639169,1,2097,1,0,0,1,0,0,0,'\n\0\n	\0','\n','2019-02-28 13:44:02',0,35109),(1810469141647360,1,2039,1,0,0,1,0,0,0,'\n\0\n	\0','\n','2019-02-28 13:44:02',0,35110),(1810469141639170,1,2098,1,0,0,1,0,0,0,'\n\0\n\0','\n','2019-02-28 13:44:02',0,35111),(1810469141647361,1,2054,1,0,0,1,0,0,0,'\n\0\n\0','\n','2019-02-28 13:44:02',0,35112),(1810469141647362,1,2099,1,0,0,1,0,0,0,'\n\0\n\0','\n','2019-02-28 13:44:02',0,35113),(1810469141655552,1,2100,1,0,0,1,0,0,0,'\n\0\n\0','\n','2019-02-28 13:44:02',0,35114),(1810469141499904,1,2006,1,0,0,1,0,0,0,'\n\0\n\0','\n','2019-02-28 13:44:02',0,35115),(1810474246967296,1,2006,1,0,0,1,0,0,0,'\n\0\n\0','\n','2019-02-28 13:54:26',0,35116),(1810474247057408,1,2007,1,0,0,1,0,0,0,'\n	\0\n\0','\n','2019-02-28 13:54:26',0,35117),(1810474247057410,1,2023,1,0,0,1,0,0,0,'\n\0\n\0','\n','2019-02-28 13:54:26',0,35118),(1810474247065600,1,2038,1,0,0,1,0,0,0,'\n\0\n\0','\n','2019-02-28 13:54:26',0,35119),(1810474247057409,1,2022,1,0,0,1,0,0,0,'\n\0\n\0','\n','2019-02-28 13:54:26',0,35120),(1810474247090176,1,2105,1,0,0,1,0,0,0,'\n\0\n\0','\n','2019-02-28 13:54:26',0,35121),(1810474247090177,1,2097,1,0,0,1,0,0,0,'\n\0\n\0','\n','2019-02-28 13:54:26',0,35122),(1810474247090179,1,2039,1,0,0,1,0,0,0,'\n\0\n\0','\n','2019-02-28 13:54:26',0,35123),(1810474247098370,1,2100,1,0,0,1,0,0,0,'\n\n\0\n\0','\n','2019-02-28 13:54:26',0,35124),(1810474247098369,1,2099,1,0,0,1,0,0,0,'\n\0\n\0','\n','2019-02-28 13:54:26',0,35125),(1810474247098368,1,2054,1,0,0,1,0,0,0,'\n\0\n\n\0','\n','2019-02-28 13:54:26',0,35126),(1810474247090178,1,2098,1,0,0,1,0,0,0,'\n\n\0\n\0','\n','2019-02-28 13:54:26',0,35127),(1810509687369729,1,2007,1,0,0,1,0,0,0,'\n\0\n\0','\n','2019-02-28 15:06:32',0,35128),(1810509687377923,1,2105,1,0,0,1,0,0,0,'\n\0\n\0','\n','2019-02-28 15:06:32',0,35129),(1810509687377924,1,2097,1,0,0,1,0,0,0,'\n\0\n\0','\n','2019-02-28 15:06:32',0,35130),(1810509687386112,1,2098,1,0,0,1,0,0,0,'\n\0\n\0','\n','2019-02-28 15:06:32',0,35131),(1810509687386113,1,2039,1,0,0,1,0,0,0,'\n\0\n\0','\n','2019-02-28 15:06:32',0,35132),(1810509687386114,1,2054,1,0,0,1,0,0,0,'\n\0\n\n\0','\n','2019-02-28 15:06:32',0,35133),(1810509687386115,1,2099,1,0,0,1,0,0,0,'\n	\0\n\0','\n','2019-02-28 15:06:32',0,35134),(1810509687386116,1,2100,1,0,0,1,0,0,0,'\n\0\n\0','\n','2019-02-28 15:06:32',0,35135),(1810509687377921,1,2023,1,0,0,1,0,0,0,'\n\0\n\0','\n','2019-02-28 15:06:32',0,35136),(1810509687377920,1,2022,1,0,0,1,0,0,0,'\n\0\n\n\0','\n','2019-02-28 15:06:32',0,35137),(1810509687377922,1,2038,1,0,0,1,0,0,0,'\n\0\n\0','\n','2019-02-28 15:06:32',0,35138),(1810509687369728,1,2006,1,0,0,1,0,0,0,'\n	\0\n\0','\n','2019-02-28 15:06:32',0,35139),(1810546712424448,1,2006,1,0,0,1,0,0,0,'\n\0\n	\0','\n','2019-02-28 16:21:52',0,35140),(1810546712424449,1,2007,1,0,0,1,0,0,0,'\n\0\n	\0','\n','2019-02-28 16:21:52',0,35141),(1810546712424450,1,2022,1,0,0,1,0,0,0,'\n\0\n\n\0','\n','2019-02-28 16:21:52',0,35142),(1810546712424451,1,2023,1,0,0,1,0,0,0,'\n\0\n\n\0','\n','2019-02-28 16:21:52',0,35143),(1810546712432640,1,2038,1,0,0,1,0,0,0,'\n	\0\n\0','\n','2019-02-28 16:21:52',0,35144),(1810546712432641,1,2105,1,0,0,1,0,0,0,'\n\n\0\n\0','\n','2019-02-28 16:21:52',0,35145),(1810546712432642,1,2097,1,0,0,1,0,0,0,'\n\0\n\0','\n','2019-02-28 16:21:52',0,35146),(1810546712432643,1,2098,1,0,0,1,0,0,0,'\n\n\0\n\0','\n','2019-02-28 16:21:52',0,35147),(1810546712440832,1,2039,1,0,0,1,0,0,0,'\n\0\n	\0','\n','2019-02-28 16:21:52',0,35148),(1810546712440833,1,2054,1,0,0,1,0,0,0,'\n\0\n\0','\n','2019-02-28 16:21:52',0,35149),(1810546712440834,1,2099,1,0,0,1,0,0,0,'\n\0\n	\0','\n','2019-02-28 16:21:52',0,35150),(1810546712440835,1,2100,1,0,0,1,0,0,0,'\n\0\n\0','\n','2019-02-28 16:21:52',0,35151);
/*!40000 ALTER TABLE `item_single` ENABLE KEYS */;
UNLOCK TABLES;

--
-- Table structure for table `log_item_go`
--

DROP TABLE IF EXISTS `log_item_go`;
/*!40101 SET @saved_cs_client     = @@character_set_client */;
/*!40101 SET character_set_client = utf8 */;
CREATE TABLE `log_item_go` (
  `Id` int(11) NOT NULL AUTO_INCREMENT,
  `player_id` int(11) NOT NULL,
  `module_type` int(11) NOT NULL DEFAULT '0' COMMENT '模块类型: 0其他模块, 1装备合成, 2商店购买, 3商店刷新, 4购买体力, 5购买技能点, 6过往之球, 7现在之球, 8未来之球, 9精英副本刷新',
  `item_id` int(11) NOT NULL COMMENT '道具类型',
  `change_value` int(11) NOT NULL COMMENT '变化值,负数为减少',
  `add_time` timestamp NULL DEFAULT NULL COMMENT '操作时间',
  PRIMARY KEY (`Id`),
  KEY `player_id` (`player_id`)
) ENGINE=InnoDB AUTO_INCREMENT=1334 DEFAULT CHARSET=utf8;
/*!40101 SET character_set_client = @saved_cs_client */;

--
-- Dumping data for table `log_item_go`
--

LOCK TABLES `log_item_go` WRITE;
/*!40000 ALTER TABLE `log_item_go` DISABLE KEYS */;
INSERT INTO `log_item_go` VALUES (1,1,47,3500,1,'2019-02-28 05:54:26'),(2,1,47,3501,1,'2019-02-28 05:54:26'),(3,1,47,3502,1,'2019-02-28 05:54:26'),(4,1,47,1000,1,'2019-02-28 05:54:26'),(5,1,47,2006,1,'2019-02-28 05:54:26'),(6,1,47,2007,1,'2019-02-28 05:54:26'),(7,1,47,2022,1,'2019-02-28 05:54:26'),(8,1,47,2023,1,'2019-02-28 05:54:26'),(9,1,47,2038,1,'2019-02-28 05:54:26'),(10,1,47,2105,1,'2019-02-28 05:54:26'),(11,1,47,2097,1,'2019-02-28 05:54:26'),(12,1,47,2098,1,'2019-02-28 05:54:26'),(13,1,47,2039,1,'2019-02-28 05:54:26'),(14,1,47,2054,1,'2019-02-28 05:54:26'),(15,1,47,2099,1,'2019-02-28 05:54:26'),(16,1,47,2100,1,'2019-02-28 05:54:26'),(17,1,47,5201,2,'2019-02-28 05:54:26'),(18,1,47,5202,2,'2019-02-28 05:54:26'),(19,1,47,5203,2,'2019-02-28 05:54:26'),(20,1,47,1008,30,'2019-02-28 05:54:26'),(21,1,47,5,1,'2019-02-28 05:54:26'),(22,1,47,3500,1,'2019-02-28 07:06:32'),(23,1,47,3501,1,'2019-02-28 07:06:32'),(24,1,47,3502,1,'2019-02-28 07:06:32'),(25,1,47,1000,1,'2019-02-28 07:06:32'),(26,1,47,2006,1,'2019-02-28 07:06:32'),(27,1,47,2007,1,'2019-02-28 07:06:32'),(28,1,47,2022,1,'2019-02-28 07:06:32'),(29,1,47,2023,1,'2019-02-28 07:06:32'),(30,1,47,2038,1,'2019-02-28 07:06:32'),(31,1,47,2105,1,'2019-02-28 07:06:32'),(32,1,47,2097,1,'2019-02-28 07:06:32'),(33,1,47,2098,1,'2019-02-28 07:06:32'),(34,1,47,2039,1,'2019-02-28 07:06:32'),(35,1,47,2054,1,'2019-02-28 07:06:32'),(36,1,47,2099,1,'2019-02-28 07:06:32'),(37,1,47,2100,1,'2019-02-28 07:06:32'),(38,1,47,5201,2,'2019-02-28 07:06:32'),(39,1,47,5202,2,'2019-02-28 07:06:32'),(40,1,47,5203,2,'2019-02-28 07:06:32'),(41,1,47,1008,30,'2019-02-28 07:06:32'),(42,1,47,5,1,'2019-02-28 07:06:32'),(43,1,47,3500,1,'2019-02-28 08:21:52'),(44,1,47,3501,1,'2019-02-28 08:21:52'),(45,1,47,3502,1,'2019-02-28 08:21:52'),(46,1,47,1000,1,'2019-02-28 08:21:52'),(47,1,47,2006,1,'2019-02-28 08:21:52'),(48,1,47,2007,1,'2019-02-28 08:21:52'),(49,1,47,2022,1,'2019-02-28 08:21:52'),(50,1,47,2023,1,'2019-02-28 08:21:52'),(51,1,47,2038,1,'2019-02-28 08:21:52'),(52,1,47,2105,1,'2019-02-28 08:21:52'),(53,1,47,2097,1,'2019-02-28 08:21:52'),(54,1,47,2098,1,'2019-02-28 08:21:52'),(55,1,47,2039,1,'2019-02-28 08:21:52'),(56,1,47,2054,1,'2019-02-28 08:21:52'),(57,1,47,2099,1,'2019-02-28 08:21:52'),(58,1,47,2100,1,'2019-02-28 08:21:52'),(59,1,47,5201,2,'2019-02-28 08:21:52'),(60,1,47,5202,2,'2019-02-28 08:21:52'),(61,1,47,5203,2,'2019-02-28 08:21:52'),(62,1,47,1008,30,'2019-02-28 08:21:52'),(63,1,47,5,1,'2019-02-28 08:21:52'),(64,1,47,3500,1,'2019-03-01 01:46:07'),(65,1,47,3501,1,'2019-03-01 01:46:07'),(66,1,47,3502,1,'2019-03-01 01:46:07'),(67,1,47,1000,1,'2019-03-01 01:46:07'),(68,1,47,2006,1,'2019-03-01 01:46:07'),(69,1,47,2007,1,'2019-03-01 01:46:07'),(70,1,47,2022,1,'2019-03-01 01:46:07'),(71,1,47,2023,1,'2019-03-01 01:46:07'),(72,1,47,2038,1,'2019-03-01 01:46:07'),(73,1,47,2105,1,'2019-03-01 01:46:07'),(74,1,47,2097,1,'2019-03-01 01:46:07'),(75,1,47,2098,1,'2019-03-01 01:46:07'),(76,1,47,2039,1,'2019-03-01 01:46:07'),(77,1,47,2054,1,'2019-03-01 01:46:07'),(78,1,47,2099,1,'2019-03-01 01:46:07'),(79,1,47,2100,1,'2019-03-01 01:46:07'),(80,1,47,5201,2,'2019-03-01 01:46:07'),(81,1,47,5202,2,'2019-03-01 01:46:07'),(82,1,47,5203,2,'2019-03-01 01:46:07'),(83,1,47,1008,30,'2019-03-01 01:46:07'),(84,1,47,5,1,'2019-03-01 01:46:07'),(85,1,47,3500,1,'2019-03-01 03:09:09'),(86,1,47,3501,1,'2019-03-01 03:09:09'),(87,1,47,3502,1,'2019-03-01 03:09:09'),(88,1,47,1000,1,'2019-03-01 03:09:09'),(89,1,47,2006,1,'2019-03-01 03:09:09'),(90,1,47,2007,1,'2019-03-01 03:09:09'),(91,1,47,2022,1,'2019-03-01 03:09:09'),(92,1,47,2023,1,'2019-03-01 03:09:09'),(93,1,47,2038,1,'2019-03-01 03:09:09'),(94,1,47,2105,1,'2019-03-01 03:09:09'),(95,1,47,2097,1,'2019-03-01 03:09:09'),(96,1,47,2098,1,'2019-03-01 03:09:09'),(97,1,47,2039,1,'2019-03-01 03:09:09'),(98,1,47,2054,1,'2019-03-01 03:09:09'),(99,1,47,2099,1,'2019-03-01 03:09:09'),(100,1,47,2100,1,'2019-03-01 03:09:09'),(101,1,47,5201,2,'2019-03-01 03:09:09'),(102,1,47,5202,2,'2019-03-01 03:09:09'),(103,1,47,5203,2,'2019-03-01 03:09:09'),(104,1,47,1008,30,'2019-03-01 03:09:09'),(105,1,47,5,1,'2019-03-01 03:09:09'),(106,1,47,3500,1,'2019-03-01 03:58:46'),(107,1,47,3501,1,'2019-03-01 03:58:46'),(108,1,47,3502,1,'2019-03-01 03:58:46'),(109,1,47,1000,1,'2019-03-01 03:58:46'),(110,1,47,2006,1,'2019-03-01 03:58:46'),(111,1,47,2007,1,'2019-03-01 03:58:46'),(112,1,47,2022,1,'2019-03-01 03:58:46'),(113,1,47,2023,1,'2019-03-01 03:58:46'),(114,1,47,2038,1,'2019-03-01 03:58:46'),(115,1,47,2105,1,'2019-03-01 03:58:46'),(116,1,47,2097,1,'2019-03-01 03:58:46'),(117,1,47,2098,1,'2019-03-01 03:58:46'),(118,1,47,2039,1,'2019-03-01 03:58:46'),(119,1,47,2054,1,'2019-03-01 03:58:46'),(120,1,47,2099,1,'2019-03-01 03:58:46'),(121,1,47,2100,1,'2019-03-01 03:58:46'),(122,1,47,5201,2,'2019-03-01 03:58:46'),(123,1,47,5202,2,'2019-03-01 03:58:46'),(124,1,47,5203,2,'2019-03-01 03:58:46'),(125,1,47,1008,30,'2019-03-01 03:58:46'),(126,1,47,5,1,'2019-03-01 03:58:46'),(127,1,47,3500,1,'2019-03-01 05:45:27'),(128,1,47,3501,1,'2019-03-01 05:45:27'),(129,1,47,3502,1,'2019-03-01 05:45:27'),(130,1,47,1000,1,'2019-03-01 05:45:27'),(131,1,47,2006,1,'2019-03-01 05:45:27'),(132,1,47,2007,1,'2019-03-01 05:45:27'),(133,1,47,2022,1,'2019-03-01 05:45:27'),(134,1,47,2023,1,'2019-03-01 05:45:27'),(135,1,47,2038,1,'2019-03-01 05:45:27'),(136,1,47,2105,1,'2019-03-01 05:45:27'),(137,1,47,2097,1,'2019-03-01 05:45:27'),(138,1,47,2098,1,'2019-03-01 05:45:27'),(139,1,47,2039,1,'2019-03-01 05:45:27'),(140,1,47,2054,1,'2019-03-01 05:45:27'),(141,1,47,2099,1,'2019-03-01 05:45:27'),(142,1,47,2100,1,'2019-03-01 05:45:27'),(143,1,47,5201,2,'2019-03-01 05:45:27'),(144,1,47,5202,2,'2019-03-01 05:45:27'),(145,1,47,5203,2,'2019-03-01 05:45:27'),(146,1,47,1008,30,'2019-03-01 05:45:27'),(147,1,47,5,1,'2019-03-01 05:45:27'),(148,1,47,3500,1,'2019-03-01 06:31:37'),(149,1,47,3501,1,'2019-03-01 06:31:37'),(150,1,47,3502,1,'2019-03-01 06:31:37'),(151,1,47,1000,1,'2019-03-01 06:31:37'),(152,1,47,2006,1,'2019-03-01 06:31:37'),(153,1,47,2007,1,'2019-03-01 06:31:37'),(154,1,47,2022,1,'2019-03-01 06:31:37'),(155,1,47,2023,1,'2019-03-01 06:31:37'),(156,1,47,2038,1,'2019-03-01 06:31:37'),(157,1,47,2105,1,'2019-03-01 06:31:37'),(158,1,47,2097,1,'2019-03-01 06:31:37'),(159,1,47,2098,1,'2019-03-01 06:31:37'),(160,1,47,2039,1,'2019-03-01 06:31:37'),(161,1,47,2054,1,'2019-03-01 06:31:37'),(162,1,47,2099,1,'2019-03-01 06:31:37'),(163,1,47,2100,1,'2019-03-01 06:31:37'),(164,1,47,5201,2,'2019-03-01 06:31:37'),(165,1,47,5202,2,'2019-03-01 06:31:37'),(166,1,47,5203,2,'2019-03-01 06:31:37'),(167,1,47,1008,30,'2019-03-01 06:31:37'),(168,1,47,5,1,'2019-03-01 06:31:37'),(169,2,47,3500,1,'2019-03-01 06:50:50'),(170,2,47,3501,1,'2019-03-01 06:50:50'),(171,2,47,3502,1,'2019-03-01 06:50:50'),(172,2,47,1000,1,'2019-03-01 06:50:50'),(173,2,47,2006,1,'2019-03-01 06:50:50'),(174,2,47,2007,1,'2019-03-01 06:50:50'),(175,2,47,2022,1,'2019-03-01 06:50:50'),(176,2,47,2023,1,'2019-03-01 06:50:50'),(177,2,47,2038,1,'2019-03-01 06:50:50'),(178,2,47,2105,1,'2019-03-01 06:50:50'),(179,2,47,2097,1,'2019-03-01 06:50:50'),(180,2,47,2098,1,'2019-03-01 06:50:50'),(181,2,47,2039,1,'2019-03-01 06:50:50'),(182,2,47,2054,1,'2019-03-01 06:50:50'),(183,2,47,2099,1,'2019-03-01 06:50:50'),(184,2,47,2100,1,'2019-03-01 06:50:50'),(185,2,47,5201,2,'2019-03-01 06:50:50'),(186,2,47,5202,2,'2019-03-01 06:50:50'),(187,2,47,5203,2,'2019-03-01 06:50:50'),(188,2,47,1008,30,'2019-03-01 06:50:50'),(189,2,47,5,1,'2019-03-01 06:50:50'),(190,1,47,3500,1,'2019-03-01 08:44:30'),(191,1,47,3501,1,'2019-03-01 08:44:30'),(192,1,47,3502,1,'2019-03-01 08:44:30'),(193,1,47,1000,1,'2019-03-01 08:44:30'),(194,1,47,2006,1,'2019-03-01 08:44:30'),(195,1,47,2007,1,'2019-03-01 08:44:30'),(196,1,47,2022,1,'2019-03-01 08:44:30'),(197,1,47,2023,1,'2019-03-01 08:44:30'),(198,1,47,2038,1,'2019-03-01 08:44:30'),(199,1,47,2105,1,'2019-03-01 08:44:30'),(200,1,47,2097,1,'2019-03-01 08:44:30'),(201,1,47,2098,1,'2019-03-01 08:44:30'),(202,1,47,2039,1,'2019-03-01 08:44:30'),(203,1,47,2054,1,'2019-03-01 08:44:30'),(204,1,47,2099,1,'2019-03-01 08:44:30'),(205,1,47,2100,1,'2019-03-01 08:44:30'),(206,1,47,5201,2,'2019-03-01 08:44:30'),(207,1,47,5202,2,'2019-03-01 08:44:30'),(208,1,47,5203,2,'2019-03-01 08:44:30'),(209,1,47,1008,30,'2019-03-01 08:44:30'),(210,1,47,5,1,'2019-03-01 08:44:30'),(211,1,47,3500,1,'2019-03-01 10:09:16'),(212,1,47,3501,1,'2019-03-01 10:09:16'),(213,1,47,3502,1,'2019-03-01 10:09:16'),(214,1,47,1000,1,'2019-03-01 10:09:16'),(215,1,47,2006,1,'2019-03-01 10:09:16'),(216,1,47,2007,1,'2019-03-01 10:09:16'),(217,1,47,2022,1,'2019-03-01 10:09:16'),(218,1,47,2023,1,'2019-03-01 10:09:16'),(219,1,47,2038,1,'2019-03-01 10:09:16'),(220,1,47,2105,1,'2019-03-01 10:09:16'),(221,1,47,2097,1,'2019-03-01 10:09:16'),(222,1,47,2098,1,'2019-03-01 10:09:16'),(223,1,47,2039,1,'2019-03-01 10:09:16'),(224,1,47,2054,1,'2019-03-01 10:09:16'),(225,1,47,2099,1,'2019-03-01 10:09:16'),(226,1,47,2100,1,'2019-03-01 10:09:16'),(227,1,47,5201,2,'2019-03-01 10:09:16'),(228,1,47,5202,2,'2019-03-01 10:09:16'),(229,1,47,5203,2,'2019-03-01 10:09:16'),(230,1,47,1008,30,'2019-03-01 10:09:16'),(231,1,47,5,1,'2019-03-01 10:09:16'),(232,1,20,101,5940,'2019-03-04 09:04:42'),(233,1,47,102,10,'2019-03-04 09:04:42'),(234,1,47,102,10,'2019-03-04 09:04:42'),(235,1,47,102,10,'2019-03-04 09:04:42'),(236,1,47,102,10,'2019-03-04 09:04:42'),(237,1,20,104,1980,'2019-03-04 09:04:42'),(238,1,20,105,1188,'2019-03-04 09:04:42'),(239,1,20,101,5940,'2019-03-04 09:04:43'),(240,1,47,102,10,'2019-03-04 09:04:43'),(241,1,47,102,10,'2019-03-04 09:04:43'),(242,1,47,102,10,'2019-03-04 09:04:43'),(243,1,20,104,1980,'2019-03-04 09:04:43'),(244,1,20,105,1188,'2019-03-04 09:04:43'),(245,1,20,101,6150,'2019-03-04 09:05:51'),(246,1,47,102,10,'2019-03-04 09:05:51'),(247,1,47,102,10,'2019-03-04 09:05:51'),(248,1,20,104,2050,'2019-03-04 09:05:51'),(249,1,20,105,1230,'2019-03-04 09:05:51'),(250,1,20,101,30,'2019-03-04 09:08:55'),(251,1,20,104,10,'2019-03-04 09:08:55'),(252,1,20,105,6,'2019-03-04 09:08:55'),(253,2,20,101,15,'2019-03-04 09:09:51'),(254,2,20,104,5,'2019-03-04 09:09:51'),(255,2,20,105,3,'2019-03-04 09:09:51'),(256,2,20,101,60,'2019-03-04 09:10:13'),(257,2,20,104,20,'2019-03-04 09:10:13'),(258,2,20,105,12,'2019-03-04 09:10:13'),(259,1,20,101,4395,'2019-03-04 09:33:24'),(260,1,47,102,10,'2019-03-04 09:33:24'),(261,1,47,102,10,'2019-03-04 09:33:24'),(262,1,20,104,1465,'2019-03-04 09:33:24'),(263,1,20,105,879,'2019-03-04 09:33:24'),(264,1,20,101,60,'2019-03-04 09:33:47'),(265,1,20,104,20,'2019-03-04 09:33:47'),(266,1,20,105,12,'2019-03-04 09:33:47'),(267,1,20,101,30,'2019-03-04 09:34:01'),(268,1,20,104,10,'2019-03-04 09:34:01'),(269,1,20,105,6,'2019-03-04 09:34:01'),(270,1,20,101,15,'2019-03-04 09:34:07'),(271,1,20,104,5,'2019-03-04 09:34:07'),(272,1,20,105,3,'2019-03-04 09:34:07'),(273,2,20,101,4425,'2019-03-04 09:34:49'),(274,2,47,102,10,'2019-03-04 09:34:49'),(275,2,47,102,10,'2019-03-04 09:34:49'),(276,2,47,102,10,'2019-03-04 09:34:49'),(277,2,47,102,10,'2019-03-04 09:34:49'),(278,2,20,104,1475,'2019-03-04 09:34:49'),(279,2,20,105,885,'2019-03-04 09:34:49'),(280,2,20,101,360,'2019-03-04 09:36:52'),(281,2,20,104,120,'2019-03-04 09:36:52'),(282,2,20,105,72,'2019-03-04 09:36:52'),(283,2,20,101,2790,'2019-03-04 10:31:52'),(284,2,47,102,10,'2019-03-04 10:31:52'),(285,2,20,104,930,'2019-03-04 10:31:52'),(286,2,20,105,558,'2019-03-04 10:31:52'),(287,2,20,101,180,'2019-03-04 10:32:54'),(288,2,20,104,60,'2019-03-04 10:32:54'),(289,2,20,105,36,'2019-03-04 10:32:54'),(290,2,20,101,90,'2019-03-04 10:33:25'),(291,2,20,104,30,'2019-03-04 10:33:25'),(292,2,20,105,18,'2019-03-04 10:33:25'),(293,2,20,101,240,'2019-03-04 10:34:45'),(294,2,20,104,80,'2019-03-04 10:34:45'),(295,2,20,105,48,'2019-03-04 10:34:45'),(296,2,20,101,15,'2019-03-04 10:34:51'),(297,2,20,104,5,'2019-03-04 10:34:51'),(298,2,20,105,3,'2019-03-04 10:34:51'),(299,2,20,101,3420,'2019-03-04 10:53:54'),(300,2,47,102,10,'2019-03-04 10:53:54'),(301,2,47,102,10,'2019-03-04 10:53:54'),(302,2,20,104,1140,'2019-03-04 10:53:54'),(303,2,20,105,684,'2019-03-04 10:53:54'),(304,2,20,101,1185,'2019-03-04 11:00:32'),(305,2,20,104,395,'2019-03-04 11:00:32'),(306,2,20,105,237,'2019-03-04 11:00:32'),(307,2,20,101,3495,'2019-03-04 11:19:58'),(308,2,47,102,10,'2019-03-04 11:19:58'),(309,2,47,102,10,'2019-03-04 11:19:58'),(310,2,20,104,1165,'2019-03-04 11:19:59'),(311,2,20,105,699,'2019-03-04 11:19:59'),(312,2,20,101,1515,'2019-03-04 15:15:45'),(313,2,20,104,505,'2019-03-04 15:15:45'),(314,2,20,105,303,'2019-03-04 15:15:45'),(315,2,20,101,45,'2019-03-04 15:16:04'),(316,2,20,104,15,'2019-03-04 15:16:04'),(317,2,20,105,9,'2019-03-04 15:16:04'),(318,2,20,101,1920,'2019-03-04 15:26:46'),(319,2,47,102,10,'2019-03-04 15:26:46'),(320,2,20,104,640,'2019-03-04 15:26:46'),(321,2,20,105,384,'2019-03-04 15:26:46'),(322,2,20,101,675,'2019-03-04 15:30:35'),(323,2,20,104,225,'2019-03-04 15:30:35'),(324,2,20,105,135,'2019-03-04 15:30:35'),(325,2,20,101,28875,'2019-03-05 02:58:35'),(326,2,47,102,10,'2019-03-05 02:58:35'),(327,2,47,102,10,'2019-03-05 02:58:35'),(328,2,47,102,10,'2019-03-05 02:58:35'),(329,2,47,102,10,'2019-03-05 02:58:35'),(330,2,47,102,10,'2019-03-05 02:58:35'),(331,2,47,102,10,'2019-03-05 02:58:35'),(332,2,47,102,10,'2019-03-05 02:58:35'),(333,2,47,102,10,'2019-03-05 02:58:35'),(334,2,47,102,10,'2019-03-05 02:58:35'),(335,2,47,102,10,'2019-03-05 02:58:35'),(336,2,47,102,10,'2019-03-05 02:58:35'),(337,2,47,102,10,'2019-03-05 02:58:35'),(338,2,47,102,10,'2019-03-05 02:58:35'),(339,2,47,102,10,'2019-03-05 02:58:35'),(340,2,47,102,10,'2019-03-05 02:58:35'),(341,2,20,104,9625,'2019-03-05 02:58:35'),(342,2,20,105,5775,'2019-03-05 02:58:35'),(343,2,20,101,5070,'2019-03-05 03:26:48'),(344,2,47,102,10,'2019-03-05 03:26:48'),(345,2,20,104,1690,'2019-03-05 03:26:48'),(346,2,20,105,1014,'2019-03-05 03:26:48'),(347,2,20,101,105,'2019-03-05 03:27:23'),(348,2,20,104,35,'2019-03-05 03:27:23'),(349,2,20,105,21,'2019-03-05 03:27:23'),(350,2,20,101,10680,'2019-03-05 04:26:46'),(351,2,47,102,10,'2019-03-05 04:26:46'),(352,2,47,102,10,'2019-03-05 04:26:46'),(353,2,47,102,10,'2019-03-05 04:26:46'),(354,2,20,104,3560,'2019-03-05 04:26:46'),(355,2,20,105,2136,'2019-03-05 04:26:46'),(356,2,20,101,180,'2019-03-05 04:27:48'),(357,2,20,104,60,'2019-03-05 04:27:48'),(358,2,20,105,36,'2019-03-05 04:27:48'),(359,2,20,101,540,'2019-03-05 04:30:52'),(360,2,20,104,180,'2019-03-05 04:30:52'),(361,2,20,105,108,'2019-03-05 04:30:52'),(362,2,20,101,15,'2019-03-05 04:30:57'),(363,2,20,104,5,'2019-03-05 04:30:57'),(364,2,20,105,3,'2019-03-05 04:30:57'),(365,2,20,101,15,'2019-03-05 04:31:03'),(366,2,20,104,5,'2019-03-05 04:31:03'),(367,2,20,105,3,'2019-03-05 04:31:03'),(368,2,20,101,105,'2019-03-05 04:31:40'),(369,2,20,104,35,'2019-03-05 04:31:40'),(370,2,20,105,21,'2019-03-05 04:31:40'),(371,2,20,101,15,'2019-03-05 04:31:46'),(372,2,20,104,5,'2019-03-05 04:31:46'),(373,2,20,105,3,'2019-03-05 04:31:46'),(374,2,20,101,15,'2019-03-05 04:31:51'),(375,2,20,104,5,'2019-03-05 04:31:51'),(376,2,20,105,3,'2019-03-05 04:31:51'),(377,2,20,101,60,'2019-03-05 04:32:13'),(378,2,20,104,20,'2019-03-05 04:32:13'),(379,2,20,105,12,'2019-03-05 04:32:13'),(380,2,20,101,75,'2019-03-05 04:32:40'),(381,2,20,104,25,'2019-03-05 04:32:40'),(382,2,20,105,15,'2019-03-05 04:32:40'),(383,2,20,101,600,'2019-03-05 04:36:04'),(384,2,47,102,10,'2019-03-05 04:36:04'),(385,2,20,104,200,'2019-03-05 04:36:04'),(386,2,20,105,120,'2019-03-05 04:36:04'),(387,2,20,101,780,'2019-03-05 04:40:28'),(388,2,20,104,260,'2019-03-05 04:40:28'),(389,2,20,105,156,'2019-03-05 04:40:28'),(390,2,20,101,1050,'2019-03-05 04:46:21'),(391,2,20,104,350,'2019-03-05 04:46:21'),(392,2,20,105,210,'2019-03-05 04:46:21'),(393,2,20,101,15,'2019-03-05 04:46:28'),(394,2,20,104,5,'2019-03-05 04:46:28'),(395,2,20,105,3,'2019-03-05 04:46:28'),(396,2,20,101,180,'2019-03-05 04:47:33'),(397,2,20,104,60,'2019-03-05 04:47:33'),(398,2,20,105,36,'2019-03-05 04:47:33'),(399,2,20,101,15,'2019-03-05 04:47:39'),(400,2,20,104,5,'2019-03-05 04:47:39'),(401,2,20,105,3,'2019-03-05 04:47:39'),(402,2,20,101,885,'2019-03-05 04:52:36'),(403,2,20,104,295,'2019-03-05 04:52:36'),(404,2,20,105,177,'2019-03-05 04:52:36'),(405,2,20,101,15,'2019-03-05 04:52:41'),(406,2,20,104,5,'2019-03-05 04:52:41'),(407,2,20,105,3,'2019-03-05 04:52:41'),(408,2,20,101,285,'2019-03-05 04:54:21'),(409,2,20,104,95,'2019-03-05 04:54:21'),(410,2,20,105,57,'2019-03-05 04:54:21'),(411,2,20,101,15,'2019-03-05 04:54:26'),(412,2,20,104,5,'2019-03-05 04:54:26'),(413,2,20,105,3,'2019-03-05 04:54:26'),(414,2,20,101,30,'2019-03-05 04:54:40'),(415,2,20,104,10,'2019-03-05 04:54:40'),(416,2,20,105,6,'2019-03-05 04:54:40'),(417,2,20,101,30,'2019-03-05 04:54:51'),(418,2,20,104,10,'2019-03-05 04:54:51'),(419,2,20,105,6,'2019-03-05 04:54:51'),(420,2,20,101,15,'2019-03-05 04:54:56'),(421,2,20,104,5,'2019-03-05 04:54:56'),(422,2,20,105,3,'2019-03-05 04:54:56'),(423,2,20,101,15,'2019-03-05 04:55:05'),(424,2,20,104,5,'2019-03-05 04:55:05'),(425,2,20,105,3,'2019-03-05 04:55:05'),(426,2,20,101,105,'2019-03-05 04:55:42'),(427,2,20,104,35,'2019-03-05 04:55:42'),(428,2,20,105,21,'2019-03-05 04:55:42'),(429,2,20,101,4695,'2019-03-05 05:21:48'),(430,2,47,102,10,'2019-03-05 05:21:48'),(431,2,26,3001,1,'2019-03-05 05:21:48'),(432,2,26,3098,1,'2019-03-05 05:21:48'),(433,2,26,3198,1,'2019-03-05 05:21:48'),(434,2,20,104,1565,'2019-03-05 05:21:48'),(435,2,20,105,939,'2019-03-05 05:21:48'),(436,2,20,101,15,'2019-03-05 05:21:54'),(437,2,20,104,5,'2019-03-05 05:21:54'),(438,2,20,105,3,'2019-03-05 05:21:54'),(439,2,20,101,15,'2019-03-05 05:22:01'),(440,2,20,104,5,'2019-03-05 05:22:01'),(441,2,20,105,3,'2019-03-05 05:22:01'),(442,2,20,101,585,'2019-03-05 05:25:17'),(443,2,20,104,195,'2019-03-05 05:25:17'),(444,2,20,105,117,'2019-03-05 05:25:17'),(445,2,20,101,195,'2019-03-05 05:26:26'),(446,2,20,104,65,'2019-03-05 05:26:26'),(447,2,20,105,39,'2019-03-05 05:26:26'),(448,2,20,101,600,'2019-03-05 05:29:49'),(449,2,47,102,10,'2019-03-05 05:29:49'),(450,2,20,104,200,'2019-03-05 05:29:49'),(451,2,20,105,120,'2019-03-05 05:29:49'),(452,2,20,101,2805,'2019-03-05 05:45:25'),(453,2,20,104,935,'2019-03-05 05:45:25'),(454,2,20,105,561,'2019-03-05 05:45:25'),(455,2,20,101,46590,'2019-03-05 10:04:19'),(456,2,47,102,10,'2019-03-05 10:04:19'),(457,2,47,102,10,'2019-03-05 10:04:19'),(458,2,47,102,10,'2019-03-05 10:04:19'),(459,2,47,102,10,'2019-03-05 10:04:19'),(460,2,47,102,10,'2019-03-05 10:04:19'),(461,2,47,102,10,'2019-03-05 10:04:19'),(462,2,47,102,10,'2019-03-05 10:04:19'),(463,2,47,102,10,'2019-03-05 10:04:19'),(464,2,26,3106,2,'2019-03-05 10:04:19'),(465,2,26,101,50000,'2019-03-05 10:04:19'),(466,2,20,104,15530,'2019-03-05 10:04:19'),(467,2,20,105,9318,'2019-03-05 10:04:19'),(468,2,20,101,44085,'2019-03-05 14:09:17'),(469,2,47,102,10,'2019-03-05 14:09:17'),(470,2,47,102,10,'2019-03-05 14:09:17'),(471,2,20,104,14695,'2019-03-05 14:09:17'),(472,2,20,105,8817,'2019-03-05 14:09:17'),(473,2,20,101,75,'2019-03-05 14:09:47'),(474,2,20,104,25,'2019-03-05 14:09:47'),(475,2,20,105,15,'2019-03-05 14:09:47'),(476,2,20,101,15,'2019-03-05 14:09:52'),(477,2,20,104,5,'2019-03-05 14:09:52'),(478,2,20,105,3,'2019-03-05 14:09:52'),(479,2,20,101,420,'2019-03-05 14:12:15'),(480,2,20,104,140,'2019-03-05 14:12:15'),(481,2,20,105,84,'2019-03-05 14:12:15'),(482,2,20,101,15,'2019-03-05 14:12:21'),(483,2,20,104,5,'2019-03-05 14:12:21'),(484,2,20,105,3,'2019-03-05 14:12:21'),(485,2,20,101,825,'2019-03-05 14:17:00'),(486,2,47,102,10,'2019-03-05 14:17:00'),(487,2,20,104,275,'2019-03-05 14:17:00'),(488,2,20,105,165,'2019-03-05 14:17:00'),(489,2,20,101,90,'2019-03-05 14:17:31'),(490,2,20,104,30,'2019-03-05 14:17:31'),(491,2,20,105,18,'2019-03-05 14:17:31'),(492,2,20,101,615,'2019-03-05 14:20:59'),(493,2,20,104,205,'2019-03-05 14:20:59'),(494,2,20,105,123,'2019-03-05 14:20:59'),(495,2,20,101,135,'2019-03-05 14:21:48'),(496,2,20,104,45,'2019-03-05 14:21:48'),(497,2,20,105,27,'2019-03-05 14:21:48'),(498,2,20,101,840,'2019-03-05 14:26:29'),(499,2,20,104,280,'2019-03-05 14:26:29'),(500,2,20,105,168,'2019-03-05 14:26:29'),(501,2,20,101,435,'2019-03-05 14:28:55'),(502,2,20,104,145,'2019-03-05 14:28:55'),(503,2,20,105,87,'2019-03-05 14:28:55'),(504,1,20,101,138735,'2019-03-05 14:37:06'),(505,1,47,102,10,'2019-03-05 14:37:06'),(506,1,47,102,10,'2019-03-05 14:37:06'),(507,1,47,102,10,'2019-03-05 14:37:06'),(508,1,47,102,10,'2019-03-05 14:37:06'),(509,1,47,102,10,'2019-03-05 14:37:06'),(510,1,47,102,10,'2019-03-05 14:37:06'),(511,1,47,102,10,'2019-03-05 14:37:06'),(512,1,47,102,10,'2019-03-05 14:37:06'),(513,1,47,102,10,'2019-03-05 14:37:06'),(514,1,47,102,10,'2019-03-05 14:37:06'),(515,1,47,102,10,'2019-03-05 14:37:06'),(516,1,47,102,10,'2019-03-05 14:37:06'),(517,1,47,102,10,'2019-03-05 14:37:06'),(518,1,47,102,10,'2019-03-05 14:37:06'),(519,1,47,102,10,'2019-03-05 14:37:06'),(520,1,47,102,10,'2019-03-05 14:37:06'),(521,1,47,102,10,'2019-03-05 14:37:06'),(522,1,47,102,10,'2019-03-05 14:37:06'),(523,1,47,102,10,'2019-03-05 14:37:06'),(524,1,47,102,10,'2019-03-05 14:37:06'),(525,1,47,102,10,'2019-03-05 14:37:06'),(526,1,47,102,10,'2019-03-05 14:37:06'),(527,1,47,102,10,'2019-03-05 14:37:06'),(528,1,47,102,10,'2019-03-05 14:37:06'),(529,1,47,102,10,'2019-03-05 14:37:06'),(530,1,47,102,10,'2019-03-05 14:37:06'),(531,1,47,102,10,'2019-03-05 14:37:06'),(532,1,47,102,10,'2019-03-05 14:37:06'),(533,1,47,102,10,'2019-03-05 14:37:06'),(534,1,47,102,10,'2019-03-05 14:37:06'),(535,1,47,102,10,'2019-03-05 14:37:06'),(536,1,26,3001,1,'2019-03-05 14:37:06'),(537,1,26,3098,1,'2019-03-05 14:37:06'),(538,1,26,3198,1,'2019-03-05 14:37:06'),(539,1,26,3106,2,'2019-03-05 14:37:06'),(540,1,26,101,50000,'2019-03-05 14:37:06'),(541,1,20,104,46245,'2019-03-05 14:37:06'),(542,1,20,105,27747,'2019-03-05 14:37:06'),(543,1,20,101,165,'2019-03-05 14:38:06'),(544,1,20,104,55,'2019-03-05 14:38:06'),(545,1,20,105,33,'2019-03-05 14:38:06'),(546,1,20,101,4530,'2019-03-05 15:03:21'),(547,1,20,104,1510,'2019-03-05 15:03:21'),(548,1,20,105,906,'2019-03-05 15:03:21'),(549,2,20,101,9150,'2019-03-05 15:19:49'),(550,2,20,104,3050,'2019-03-05 15:19:49'),(551,2,20,105,1830,'2019-03-05 15:19:49'),(552,1,20,101,116175,'2019-03-06 01:48:48'),(553,1,47,102,10,'2019-03-06 01:48:48'),(554,1,47,102,10,'2019-03-06 01:48:48'),(555,1,47,102,10,'2019-03-06 01:48:48'),(556,1,20,104,38725,'2019-03-06 01:48:48'),(557,1,20,105,23235,'2019-03-06 01:48:48'),(558,1,20,101,285,'2019-03-06 01:50:28'),(559,1,20,104,95,'2019-03-06 01:50:28'),(560,1,20,105,57,'2019-03-06 01:50:28'),(561,2,20,101,114585,'2019-03-06 01:56:25'),(562,2,47,102,10,'2019-03-06 01:56:25'),(563,2,47,102,10,'2019-03-06 01:56:25'),(564,2,20,104,38195,'2019-03-06 01:56:25'),(565,2,20,105,22917,'2019-03-06 01:56:25'),(566,1,20,101,2385,'2019-03-06 02:03:46'),(567,1,20,104,795,'2019-03-06 02:03:46'),(568,1,20,105,477,'2019-03-06 02:03:46'),(569,1,20,101,435,'2019-03-06 02:06:15'),(570,1,20,104,145,'2019-03-06 02:06:15'),(571,1,20,105,87,'2019-03-06 02:06:15'),(572,1,20,101,15,'2019-03-06 02:06:21'),(573,1,20,104,5,'2019-03-06 02:06:21'),(574,1,20,105,3,'2019-03-06 02:06:21'),(575,2,20,101,12165,'2019-03-06 03:04:01'),(576,2,20,104,4055,'2019-03-06 03:04:01'),(577,2,20,105,2433,'2019-03-06 03:04:01'),(578,2,20,101,10410,'2019-03-06 04:01:54'),(579,2,47,102,10,'2019-03-06 04:01:54'),(580,2,20,104,3470,'2019-03-06 04:01:54'),(581,2,20,105,2082,'2019-03-06 04:01:54'),(582,2,20,101,630,'2019-03-06 04:05:29'),(583,2,20,104,210,'2019-03-06 04:05:29'),(584,2,20,105,126,'2019-03-06 04:05:29'),(585,2,20,101,810,'2019-03-06 04:09:59'),(586,2,20,104,270,'2019-03-06 04:09:59'),(587,2,20,105,162,'2019-03-06 04:09:59'),(588,2,20,101,900,'2019-03-06 04:15:03'),(589,2,20,104,300,'2019-03-06 04:15:03'),(590,2,20,105,180,'2019-03-06 04:15:03'),(591,2,20,101,600,'2019-03-06 04:18:25'),(592,2,20,104,200,'2019-03-06 04:18:25'),(593,2,20,105,120,'2019-03-06 04:18:25'),(594,2,20,101,255,'2019-03-06 04:19:51'),(595,2,20,104,85,'2019-03-06 04:19:51'),(596,2,20,105,51,'2019-03-06 04:19:51'),(597,2,20,101,3660,'2019-03-06 04:40:15'),(598,2,20,104,1220,'2019-03-06 04:40:15'),(599,2,20,105,732,'2019-03-06 04:40:15'),(600,2,20,101,780,'2019-03-06 04:44:36'),(601,2,20,104,260,'2019-03-06 04:44:36'),(602,2,20,105,156,'2019-03-06 04:44:36'),(603,2,20,101,2955,'2019-03-06 05:01:03'),(604,2,20,104,985,'2019-03-06 05:01:03'),(605,2,20,105,591,'2019-03-06 05:01:03'),(606,2,20,101,15,'2019-03-06 05:01:10'),(607,2,20,104,5,'2019-03-06 05:01:10'),(608,2,20,105,3,'2019-03-06 05:01:10'),(609,2,20,101,11775,'2019-03-06 06:06:36'),(610,2,20,104,3925,'2019-03-06 06:06:36'),(611,2,20,105,2355,'2019-03-06 06:06:36'),(612,2,20,101,3825,'2019-03-06 06:27:55'),(613,2,20,104,1785,'2019-03-06 06:27:55'),(614,2,20,105,765,'2019-03-06 06:27:55'),(615,2,20,101,27360,'2019-03-06 06:52:48'),(616,2,20,104,12960,'2019-03-06 06:52:48'),(617,2,20,105,12960,'2019-03-06 06:52:48'),(618,2,20,101,27360,'2019-03-06 06:53:01'),(619,2,47,102,10,'2019-03-06 06:53:01'),(620,2,20,104,12960,'2019-03-06 06:53:01'),(621,2,20,105,12960,'2019-03-06 06:53:01'),(622,2,20,101,27360,'2019-03-06 06:53:08'),(623,2,20,104,12960,'2019-03-06 06:53:08'),(624,2,20,105,12960,'2019-03-06 06:53:08'),(625,2,20,101,87875,'2019-03-06 12:53:23'),(626,2,47,102,10,'2019-03-06 12:53:23'),(627,2,20,104,41625,'2019-03-06 12:53:23'),(628,2,20,105,41625,'2019-03-06 12:53:23'),(629,2,20,101,27360,'2019-03-06 12:53:25'),(630,2,20,104,12960,'2019-03-06 12:53:25'),(631,2,20,105,12960,'2019-03-06 12:53:25'),(632,2,20,101,76,'2019-03-06 12:53:44'),(633,2,20,104,36,'2019-03-06 12:53:44'),(634,2,20,105,36,'2019-03-06 12:53:44'),(635,2,20,101,27360,'2019-03-07 08:57:20'),(636,2,20,104,12960,'2019-03-07 08:57:20'),(637,2,20,105,12960,'2019-03-07 08:57:20'),(638,2,20,101,274436,'2019-03-07 08:57:28'),(639,2,47,102,10,'2019-03-07 08:57:28'),(640,2,47,102,10,'2019-03-07 08:57:28'),(641,2,20,104,129996,'2019-03-07 08:57:28'),(642,2,20,105,129996,'2019-03-07 08:57:28'),(643,2,20,101,437,'2019-03-07 08:59:26'),(644,2,20,104,207,'2019-03-07 08:59:26'),(645,2,20,105,207,'2019-03-07 08:59:26'),(646,2,20,101,27360,'2019-03-07 09:13:49'),(647,2,20,104,12960,'2019-03-07 09:13:49'),(648,2,20,105,12960,'2019-03-07 09:13:49'),(649,2,20,101,3439,'2019-03-07 09:14:31'),(650,2,20,104,1629,'2019-03-07 09:14:31'),(651,2,20,105,1629,'2019-03-07 09:14:31'),(652,2,20,101,4788,'2019-03-07 09:35:34'),(653,2,20,104,2268,'2019-03-07 09:35:34'),(654,2,20,105,2268,'2019-03-07 09:35:34'),(655,2,20,101,27360,'2019-03-07 09:35:38'),(656,2,20,104,12960,'2019-03-07 09:35:38'),(657,2,20,105,12960,'2019-03-07 09:35:38'),(658,2,20,101,15390,'2019-03-07 10:43:09'),(659,2,20,104,7290,'2019-03-07 10:43:09'),(660,2,20,105,7290,'2019-03-07 10:43:09'),(661,2,20,101,264575,'2019-03-08 06:03:37'),(662,2,47,102,10,'2019-03-08 06:03:37'),(663,2,20,104,125325,'2019-03-08 06:03:37'),(664,2,20,105,125325,'2019-03-08 06:03:37'),(665,1,20,101,21600,'2019-03-08 14:35:41'),(666,1,20,104,7200,'2019-03-08 14:35:41'),(667,1,20,105,4320,'2019-03-08 14:35:41'),(668,2,20,101,27360,'2019-03-08 14:48:37'),(669,2,20,104,12960,'2019-03-08 14:48:37'),(670,2,20,105,12960,'2019-03-08 14:48:37'),(671,1,20,101,21600,'2019-03-08 14:49:54'),(672,1,47,102,10,'2019-03-08 14:49:54'),(673,1,20,104,7200,'2019-03-08 14:49:54'),(674,1,20,105,4320,'2019-03-08 14:49:54'),(675,2,20,101,27360,'2019-03-08 14:51:43'),(676,2,47,102,10,'2019-03-08 14:51:43'),(677,2,20,104,12960,'2019-03-08 14:51:43'),(678,2,20,105,12960,'2019-03-08 14:51:43'),(679,2,20,101,27360,'2019-03-08 14:52:49'),(680,2,20,104,12960,'2019-03-08 14:52:49'),(681,2,20,105,12960,'2019-03-08 14:52:49'),(682,2,20,101,27360,'2019-03-08 14:52:58'),(683,2,20,104,12960,'2019-03-08 14:52:58'),(684,2,20,105,12960,'2019-03-08 14:52:58'),(685,2,20,101,27360,'2019-03-08 14:53:36'),(686,2,20,104,12960,'2019-03-08 14:53:36'),(687,2,20,105,12960,'2019-03-08 14:53:36'),(688,2,20,101,27360,'2019-03-08 14:54:57'),(689,2,20,104,12960,'2019-03-08 14:54:57'),(690,2,20,105,12960,'2019-03-08 14:54:57'),(691,2,20,101,27360,'2019-03-08 14:55:17'),(692,2,20,104,12960,'2019-03-08 14:55:17'),(693,2,20,105,12960,'2019-03-08 14:55:17'),(694,2,20,101,27360,'2019-03-08 14:55:26'),(695,2,20,104,12960,'2019-03-08 14:55:26'),(696,2,20,105,12960,'2019-03-08 14:55:26'),(697,2,20,101,27360,'2019-03-08 14:55:43'),(698,2,20,104,12960,'2019-03-08 14:55:43'),(699,2,20,105,12960,'2019-03-08 14:55:43'),(700,2,20,101,27360,'2019-03-08 14:56:32'),(701,2,20,104,12960,'2019-03-08 14:56:32'),(702,2,20,105,12960,'2019-03-08 14:56:32'),(703,2,20,101,27360,'2019-03-08 14:56:40'),(704,2,20,104,12960,'2019-03-08 14:56:40'),(705,2,20,105,12960,'2019-03-08 14:56:40'),(706,2,20,101,27360,'2019-03-08 14:57:35'),(707,2,47,102,10,'2019-03-08 14:57:35'),(708,2,20,104,12960,'2019-03-08 14:57:35'),(709,2,20,105,12960,'2019-03-08 14:57:35'),(710,2,20,101,27360,'2019-03-08 14:57:40'),(711,2,20,104,12960,'2019-03-08 14:57:40'),(712,2,20,105,12960,'2019-03-08 14:57:40'),(713,2,20,101,27360,'2019-03-08 14:57:52'),(714,2,20,104,12960,'2019-03-08 14:57:52'),(715,2,20,105,12960,'2019-03-08 14:57:52'),(716,2,20,101,27360,'2019-03-08 14:59:26'),(717,2,20,104,12960,'2019-03-08 14:59:26'),(718,2,20,105,12960,'2019-03-08 14:59:26'),(719,2,20,101,27360,'2019-03-08 14:59:31'),(720,2,20,104,12960,'2019-03-08 14:59:31'),(721,2,20,105,12960,'2019-03-08 14:59:31'),(722,2,20,101,27360,'2019-03-08 14:59:38'),(723,2,20,104,12960,'2019-03-08 14:59:38'),(724,2,20,105,12960,'2019-03-08 14:59:38'),(725,2,20,101,27360,'2019-03-08 15:00:48'),(726,2,20,104,12960,'2019-03-08 15:00:48'),(727,2,20,105,12960,'2019-03-08 15:00:48'),(728,2,20,101,27360,'2019-03-08 15:01:11'),(729,2,20,104,12960,'2019-03-08 15:01:11'),(730,2,20,105,12960,'2019-03-08 15:01:11'),(731,2,20,101,27360,'2019-03-08 15:02:00'),(732,2,20,104,12960,'2019-03-08 15:02:00'),(733,2,20,105,12960,'2019-03-08 15:02:00'),(734,2,20,101,27360,'2019-03-08 15:02:05'),(735,2,20,104,12960,'2019-03-08 15:02:05'),(736,2,20,105,12960,'2019-03-08 15:02:05'),(737,2,20,101,27360,'2019-03-08 15:02:18'),(738,2,47,102,10,'2019-03-08 15:02:18'),(739,2,20,104,12960,'2019-03-08 15:02:18'),(740,2,20,105,12960,'2019-03-08 15:02:18'),(741,2,20,101,123424,'2019-03-08 15:04:58'),(742,2,20,104,58464,'2019-03-08 15:04:58'),(743,2,20,105,58464,'2019-03-08 15:04:58'),(744,2,20,101,19,'2019-03-08 15:05:04'),(745,2,20,104,9,'2019-03-08 15:05:04'),(746,2,20,105,9,'2019-03-08 15:05:04'),(747,2,20,101,19,'2019-03-08 15:05:09'),(748,2,20,104,9,'2019-03-08 15:05:09'),(749,2,20,105,9,'2019-03-08 15:05:09'),(750,2,20,101,228,'2019-03-08 15:06:10'),(751,2,20,104,108,'2019-03-08 15:06:10'),(752,2,20,105,108,'2019-03-08 15:06:10'),(753,2,20,101,27360,'2019-03-08 15:06:16'),(754,2,20,104,12960,'2019-03-08 15:06:16'),(755,2,20,105,12960,'2019-03-08 15:06:16'),(756,2,20,101,57,'2019-03-08 15:06:25'),(757,2,20,104,27,'2019-03-08 15:06:25'),(758,2,20,105,27,'2019-03-08 15:06:25'),(759,2,20,101,27360,'2019-03-08 15:07:41'),(760,2,20,104,12960,'2019-03-08 15:07:41'),(761,2,20,105,12960,'2019-03-08 15:07:41'),(762,2,20,101,304,'2019-03-08 15:07:47'),(763,2,20,104,144,'2019-03-08 15:07:47'),(764,2,20,105,144,'2019-03-08 15:07:47'),(765,2,20,101,180,'2019-03-08 15:08:36'),(766,2,20,104,81,'2019-03-08 15:08:36'),(767,2,20,105,117,'2019-03-08 15:08:36'),(768,2,20,101,28800,'2019-03-08 15:09:21'),(769,2,20,104,12960,'2019-03-08 15:09:21'),(770,2,20,105,18720,'2019-03-08 15:09:21'),(771,2,20,101,28800,'2019-03-08 15:10:45'),(772,2,20,104,12960,'2019-03-08 15:10:45'),(773,2,20,105,18720,'2019-03-08 15:10:45'),(774,2,20,101,580,'2019-03-08 15:11:06'),(775,2,20,104,261,'2019-03-08 15:11:06'),(776,2,20,105,377,'2019-03-08 15:11:06'),(777,2,20,101,28800,'2019-03-08 15:27:26'),(778,2,20,104,12960,'2019-03-08 15:27:26'),(779,2,20,105,18720,'2019-03-08 15:27:26'),(780,2,20,101,3940,'2019-03-08 15:27:34'),(781,2,20,104,1773,'2019-03-08 15:27:34'),(782,2,20,105,2561,'2019-03-08 15:27:34'),(783,2,20,101,28800,'2019-03-08 15:27:53'),(784,2,47,102,10,'2019-03-08 15:27:53'),(785,2,20,104,12960,'2019-03-08 15:27:53'),(786,2,20,105,18720,'2019-03-08 15:27:53'),(787,2,20,101,28800,'2019-03-08 15:32:44'),(788,2,20,104,12960,'2019-03-08 15:32:44'),(789,2,20,105,18720,'2019-03-08 15:32:44'),(790,2,20,101,1260,'2019-03-08 15:32:50'),(791,2,20,104,567,'2019-03-08 15:32:50'),(792,2,20,105,819,'2019-03-08 15:32:50'),(793,2,20,101,28800,'2019-03-08 15:44:04'),(794,2,20,104,12960,'2019-03-08 15:44:04'),(795,2,20,105,18720,'2019-03-08 15:44:04'),(796,2,20,101,2700,'2019-03-08 15:44:08'),(797,2,20,104,1215,'2019-03-08 15:44:08'),(798,2,20,105,1755,'2019-03-08 15:44:08'),(799,2,20,101,20,'2019-03-08 15:44:15'),(800,2,20,104,9,'2019-03-08 15:44:15'),(801,2,20,105,13,'2019-03-08 15:44:15'),(802,2,20,101,28800,'2019-03-08 15:44:17'),(803,2,20,104,12960,'2019-03-08 15:44:17'),(804,2,20,105,18720,'2019-03-08 15:44:17'),(805,1,20,101,21600,'2019-03-08 15:46:18'),(806,1,20,104,7200,'2019-03-08 15:46:18'),(807,1,20,105,4320,'2019-03-08 15:46:18'),(808,2,20,101,120060,'2019-03-09 00:04:34'),(809,2,20,104,54027,'2019-03-09 00:04:34'),(810,2,20,105,78039,'2019-03-09 00:04:34'),(811,2,20,101,320,'2019-03-09 00:05:56'),(812,2,20,104,144,'2019-03-09 00:05:56'),(813,2,20,105,208,'2019-03-09 00:05:56'),(814,2,20,101,28800,'2019-03-09 00:05:59'),(815,2,20,104,12960,'2019-03-09 00:05:59'),(816,2,20,105,18720,'2019-03-09 00:05:59'),(817,2,20,101,54720,'2019-03-09 03:53:59'),(818,2,20,104,24624,'2019-03-09 03:53:59'),(819,2,20,105,35568,'2019-03-09 03:53:59'),(820,2,20,101,28800,'2019-03-09 03:54:04'),(821,2,47,102,10,'2019-03-09 03:54:04'),(822,2,20,104,12960,'2019-03-09 03:54:04'),(823,2,20,105,18720,'2019-03-09 03:54:04'),(824,3,20,101,21600,'2019-03-09 05:22:14'),(825,3,47,102,10,'2019-03-09 05:22:14'),(826,3,47,102,10,'2019-03-09 05:22:14'),(827,3,47,102,10,'2019-03-09 05:22:14'),(828,3,47,102,10,'2019-03-09 05:22:14'),(829,3,47,102,10,'2019-03-09 05:22:14'),(830,3,47,102,10,'2019-03-09 05:22:14'),(831,3,47,102,10,'2019-03-09 05:22:14'),(832,3,47,102,10,'2019-03-09 05:22:14'),(833,3,47,102,10,'2019-03-09 05:22:14'),(834,3,47,102,10,'2019-03-09 05:22:14'),(835,3,47,102,10,'2019-03-09 05:22:14'),(836,3,20,104,7200,'2019-03-09 05:22:14'),(837,3,20,105,4320,'2019-03-09 05:22:14'),(838,2,20,101,24480,'2019-03-09 05:35:59'),(839,2,20,104,11016,'2019-03-09 05:35:59'),(840,2,20,105,15912,'2019-03-09 05:35:59'),(841,2,20,101,28800,'2019-03-09 05:36:17'),(842,2,20,104,12960,'2019-03-09 05:36:17'),(843,2,20,105,18720,'2019-03-09 05:36:17'),(844,2,20,101,28800,'2019-03-09 05:38:08'),(845,2,20,104,12960,'2019-03-09 05:38:08'),(846,2,20,105,18720,'2019-03-09 05:38:08'),(847,2,20,101,820,'2019-03-09 05:39:25'),(848,2,20,104,369,'2019-03-09 05:39:25'),(849,2,20,105,533,'2019-03-09 05:39:25'),(850,2,20,101,1300,'2019-03-09 05:44:50'),(851,2,20,104,585,'2019-03-09 05:44:50'),(852,2,20,105,845,'2019-03-09 05:44:50'),(853,2,20,101,28800,'2019-03-09 05:44:56'),(854,2,20,104,12960,'2019-03-09 05:44:56'),(855,2,20,105,18720,'2019-03-09 05:44:56'),(856,2,20,101,1100,'2019-03-09 05:49:27'),(857,2,20,104,495,'2019-03-09 05:49:27'),(858,2,20,105,715,'2019-03-09 05:49:27'),(859,2,20,101,28800,'2019-03-09 05:49:34'),(860,2,20,104,12960,'2019-03-09 05:49:34'),(861,2,20,105,18720,'2019-03-09 05:49:34'),(862,1,20,101,824040,'2019-03-09 06:24:26'),(863,1,47,102,10,'2019-03-09 06:24:26'),(864,1,47,102,10,'2019-03-09 06:24:26'),(865,1,47,102,10,'2019-03-09 06:24:26'),(866,1,47,102,10,'2019-03-09 06:24:26'),(867,1,20,104,274680,'2019-03-09 06:24:26'),(868,1,20,105,164808,'2019-03-09 06:24:26'),(869,1,20,101,21600,'2019-03-09 06:24:32'),(870,1,20,104,7200,'2019-03-09 06:24:32'),(871,1,20,105,4320,'2019-03-09 06:24:32'),(872,1,20,101,180,'2019-03-09 06:25:29'),(873,1,20,104,60,'2019-03-09 06:25:29'),(874,1,20,105,36,'2019-03-09 06:25:29'),(875,1,20,101,540,'2019-03-09 06:28:30'),(876,1,20,104,180,'2019-03-09 06:28:30'),(877,1,20,105,108,'2019-03-09 06:28:30'),(878,1,20,101,21600,'2019-03-09 06:28:36'),(879,1,20,104,7200,'2019-03-09 06:28:36'),(880,1,20,105,4320,'2019-03-09 06:28:36'),(881,2,20,101,10080,'2019-03-09 06:31:31'),(882,2,20,104,4536,'2019-03-09 06:31:31'),(883,2,20,105,6552,'2019-03-09 06:31:31'),(884,2,20,101,40,'2019-03-09 06:31:46'),(885,2,20,104,18,'2019-03-09 06:31:46'),(886,2,20,105,26,'2019-03-09 06:31:46'),(887,2,20,101,2520,'2019-03-09 06:42:20'),(888,2,20,104,1134,'2019-03-09 06:42:20'),(889,2,20,105,1638,'2019-03-09 06:42:20'),(890,2,20,101,560,'2019-03-09 06:44:44'),(891,2,20,104,252,'2019-03-09 06:44:44'),(892,2,20,105,364,'2019-03-09 06:44:44'),(893,2,20,101,28800,'2019-03-09 06:45:18'),(894,2,20,104,12960,'2019-03-09 06:45:18'),(895,2,20,105,18720,'2019-03-09 06:45:18'),(896,2,20,101,260,'2019-03-09 06:45:49'),(897,2,20,104,117,'2019-03-09 06:45:49'),(898,2,20,105,169,'2019-03-09 06:45:49'),(899,2,20,101,500,'2019-03-09 06:47:59'),(900,2,20,104,225,'2019-03-09 06:47:59'),(901,2,20,105,325,'2019-03-09 06:47:59'),(902,1,20,101,4275,'2019-03-09 06:52:19'),(903,1,20,104,1425,'2019-03-09 06:52:19'),(904,1,20,105,855,'2019-03-09 06:52:19'),(905,2,20,101,53060,'2019-03-09 10:29:05'),(906,2,20,104,23877,'2019-03-09 10:29:05'),(907,2,20,105,34489,'2019-03-09 10:29:05'),(908,2,20,101,28800,'2019-03-09 12:02:56'),(909,2,20,104,12960,'2019-03-09 12:02:56'),(910,2,20,105,18720,'2019-03-09 12:02:56'),(911,2,20,101,28800,'2019-03-09 12:05:36'),(912,2,20,104,14400,'2019-03-09 12:05:36'),(913,2,20,105,18720,'2019-03-09 12:05:36'),(914,2,20,101,23160,'2019-03-09 12:05:39'),(915,2,20,104,11580,'2019-03-09 12:05:39'),(916,2,20,105,15054,'2019-03-09 12:05:39'),(917,2,20,101,20,'2019-03-09 12:05:47'),(918,2,20,104,10,'2019-03-09 12:05:47'),(919,2,20,105,13,'2019-03-09 12:05:47'),(920,2,20,101,8840,'2019-03-09 12:42:38'),(921,2,20,104,4420,'2019-03-09 12:42:38'),(922,2,20,105,5746,'2019-03-09 12:42:38'),(923,2,20,101,2900,'2019-03-09 12:54:47'),(924,2,20,104,1450,'2019-03-09 12:54:47'),(925,2,20,105,1885,'2019-03-09 12:54:47'),(926,2,20,101,20,'2019-03-09 12:54:53'),(927,2,20,104,10,'2019-03-09 12:54:53'),(928,2,20,105,13,'2019-03-09 12:54:53'),(929,2,20,101,3020,'2019-03-09 13:07:28'),(930,2,20,104,1510,'2019-03-09 13:07:28'),(931,2,20,105,1963,'2019-03-09 13:07:28'),(932,2,20,101,20340,'2019-03-09 14:32:18'),(933,2,47,102,10,'2019-03-09 14:32:18'),(934,2,20,104,10170,'2019-03-09 14:32:18'),(935,2,20,105,13221,'2019-03-09 14:32:18'),(936,2,20,101,28800,'2019-03-09 14:33:11'),(937,2,20,104,14400,'2019-03-09 14:33:11'),(938,2,20,105,18720,'2019-03-09 14:33:11'),(939,2,20,101,28800,'2019-03-09 14:38:22'),(940,2,20,104,14400,'2019-03-09 14:38:22'),(941,2,20,105,18720,'2019-03-09 14:38:22'),(942,2,20,101,1480,'2019-03-09 14:38:30'),(943,2,20,104,740,'2019-03-09 14:38:30'),(944,2,20,105,962,'2019-03-09 14:38:30'),(945,1,20,101,204870,'2019-03-10 01:50:29'),(946,1,47,102,10,'2019-03-10 01:50:29'),(947,1,20,104,68290,'2019-03-10 01:50:29'),(948,1,20,105,40974,'2019-03-10 01:50:29'),(949,1,20,101,15,'2019-03-10 01:50:35'),(950,1,20,104,5,'2019-03-10 01:50:35'),(951,1,20,105,3,'2019-03-10 01:50:35'),(952,2,20,101,191980,'2019-03-10 03:58:26'),(953,2,20,104,95990,'2019-03-10 03:58:26'),(954,2,20,105,124787,'2019-03-10 03:58:26'),(955,2,20,101,28800,'2019-03-10 03:58:32'),(956,2,20,104,14400,'2019-03-10 03:58:32'),(957,2,20,105,18720,'2019-03-10 03:58:32'),(958,2,20,101,11620,'2019-03-10 04:46:53'),(959,2,20,104,5810,'2019-03-10 04:46:53'),(960,2,20,105,7553,'2019-03-10 04:46:53'),(961,2,20,101,28800,'2019-03-10 04:49:08'),(962,2,47,102,10,'2019-03-10 04:49:08'),(963,2,20,104,14400,'2019-03-10 04:49:08'),(964,2,20,105,18720,'2019-03-10 04:49:08'),(965,2,20,101,31680,'2019-03-10 04:49:15'),(966,2,20,104,14400,'2019-03-10 04:49:15'),(967,2,20,105,21600,'2019-03-10 04:49:15'),(968,2,20,101,31680,'2019-03-10 04:49:16'),(969,2,20,104,14400,'2019-03-10 04:49:16'),(970,2,20,105,21600,'2019-03-10 04:49:16'),(971,2,20,101,726,'2019-03-10 04:49:38'),(972,2,20,104,330,'2019-03-10 04:49:38'),(973,2,20,105,495,'2019-03-10 04:49:38'),(974,1,20,101,34890,'2019-03-10 05:04:28'),(975,1,20,104,11630,'2019-03-10 05:04:28'),(976,1,20,105,6978,'2019-03-10 05:04:28'),(977,1,20,101,21600,'2019-03-10 05:04:32'),(978,1,20,104,7200,'2019-03-10 05:04:32'),(979,1,20,105,4320,'2019-03-10 05:04:32'),(980,2,20,101,31680,'2019-03-10 05:13:24'),(981,2,20,104,14400,'2019-03-10 05:13:24'),(982,2,20,105,21600,'2019-03-10 05:13:24'),(983,2,20,101,43670,'2019-03-10 07:35:04'),(984,2,20,104,19850,'2019-03-10 07:35:04'),(985,2,20,105,29775,'2019-03-10 07:35:04'),(986,2,20,101,44,'2019-03-10 07:35:15'),(987,2,20,104,20,'2019-03-10 07:35:15'),(988,2,20,105,30,'2019-03-10 07:35:15'),(989,2,20,101,19514,'2019-03-10 08:49:14'),(990,2,20,104,8870,'2019-03-10 08:49:14'),(991,2,20,105,13305,'2019-03-10 08:49:14'),(992,2,20,101,31680,'2019-03-10 08:55:50'),(993,2,20,104,14400,'2019-03-10 08:55:50'),(994,2,20,105,21600,'2019-03-10 08:55:50'),(995,2,20,101,2024,'2019-03-10 08:56:56'),(996,2,20,104,1012,'2019-03-10 08:56:56'),(997,2,20,105,1380,'2019-03-10 08:56:56'),(998,2,20,101,31680,'2019-03-10 09:01:05'),(999,2,20,104,15840,'2019-03-10 09:01:05'),(1000,2,20,105,21600,'2019-03-10 09:01:05'),(1001,2,20,101,1188,'2019-03-10 09:01:30'),(1002,2,20,104,594,'2019-03-10 09:01:30'),(1003,2,20,105,810,'2019-03-10 09:01:30'),(1004,2,20,101,22,'2019-03-10 09:01:36'),(1005,2,20,104,11,'2019-03-10 09:01:36'),(1006,2,20,105,15,'2019-03-10 09:01:36'),(1007,2,20,101,2816,'2019-03-10 09:12:17'),(1008,2,20,104,1408,'2019-03-10 09:12:17'),(1009,2,20,105,1920,'2019-03-10 09:12:17'),(1010,2,20,101,31680,'2019-03-10 09:12:20'),(1011,2,20,104,15840,'2019-03-10 09:12:20'),(1012,2,20,105,21600,'2019-03-10 09:12:20'),(1013,2,20,101,22,'2019-03-10 09:12:23'),(1014,2,20,104,11,'2019-03-10 09:12:23'),(1015,2,20,105,15,'2019-03-10 09:12:23'),(1016,2,20,101,396,'2019-03-10 09:13:57'),(1017,2,20,104,198,'2019-03-10 09:13:57'),(1018,2,20,105,270,'2019-03-10 09:13:57'),(1019,2,20,101,286,'2019-03-10 09:15:05'),(1020,2,20,104,143,'2019-03-10 09:15:05'),(1021,2,20,105,195,'2019-03-10 09:15:05'),(1022,2,20,101,2266,'2019-03-10 09:23:44'),(1023,2,20,104,1133,'2019-03-10 09:23:44'),(1024,2,20,105,1545,'2019-03-10 09:23:44'),(1025,2,20,101,198,'2019-03-10 09:24:32'),(1026,2,20,104,99,'2019-03-10 09:24:32'),(1027,2,20,105,135,'2019-03-10 09:24:32'),(1028,2,20,101,440,'2019-03-10 09:26:16'),(1029,2,20,104,220,'2019-03-10 09:26:16'),(1030,2,20,105,300,'2019-03-10 09:26:16'),(1031,2,20,101,31680,'2019-03-10 09:26:35'),(1032,2,20,104,15840,'2019-03-10 09:26:35'),(1033,2,20,105,21600,'2019-03-10 09:26:35'),(1034,2,20,101,242,'2019-03-10 09:27:16'),(1035,2,20,104,121,'2019-03-10 09:27:16'),(1036,2,20,105,165,'2019-03-10 09:27:16'),(1037,2,20,101,176,'2019-03-10 09:27:59'),(1038,2,20,104,88,'2019-03-10 09:27:59'),(1039,2,20,105,120,'2019-03-10 09:27:59'),(1040,2,20,101,440,'2019-03-10 09:29:40'),(1041,2,20,104,220,'2019-03-10 09:29:40'),(1042,2,20,105,300,'2019-03-10 09:29:40'),(1043,2,20,101,88,'2019-03-10 09:30:01'),(1044,2,20,104,44,'2019-03-10 09:30:01'),(1045,2,20,105,60,'2019-03-10 09:30:01'),(1046,2,20,101,31680,'2019-03-10 09:30:06'),(1047,2,20,104,15840,'2019-03-10 09:30:06'),(1048,2,20,105,21600,'2019-03-10 09:30:06'),(1049,2,20,101,5016,'2019-03-10 09:49:04'),(1050,2,47,102,10,'2019-03-10 09:49:04'),(1051,2,20,104,2508,'2019-03-10 09:49:04'),(1052,2,20,105,3420,'2019-03-10 09:49:04'),(1053,2,20,101,22,'2019-03-10 09:49:11'),(1054,2,20,104,11,'2019-03-10 09:49:11'),(1055,2,20,105,15,'2019-03-10 09:49:11'),(1056,2,20,101,11660,'2019-03-10 10:33:23'),(1057,2,20,104,5830,'2019-03-10 10:33:23'),(1058,2,20,105,7950,'2019-03-10 10:33:23'),(1059,2,20,101,814,'2019-03-10 10:36:29'),(1060,2,20,104,407,'2019-03-10 10:36:29'),(1061,2,20,105,555,'2019-03-10 10:36:29'),(1062,2,20,101,220,'2019-03-10 10:37:24'),(1063,2,20,104,110,'2019-03-10 10:37:24'),(1064,2,20,105,150,'2019-03-10 10:37:24'),(1065,2,20,101,13332,'2019-03-10 11:27:58'),(1066,2,20,104,6666,'2019-03-10 11:27:58'),(1067,2,20,105,9090,'2019-03-10 11:27:58'),(1068,2,20,101,31680,'2019-03-10 11:35:38'),(1069,2,20,104,15840,'2019-03-10 11:35:38'),(1070,2,20,105,21600,'2019-03-10 11:35:38'),(1071,1,20,101,73455,'2019-03-10 11:52:35'),(1072,1,20,104,24485,'2019-03-10 11:52:35'),(1073,1,20,105,14691,'2019-03-10 11:52:35'),(1074,1,20,101,15,'2019-03-10 11:52:40'),(1075,1,20,104,5,'2019-03-10 11:52:40'),(1076,1,20,105,3,'2019-03-10 11:52:40'),(1077,1,20,101,15,'2019-03-10 11:52:45'),(1078,1,20,104,5,'2019-03-10 11:52:45'),(1079,1,20,105,3,'2019-03-10 11:52:45'),(1080,2,20,101,41778,'2019-03-10 14:06:17'),(1081,2,20,104,20889,'2019-03-10 14:06:17'),(1082,2,20,105,28485,'2019-03-10 14:06:17'),(1083,2,20,101,1606,'2019-03-10 14:12:23'),(1084,2,20,104,803,'2019-03-10 14:12:23'),(1085,2,20,105,1095,'2019-03-10 14:12:23'),(1086,2,20,101,36000,'2019-03-10 14:12:33'),(1087,2,20,104,15840,'2019-03-10 14:12:33'),(1088,2,20,105,24480,'2019-03-10 14:12:33'),(1089,2,20,101,3475,'2019-03-10 14:24:01'),(1090,2,20,104,1529,'2019-03-10 14:24:01'),(1091,2,20,105,2363,'2019-03-10 14:24:01'),(1092,2,20,101,425,'2019-03-10 14:25:30'),(1093,2,20,104,187,'2019-03-10 14:25:30'),(1094,2,20,105,289,'2019-03-10 14:25:30'),(1095,2,20,101,2525,'2019-03-10 14:33:56'),(1096,2,20,104,1111,'2019-03-10 14:33:56'),(1097,2,20,105,1717,'2019-03-10 14:33:56'),(1098,2,20,101,36000,'2019-03-10 14:34:14'),(1099,2,20,104,15840,'2019-03-10 14:34:14'),(1100,2,20,105,24480,'2019-03-10 14:34:14'),(1101,2,20,101,300,'2019-03-10 14:34:57'),(1102,2,20,104,132,'2019-03-10 14:34:57'),(1103,2,20,105,204,'2019-03-10 14:34:57'),(1104,2,20,101,36000,'2019-03-10 14:35:06'),(1105,2,20,104,15840,'2019-03-10 14:35:06'),(1106,2,20,105,24480,'2019-03-10 14:35:06'),(1107,2,20,101,75,'2019-03-10 14:35:17'),(1108,2,20,104,33,'2019-03-10 14:35:17'),(1109,2,20,105,51,'2019-03-10 14:35:17'),(1110,2,20,101,450,'2019-03-10 14:36:51'),(1111,2,20,104,198,'2019-03-10 14:36:51'),(1112,2,20,105,306,'2019-03-10 14:36:51'),(1113,2,20,101,25,'2019-03-10 14:36:57'),(1114,2,20,104,11,'2019-03-10 14:36:57'),(1115,2,20,105,17,'2019-03-10 14:36:57'),(1116,2,20,101,225,'2019-03-10 14:37:46'),(1117,2,20,104,99,'2019-03-10 14:37:46'),(1118,2,20,105,153,'2019-03-10 14:37:46'),(1119,2,20,101,25,'2019-03-10 14:37:52'),(1120,2,20,104,11,'2019-03-10 14:37:52'),(1121,2,20,105,17,'2019-03-10 14:37:52'),(1122,2,20,101,25,'2019-03-10 14:37:57'),(1123,2,20,104,11,'2019-03-10 14:37:57'),(1124,2,20,105,17,'2019-03-10 14:37:57'),(1125,2,20,101,36000,'2019-03-10 14:41:16'),(1126,2,20,104,15840,'2019-03-10 14:41:16'),(1127,2,20,105,24480,'2019-03-10 14:41:16'),(1128,2,20,101,1175,'2019-03-10 14:41:55'),(1129,2,20,104,517,'2019-03-10 14:41:55'),(1130,2,20,105,799,'2019-03-10 14:41:55'),(1131,2,20,101,375,'2019-03-10 14:43:12'),(1132,2,20,104,165,'2019-03-10 14:43:12'),(1133,2,20,105,255,'2019-03-10 14:43:12'),(1134,2,20,101,6650,'2019-03-10 15:05:23'),(1135,2,20,104,2926,'2019-03-10 15:05:23'),(1136,2,20,105,4522,'2019-03-10 15:05:23'),(1137,2,20,101,300,'2019-03-10 15:06:27'),(1138,2,20,104,132,'2019-03-10 15:06:27'),(1139,2,20,105,204,'2019-03-10 15:06:27'),(1140,2,20,101,36000,'2019-03-10 15:06:30'),(1141,2,20,104,15840,'2019-03-10 15:06:30'),(1142,2,20,105,24480,'2019-03-10 15:06:30'),(1143,2,20,101,25,'2019-03-10 15:06:36'),(1144,2,20,104,11,'2019-03-10 15:06:36'),(1145,2,20,105,17,'2019-03-10 15:06:36'),(1146,2,20,101,50,'2019-03-10 15:06:47'),(1147,2,20,104,22,'2019-03-10 15:06:47'),(1148,2,20,105,34,'2019-03-10 15:06:47'),(1149,2,20,101,193875,'2019-03-11 01:53:04'),(1150,2,47,102,10,'2019-03-11 01:53:04'),(1151,2,20,104,85305,'2019-03-11 01:53:04'),(1152,2,20,105,131835,'2019-03-11 01:53:04'),(1153,2,20,101,36000,'2019-03-11 01:53:19'),(1154,2,20,104,15840,'2019-03-11 01:53:19'),(1155,2,20,105,24480,'2019-03-11 01:53:19'),(1156,2,20,101,36000,'2019-03-11 02:06:42'),(1157,2,20,104,15840,'2019-03-11 02:06:42'),(1158,2,20,105,24480,'2019-03-11 02:06:42'),(1159,2,20,101,4100,'2019-03-11 02:06:45'),(1160,2,20,104,1804,'2019-03-11 02:06:45'),(1161,2,20,105,2788,'2019-03-11 02:06:45'),(1162,2,20,101,2950,'2019-03-11 02:16:35'),(1163,2,20,104,1298,'2019-03-11 02:16:35'),(1164,2,20,105,2006,'2019-03-11 02:16:35'),(1165,2,20,101,5450,'2019-03-11 02:34:49'),(1166,2,20,104,2398,'2019-03-11 02:34:49'),(1167,2,20,105,3706,'2019-03-11 02:34:49'),(1168,2,20,101,151475,'2019-03-11 10:59:48'),(1169,2,20,104,66649,'2019-03-11 10:59:48'),(1170,2,20,105,103003,'2019-03-11 10:59:48'),(1171,2,20,101,36000,'2019-03-11 10:59:51'),(1172,2,20,104,15840,'2019-03-11 10:59:51'),(1173,2,20,105,24480,'2019-03-11 10:59:51'),(1174,2,20,101,24625,'2019-03-11 12:21:57'),(1175,2,47,102,10,'2019-03-11 12:21:57'),(1176,2,20,104,10835,'2019-03-11 12:21:57'),(1177,2,20,105,16745,'2019-03-11 12:21:57'),(1178,2,20,101,36000,'2019-03-11 12:22:11'),(1179,2,20,104,15840,'2019-03-11 12:22:11'),(1180,2,20,105,24480,'2019-03-11 12:22:11'),(1181,2,20,101,400,'2019-03-11 12:23:20'),(1182,2,20,104,176,'2019-03-11 12:23:20'),(1183,2,20,105,272,'2019-03-11 12:23:20'),(1184,2,20,101,23600,'2019-03-11 13:42:01'),(1185,2,20,104,10384,'2019-03-11 13:42:01'),(1186,2,20,105,16048,'2019-03-11 13:42:01'),(1187,2,20,101,8275,'2019-03-11 14:09:39'),(1188,2,20,104,3641,'2019-03-11 14:09:39'),(1189,2,20,105,5627,'2019-03-11 14:09:39'),(1190,1,20,101,286830,'2019-03-11 14:26:16'),(1191,1,47,102,10,'2019-03-11 14:26:16'),(1192,1,20,104,95610,'2019-03-11 14:26:16'),(1193,1,20,105,57366,'2019-03-11 14:26:16'),(1194,2,20,101,15650,'2019-03-11 15:01:51'),(1195,2,20,104,6886,'2019-03-11 15:01:51'),(1196,2,20,105,10642,'2019-03-11 15:01:51'),(1197,2,20,101,36000,'2019-03-11 15:01:55'),(1198,2,20,104,15840,'2019-03-11 15:01:55'),(1199,2,20,105,24480,'2019-03-11 15:01:55'),(1200,2,20,101,36000,'2019-03-11 15:05:06'),(1201,2,20,104,15840,'2019-03-11 15:05:06'),(1202,2,20,105,24480,'2019-03-11 15:05:06'),(1203,2,20,101,975,'2019-03-11 15:05:09'),(1204,2,20,104,429,'2019-03-11 15:05:09'),(1205,2,20,105,663,'2019-03-11 15:05:09'),(1206,2,20,101,725,'2019-03-11 15:07:36'),(1207,2,20,104,319,'2019-03-11 15:07:36'),(1208,2,20,105,493,'2019-03-11 15:07:36'),(1209,2,20,101,50,'2019-03-11 15:07:50'),(1210,2,20,104,22,'2019-03-11 15:07:50'),(1211,2,20,105,34,'2019-03-11 15:07:50'),(1212,2,20,101,3000,'2019-03-11 15:17:51'),(1213,2,20,104,1320,'2019-03-11 15:17:51'),(1214,2,20,105,2040,'2019-03-11 15:17:51'),(1215,2,20,101,875,'2019-03-11 15:20:47'),(1216,2,20,104,385,'2019-03-11 15:20:47'),(1217,2,20,105,595,'2019-03-11 15:20:47'),(1218,2,20,101,36000,'2019-03-11 15:20:50'),(1219,2,20,104,15840,'2019-03-11 15:20:50'),(1220,2,20,105,24480,'2019-03-11 15:20:50'),(1221,2,20,101,157300,'2019-03-12 00:05:11'),(1222,2,20,104,69212,'2019-03-12 00:05:11'),(1223,2,20,105,106964,'2019-03-12 00:05:11'),(1224,1,20,101,109635,'2019-03-12 00:35:23'),(1225,1,20,104,36545,'2019-03-12 00:35:23'),(1226,1,20,105,21927,'2019-03-12 00:35:23'),(1227,1,20,101,21600,'2019-03-12 00:35:32'),(1228,1,47,102,10,'2019-03-12 00:35:32'),(1229,1,20,104,8640,'2019-03-12 00:35:32'),(1230,1,20,105,4320,'2019-03-12 00:35:32'),(1231,2,20,101,61775,'2019-03-12 03:31:08'),(1232,2,47,102,10,'2019-03-12 03:31:08'),(1233,2,20,104,27181,'2019-03-12 03:31:08'),(1234,2,20,105,42007,'2019-03-12 03:31:08'),(1235,2,20,101,36000,'2019-03-12 03:31:12'),(1236,2,20,104,15840,'2019-03-12 03:31:12'),(1237,2,20,105,24480,'2019-03-12 03:31:12'),(1238,1,20,101,72255,'2019-03-12 07:16:49'),(1239,1,20,104,28902,'2019-03-12 07:16:49'),(1240,1,20,105,14451,'2019-03-12 07:16:49'),(1241,1,20,101,16485,'2019-03-12 08:48:27'),(1242,1,20,104,6594,'2019-03-12 08:48:27'),(1243,1,20,105,3297,'2019-03-12 08:48:27'),(1244,1,20,101,39915,'2019-03-12 12:30:13'),(1245,1,20,104,15966,'2019-03-12 12:30:13'),(1246,1,20,105,7983,'2019-03-12 12:30:13'),(1247,1,20,101,21600,'2019-03-12 12:30:17'),(1248,1,20,104,8640,'2019-03-12 12:30:17'),(1249,1,20,105,4320,'2019-03-12 12:30:17'),(1250,1,20,101,45,'2019-03-12 12:30:30'),(1251,1,20,104,21,'2019-03-12 12:30:30'),(1252,1,20,105,9,'2019-03-12 12:30:30'),(1253,1,20,101,15,'2019-03-12 12:30:35'),(1254,1,20,104,7,'2019-03-12 12:30:35'),(1255,1,20,105,3,'2019-03-12 12:30:35'),(1256,1,20,101,15,'2019-03-12 12:30:41'),(1257,1,20,104,7,'2019-03-12 12:30:41'),(1258,1,20,105,3,'2019-03-12 12:30:41'),(1259,2,20,101,182250,'2019-03-12 13:38:38'),(1260,2,20,104,80190,'2019-03-12 13:38:38'),(1261,2,20,105,123930,'2019-03-12 13:38:38'),(1262,2,20,101,10025,'2019-03-12 14:12:04'),(1263,2,20,104,4411,'2019-03-12 14:12:04'),(1264,2,20,105,6817,'2019-03-12 14:12:04'),(1265,1,20,101,21600,'2019-03-12 14:32:29'),(1266,1,20,104,10080,'2019-03-12 14:32:29'),(1267,1,20,105,4320,'2019-03-12 14:32:29'),(1268,1,20,101,21960,'2019-03-12 14:32:42'),(1269,1,20,104,10248,'2019-03-12 14:32:42'),(1270,1,20,105,4392,'2019-03-12 14:32:42'),(1271,1,20,101,21600,'2019-03-13 00:31:05'),(1272,1,20,104,10080,'2019-03-13 00:31:05'),(1273,1,20,105,4320,'2019-03-13 00:31:05'),(1274,2,20,101,199800,'2019-03-13 01:18:05'),(1275,2,47,102,10,'2019-03-13 01:18:05'),(1276,2,20,104,87912,'2019-03-13 01:18:05'),(1277,2,20,105,135864,'2019-03-13 01:18:05'),(1278,2,20,101,75,'2019-03-13 01:18:22'),(1279,2,20,104,33,'2019-03-13 01:18:22'),(1280,2,20,105,51,'2019-03-13 01:18:22'),(1281,2,20,101,36000,'2019-03-13 01:19:49'),(1282,2,20,104,15840,'2019-03-13 01:19:49'),(1283,2,20,105,24480,'2019-03-13 01:19:49'),(1284,2,20,101,82800,'2019-03-13 05:54:26'),(1285,2,20,104,36432,'2019-03-13 05:54:26'),(1286,2,20,105,56304,'2019-03-13 05:54:26'),(1287,2,20,101,50,'2019-03-13 05:54:38'),(1288,2,20,104,22,'2019-03-13 05:54:38'),(1289,2,20,105,34,'2019-03-13 05:54:38'),(1290,2,20,101,36000,'2019-03-13 05:54:42'),(1291,2,20,104,15840,'2019-03-13 05:54:42'),(1292,2,20,105,24480,'2019-03-13 05:54:42'),(1293,2,20,101,59400,'2019-03-13 09:12:42'),(1294,2,20,104,26136,'2019-03-13 09:12:42'),(1295,2,20,105,40392,'2019-03-13 09:12:42'),(1296,2,20,101,89250,'2019-03-13 14:10:15'),(1297,2,20,104,39270,'2019-03-13 14:10:15'),(1298,2,20,105,60690,'2019-03-13 14:10:15'),(1299,2,20,101,429525,'2019-03-14 14:02:02'),(1300,2,47,102,10,'2019-03-14 14:02:02'),(1301,2,20,104,188991,'2019-03-14 14:02:02'),(1302,2,20,105,292077,'2019-03-14 14:02:02'),(1303,1,20,101,513015,'2019-03-14 14:02:51'),(1304,1,47,102,10,'2019-03-14 14:02:51'),(1305,1,47,102,10,'2019-03-14 14:02:51'),(1306,1,20,104,239407,'2019-03-14 14:02:51'),(1307,1,20,105,102603,'2019-03-14 14:02:51'),(1308,1,20,101,21600,'2019-03-14 14:03:16'),(1309,1,20,104,10080,'2019-03-14 14:03:16'),(1310,1,20,105,4320,'2019-03-14 14:03:16'),(1311,2,20,101,306075,'2019-03-15 07:02:21'),(1312,2,47,102,10,'2019-03-15 07:02:21'),(1313,2,20,104,134673,'2019-03-15 07:02:21'),(1314,2,20,105,208131,'2019-03-15 07:02:21'),(1315,1,20,101,189480,'2019-03-15 07:35:33'),(1316,1,47,102,10,'2019-03-15 07:35:33'),(1317,1,20,104,88424,'2019-03-15 07:35:33'),(1318,1,20,105,37896,'2019-03-15 07:35:33'),(1319,2,20,101,103300,'2019-03-15 12:46:42'),(1320,2,20,104,45452,'2019-03-15 12:46:42'),(1321,2,20,105,70244,'2019-03-15 12:46:42'),(1322,2,20,101,468925,'2019-03-16 14:49:51'),(1323,2,47,102,10,'2019-03-16 14:49:51'),(1324,2,20,104,206327,'2019-03-16 14:49:51'),(1325,2,20,105,318869,'2019-03-16 14:49:51'),(1326,1,20,101,1832235,'2019-03-22 09:14:42'),(1327,1,47,102,10,'2019-03-22 09:14:42'),(1328,1,47,102,10,'2019-03-22 09:14:42'),(1329,1,47,102,10,'2019-03-22 09:14:42'),(1330,1,47,102,10,'2019-03-22 09:14:42'),(1331,1,47,102,10,'2019-03-22 09:14:42'),(1332,1,20,104,855043,'2019-03-22 09:14:42'),(1333,1,20,105,366447,'2019-03-22 09:14:42');
/*!40000 ALTER TABLE `log_item_go` ENABLE KEYS */;
UNLOCK TABLES;

--
-- Table structure for table `log_login`
--

DROP TABLE IF EXISTS `log_login`;
/*!40101 SET @saved_cs_client     = @@character_set_client */;
/*!40101 SET character_set_client = utf8 */;
CREATE TABLE `log_login` (
  `Id` int(11) NOT NULL AUTO_INCREMENT,
  `player_id` int(11) DEFAULT NULL,
  `login_time` timestamp NULL DEFAULT NULL,
  PRIMARY KEY (`Id`),
  KEY `player_id` (`player_id`)
) ENGINE=InnoDB AUTO_INCREMENT=2910 DEFAULT CHARSET=utf8;
/*!40101 SET character_set_client = @saved_cs_client */;

--
-- Dumping data for table `log_login`
--

LOCK TABLES `log_login` WRITE;
/*!40000 ALTER TABLE `log_login` DISABLE KEYS */;
INSERT INTO `log_login` VALUES (2224,1,'2019-02-28 05:29:37'),(2225,1,'2019-02-28 05:34:06'),(2226,1,'2019-02-28 05:39:42'),(2227,1,'2019-02-28 05:44:02'),(2228,1,'2019-02-28 05:54:26'),(2229,1,'2019-02-28 07:06:32'),(2230,1,'2019-02-28 07:21:10'),(2231,1,'2019-02-28 08:21:52'),(2232,1,'2019-02-28 08:25:03'),(2233,1,'2019-03-01 01:46:06'),(2234,1,'2019-03-01 01:54:31'),(2235,1,'2019-03-01 01:55:39'),(2236,1,'2019-03-01 01:58:15'),(2237,1,'2019-03-01 02:07:56'),(2238,1,'2019-03-01 02:08:55'),(2239,1,'2019-03-01 02:27:42'),(2240,1,'2019-03-01 03:09:09'),(2241,1,'2019-03-01 03:19:44'),(2242,1,'2019-03-01 03:24:44'),(2243,1,'2019-03-01 03:25:50'),(2244,1,'2019-03-01 03:58:45'),(2245,1,'2019-03-01 03:59:07'),(2246,1,'2019-03-01 04:00:04'),(2247,1,'2019-03-01 05:45:26'),(2248,1,'2019-03-01 05:49:15'),(2249,1,'2019-03-01 05:49:35'),(2250,1,'2019-03-01 05:52:46'),(2251,1,'2019-03-01 05:57:32'),(2252,1,'2019-03-01 05:58:12'),(2253,1,'2019-03-01 06:20:43'),(2254,1,'2019-03-01 06:22:42'),(2255,1,'2019-03-01 06:31:37'),(2256,1,'2019-03-01 06:34:22'),(2257,1,'2019-03-01 06:34:57'),(2258,1,'2019-03-01 06:47:35'),(2259,1,'2019-03-01 06:49:26'),(2260,1,'2019-03-01 06:50:25'),(2261,2,'2019-03-01 06:50:49'),(2262,1,'2019-03-01 06:51:51'),(2263,1,'2019-03-01 07:01:31'),(2264,1,'2019-03-01 07:02:41'),(2265,1,'2019-03-01 07:09:33'),(2266,1,'2019-03-01 07:19:41'),(2267,1,'2019-03-01 07:21:31'),(2268,1,'2019-03-01 07:24:10'),(2269,1,'2019-03-01 07:29:16'),(2270,1,'2019-03-01 07:32:41'),(2271,1,'2019-03-01 07:36:01'),(2272,1,'2019-03-01 07:49:23'),(2273,1,'2019-03-01 07:50:19'),(2274,1,'2019-03-01 08:12:53'),(2275,1,'2019-03-01 08:44:29'),(2276,1,'2019-03-01 08:45:33'),(2277,1,'2019-03-01 08:48:24'),(2278,1,'2019-03-01 08:55:48'),(2279,1,'2019-03-01 08:59:22'),(2280,1,'2019-03-01 09:01:42'),(2281,1,'2019-03-01 09:03:00'),(2282,1,'2019-03-01 09:15:27'),(2283,1,'2019-03-01 09:23:25'),(2284,1,'2019-03-01 09:27:05'),(2285,1,'2019-03-01 09:27:59'),(2286,1,'2019-03-01 09:28:39'),(2287,1,'2019-03-01 09:29:45'),(2288,1,'2019-03-01 10:09:15'),(2289,1,'2019-03-01 10:54:35'),(2290,1,'2019-03-01 11:12:33'),(2291,1,'2019-03-01 12:22:47'),(2292,1,'2019-03-01 12:25:30'),(2293,1,'2019-03-01 12:26:44'),(2294,1,'2019-03-01 12:27:48'),(2295,1,'2019-03-01 12:28:46'),(2296,1,'2019-03-01 12:41:32'),(2297,1,'2019-03-01 12:42:57'),(2298,1,'2019-03-01 12:44:07'),(2299,1,'2019-03-01 12:45:14'),(2300,1,'2019-03-01 12:46:01'),(2301,1,'2019-03-01 12:46:44'),(2302,1,'2019-03-01 12:49:15'),(2303,1,'2019-03-01 12:51:13'),(2304,1,'2019-03-01 12:55:25'),(2305,1,'2019-03-01 12:56:03'),(2306,1,'2019-03-01 13:04:01'),(2307,1,'2019-03-01 13:07:09'),(2308,1,'2019-03-01 13:09:55'),(2309,1,'2019-03-01 13:12:43'),(2310,1,'2019-03-01 13:15:02'),(2311,1,'2019-03-01 13:17:01'),(2312,1,'2019-03-01 13:17:51'),(2313,1,'2019-03-01 13:50:28'),(2314,1,'2019-03-01 13:52:21'),(2315,1,'2019-03-01 13:57:00'),(2316,1,'2019-03-01 14:18:45'),(2317,1,'2019-03-01 14:20:58'),(2318,1,'2019-03-01 14:21:51'),(2319,1,'2019-03-01 14:23:12'),(2320,1,'2019-03-01 14:24:03'),(2321,1,'2019-03-01 14:24:57'),(2322,1,'2019-03-01 14:29:03'),(2323,1,'2019-03-01 14:30:06'),(2324,1,'2019-03-01 14:32:38'),(2325,1,'2019-03-01 14:35:17'),(2326,1,'2019-03-01 14:47:37'),(2327,1,'2019-03-01 14:48:08'),(2328,1,'2019-03-01 14:53:58'),(2329,1,'2019-03-01 15:05:04'),(2330,1,'2019-03-01 15:21:59'),(2331,1,'2019-03-01 15:24:35'),(2332,1,'2019-03-01 15:26:29'),(2333,1,'2019-03-02 03:41:16'),(2334,1,'2019-03-02 03:46:09'),(2335,1,'2019-03-02 03:51:42'),(2336,1,'2019-03-02 04:08:11'),(2337,1,'2019-03-02 04:11:59'),(2338,1,'2019-03-02 04:17:11'),(2339,1,'2019-03-02 04:25:07'),(2340,1,'2019-03-02 04:25:39'),(2341,1,'2019-03-02 04:29:31'),(2342,1,'2019-03-02 04:31:31'),(2343,1,'2019-03-02 04:51:53'),(2344,1,'2019-03-02 04:52:23'),(2345,1,'2019-03-02 04:52:56'),(2346,1,'2019-03-02 04:54:25'),(2347,1,'2019-03-02 04:55:03'),(2348,1,'2019-03-02 04:56:12'),(2349,1,'2019-03-02 05:10:24'),(2350,1,'2019-03-02 05:16:54'),(2351,1,'2019-03-02 05:23:08'),(2352,1,'2019-03-02 05:24:22'),(2353,1,'2019-03-02 05:24:51'),(2354,1,'2019-03-02 05:41:59'),(2355,1,'2019-03-02 05:57:48'),(2356,1,'2019-03-02 05:58:48'),(2357,1,'2019-03-02 05:59:33'),(2358,1,'2019-03-02 06:00:41'),(2359,1,'2019-03-02 06:14:02'),(2360,1,'2019-03-02 06:15:19'),(2361,1,'2019-03-02 07:16:19'),(2362,1,'2019-03-02 07:40:54'),(2363,1,'2019-03-02 07:41:44'),(2364,1,'2019-03-02 08:31:00'),(2365,1,'2019-03-02 08:37:44'),(2366,1,'2019-03-02 08:59:22'),(2367,1,'2019-03-02 11:01:12'),(2368,1,'2019-03-02 12:44:37'),(2369,1,'2019-03-02 14:17:24'),(2370,1,'2019-03-02 15:13:42'),(2371,1,'2019-03-03 00:33:39'),(2372,1,'2019-03-03 00:56:20'),(2373,1,'2019-03-03 01:03:01'),(2374,1,'2019-03-03 01:05:22'),(2375,1,'2019-03-03 01:08:33'),(2376,1,'2019-03-03 01:10:41'),(2377,1,'2019-03-03 01:16:32'),(2378,1,'2019-03-03 01:17:05'),(2379,1,'2019-03-03 04:17:27'),(2380,1,'2019-03-03 05:11:37'),(2381,1,'2019-03-03 05:13:42'),(2382,1,'2019-03-03 05:15:15'),(2383,1,'2019-03-03 05:15:53'),(2384,1,'2019-03-03 05:17:30'),(2385,1,'2019-03-03 05:20:50'),(2386,1,'2019-03-03 05:22:01'),(2387,1,'2019-03-03 05:23:48'),(2388,1,'2019-03-03 05:25:37'),(2389,1,'2019-03-03 05:26:08'),(2390,1,'2019-03-03 05:26:52'),(2391,1,'2019-03-03 05:30:17'),(2392,1,'2019-03-03 06:46:26'),(2393,1,'2019-03-03 06:58:00'),(2394,1,'2019-03-03 07:00:29'),(2395,1,'2019-03-03 07:21:27'),(2396,1,'2019-03-03 07:26:02'),(2397,1,'2019-03-03 08:28:43'),(2398,1,'2019-03-03 08:30:06'),(2399,1,'2019-03-03 08:31:26'),(2400,1,'2019-03-03 08:34:51'),(2401,1,'2019-03-03 08:54:45'),(2402,1,'2019-03-03 08:55:31'),(2403,1,'2019-03-03 08:59:30'),(2404,1,'2019-03-03 08:59:51'),(2405,1,'2019-03-03 09:03:52'),(2406,1,'2019-03-03 09:04:15'),(2407,1,'2019-03-03 09:38:00'),(2408,1,'2019-03-03 09:41:34'),(2409,1,'2019-03-03 09:44:57'),(2410,1,'2019-03-03 09:46:46'),(2411,1,'2019-03-03 09:47:25'),(2412,1,'2019-03-03 09:53:25'),(2413,1,'2019-03-03 09:56:12'),(2414,1,'2019-03-03 09:58:19'),(2415,1,'2019-03-03 09:59:00'),(2416,1,'2019-03-03 10:02:06'),(2417,1,'2019-03-03 10:02:15'),(2418,1,'2019-03-03 10:03:51'),(2419,1,'2019-03-03 10:06:14'),(2420,1,'2019-03-03 10:08:07'),(2421,1,'2019-03-03 10:09:23'),(2422,1,'2019-03-03 10:09:59'),(2423,1,'2019-03-03 10:11:54'),(2424,1,'2019-03-03 10:13:10'),(2425,1,'2019-03-03 10:14:03'),(2426,1,'2019-03-03 10:14:33'),(2427,1,'2019-03-03 10:15:47'),(2428,1,'2019-03-03 10:20:16'),(2429,1,'2019-03-03 10:25:01'),(2430,1,'2019-03-03 10:26:13'),(2431,1,'2019-03-03 10:28:10'),(2432,1,'2019-03-03 10:29:21'),(2433,1,'2019-03-03 10:29:53'),(2434,1,'2019-03-03 10:30:41'),(2435,1,'2019-03-03 10:35:44'),(2436,1,'2019-03-03 10:36:36'),(2437,1,'2019-03-03 10:38:13'),(2438,1,'2019-03-03 10:40:40'),(2439,1,'2019-03-03 10:41:03'),(2440,1,'2019-03-03 10:42:21'),(2441,1,'2019-03-03 10:42:57'),(2442,1,'2019-03-03 10:43:43'),(2443,1,'2019-03-03 10:45:06'),(2444,1,'2019-03-03 11:44:19'),(2445,1,'2019-03-03 11:47:24'),(2446,1,'2019-03-03 11:54:58'),(2447,1,'2019-03-03 11:58:53'),(2448,1,'2019-03-03 12:04:39'),(2449,1,'2019-03-03 12:06:23'),(2450,1,'2019-03-03 12:13:12'),(2451,1,'2019-03-03 12:15:26'),(2452,1,'2019-03-03 12:25:43'),(2453,1,'2019-03-03 12:29:40'),(2454,1,'2019-03-03 12:31:57'),(2455,1,'2019-03-03 12:34:27'),(2456,1,'2019-03-03 13:07:55'),(2457,1,'2019-03-03 15:01:34'),(2458,1,'2019-03-03 15:04:14'),(2459,1,'2019-03-03 15:04:45'),(2460,1,'2019-03-03 15:05:13'),(2461,1,'2019-03-03 15:07:03'),(2462,1,'2019-03-03 15:07:20'),(2463,1,'2019-03-03 15:10:51'),(2464,1,'2019-03-03 15:26:41'),(2465,1,'2019-03-03 15:32:14'),(2466,1,'2019-03-04 00:23:06'),(2467,1,'2019-03-04 00:38:50'),(2468,1,'2019-03-04 00:44:49'),(2469,1,'2019-03-04 00:46:57'),(2470,1,'2019-03-04 00:49:10'),(2471,1,'2019-03-04 00:55:22'),(2472,1,'2019-03-04 00:56:02'),(2473,1,'2019-03-04 00:59:52'),(2474,1,'2019-03-04 01:07:10'),(2475,1,'2019-03-04 01:39:05'),(2476,1,'2019-03-04 02:01:19'),(2477,1,'2019-03-04 02:27:47'),(2478,1,'2019-03-04 03:11:42'),(2479,1,'2019-03-04 04:14:12'),(2480,1,'2019-03-04 04:58:44'),(2481,1,'2019-03-04 05:19:47'),(2482,1,'2019-03-04 05:24:56'),(2483,1,'2019-03-04 05:26:35'),(2484,1,'2019-03-04 05:29:06'),(2485,1,'2019-03-04 06:02:07'),(2486,1,'2019-03-04 06:04:26'),(2487,1,'2019-03-04 08:31:36'),(2488,1,'2019-03-04 08:33:40'),(2489,1,'2019-03-04 08:38:25'),(2490,1,'2019-03-04 08:48:46'),(2491,1,'2019-03-04 08:51:20'),(2492,1,'2019-03-04 08:54:49'),(2493,1,'2019-03-04 09:02:50'),(2494,1,'2019-03-04 09:04:33'),(2495,1,'2019-03-04 09:05:42'),(2496,1,'2019-03-04 09:08:43'),(2497,1,'2019-03-04 09:08:56'),(2498,2,'2019-03-04 09:09:39'),(2499,2,'2019-03-04 09:10:07'),(2500,2,'2019-03-04 09:10:26'),(2501,1,'2019-03-04 09:15:23'),(2502,1,'2019-03-04 09:19:56'),(2503,1,'2019-03-04 09:30:45'),(2504,1,'2019-03-04 09:32:11'),(2505,2,'2019-03-04 09:34:28'),(2506,2,'2019-03-04 09:35:04'),(2507,2,'2019-03-04 09:35:45'),(2508,2,'2019-03-04 09:36:18'),(2509,1,'2019-03-04 09:40:02'),(2510,2,'2019-03-04 10:16:17'),(2511,2,'2019-03-04 10:16:43'),(2512,1,'2019-03-04 10:17:27'),(2513,2,'2019-03-04 10:17:43'),(2514,2,'2019-03-04 10:18:30'),(2515,2,'2019-03-04 10:19:10'),(2516,2,'2019-03-04 10:21:23'),(2517,2,'2019-03-04 10:27:31'),(2518,2,'2019-03-04 10:27:48'),(2519,2,'2019-03-04 10:28:03'),(2520,2,'2019-03-04 10:28:21'),(2521,2,'2019-03-04 10:29:18'),(2522,2,'2019-03-04 10:30:06'),(2523,2,'2019-03-04 10:31:27'),(2524,2,'2019-03-04 10:34:41'),(2525,2,'2019-03-04 10:38:12'),(2526,2,'2019-03-04 10:44:22'),(2527,2,'2019-03-04 10:50:35'),(2528,2,'2019-03-04 10:50:57'),(2529,2,'2019-03-04 10:53:35'),(2530,2,'2019-03-04 10:55:04'),(2531,2,'2019-03-04 10:56:42'),(2532,2,'2019-03-04 10:57:26'),(2533,2,'2019-03-04 10:58:11'),(2534,2,'2019-03-04 11:00:07'),(2535,2,'2019-03-04 11:01:12'),(2536,2,'2019-03-04 11:19:41'),(2537,2,'2019-03-04 11:22:25'),(2538,2,'2019-03-04 11:38:54'),(2539,1,'2019-03-04 14:08:13'),(2540,1,'2019-03-04 14:12:24'),(2541,1,'2019-03-04 15:03:22'),(2542,2,'2019-03-04 15:07:17'),(2543,2,'2019-03-04 15:15:31'),(2544,2,'2019-03-04 15:26:14'),(2545,2,'2019-03-04 15:30:23'),(2546,2,'2019-03-04 15:30:51'),(2547,2,'2019-03-05 00:11:51'),(2548,1,'2019-03-05 00:13:13'),(2549,2,'2019-03-05 00:18:04'),(2550,2,'2019-03-05 00:18:52'),(2551,2,'2019-03-05 00:21:51'),(2552,1,'2019-03-05 01:46:17'),(2553,2,'2019-03-05 02:03:06'),(2554,2,'2019-03-05 02:10:14'),(2555,2,'2019-03-05 02:19:30'),(2556,2,'2019-03-05 02:20:48'),(2557,2,'2019-03-05 02:22:19'),(2558,2,'2019-03-05 02:23:21'),(2559,2,'2019-03-05 02:25:28'),(2560,2,'2019-03-05 02:27:41'),(2561,2,'2019-03-05 02:29:59'),(2562,2,'2019-03-05 02:30:29'),(2563,2,'2019-03-05 02:32:02'),(2564,2,'2019-03-05 02:33:54'),(2565,2,'2019-03-05 02:34:30'),(2566,2,'2019-03-05 02:39:25'),(2567,2,'2019-03-05 02:41:47'),(2568,2,'2019-03-05 02:42:31'),(2569,2,'2019-03-05 02:46:06'),(2570,2,'2019-03-05 02:47:51'),(2571,2,'2019-03-05 02:50:35'),(2572,2,'2019-03-05 02:51:48'),(2573,2,'2019-03-05 02:52:42'),(2574,2,'2019-03-05 02:53:07'),(2575,2,'2019-03-05 02:53:51'),(2576,2,'2019-03-05 02:58:06'),(2577,2,'2019-03-05 02:58:49'),(2578,2,'2019-03-05 03:08:52'),(2579,2,'2019-03-05 03:26:39'),(2580,2,'2019-03-05 03:48:11'),(2581,2,'2019-03-05 04:26:29'),(2582,2,'2019-03-05 04:27:43'),(2583,2,'2019-03-05 04:30:48'),(2584,2,'2019-03-05 04:31:37'),(2585,2,'2019-03-05 04:36:00'),(2586,2,'2019-03-05 04:40:04'),(2587,2,'2019-03-05 04:46:18'),(2588,2,'2019-03-05 04:47:26'),(2589,2,'2019-03-05 04:52:32'),(2590,2,'2019-03-05 04:54:03'),(2591,2,'2019-03-05 05:21:39'),(2592,2,'2019-03-05 05:25:07'),(2593,2,'2019-03-05 05:29:41'),(2594,2,'2019-03-05 05:45:20'),(2595,2,'2019-03-05 10:03:36'),(2596,2,'2019-03-05 14:08:10'),(2597,2,'2019-03-05 14:09:43'),(2598,2,'2019-03-05 14:11:58'),(2599,2,'2019-03-05 14:16:12'),(2600,2,'2019-03-05 14:18:25'),(2601,2,'2019-03-05 14:20:50'),(2602,1,'2019-03-05 14:34:13'),(2603,2,'2019-03-05 15:19:45'),(2604,1,'2019-03-06 01:48:35'),(2605,2,'2019-03-06 01:55:50'),(2606,2,'2019-03-06 01:56:21'),(2607,1,'2019-03-06 02:00:48'),(2608,2,'2019-03-06 03:03:11'),(2609,2,'2019-03-06 04:00:18'),(2610,2,'2019-03-06 04:01:49'),(2611,2,'2019-03-06 04:09:44'),(2612,2,'2019-03-06 04:45:38'),(2613,2,'2019-03-06 04:58:14'),(2614,2,'2019-03-06 05:20:20'),(2615,2,'2019-03-06 05:20:47'),(2616,2,'2019-03-06 06:02:28'),(2617,2,'2019-03-06 06:03:30'),(2618,2,'2019-03-06 06:06:10'),(2619,2,'2019-03-06 06:24:21'),(2620,2,'2019-03-06 06:24:43'),(2621,2,'2019-03-06 06:26:41'),(2622,2,'2019-03-06 06:28:16'),(2623,2,'2019-03-06 06:30:38'),(2624,2,'2019-03-06 06:52:37'),(2625,1,'2019-03-06 11:00:21'),(2626,2,'2019-03-06 11:05:57'),(2627,1,'2019-03-06 11:47:58'),(2628,1,'2019-03-06 11:49:51'),(2629,2,'2019-03-06 12:52:44'),(2630,2,'2019-03-07 08:40:43'),(2631,1,'2019-03-07 08:41:48'),(2632,2,'2019-03-07 08:43:15'),(2633,2,'2019-03-07 08:49:35'),(2634,1,'2019-03-07 09:01:57'),(2635,2,'2019-03-07 09:06:34'),(2636,2,'2019-03-07 09:33:57'),(2637,2,'2019-03-07 10:43:05'),(2638,1,'2019-03-08 03:07:24'),(2639,1,'2019-03-08 05:02:53'),(2640,2,'2019-03-08 06:03:28'),(2641,1,'2019-03-08 08:33:38'),(2642,1,'2019-03-08 10:59:31'),(2643,1,'2019-03-08 11:23:03'),(2644,1,'2019-03-08 11:24:12'),(2645,1,'2019-03-08 11:42:54'),(2646,1,'2019-03-08 11:57:46'),(2647,1,'2019-03-08 11:58:17'),(2648,1,'2019-03-08 12:03:26'),(2649,1,'2019-03-08 12:04:35'),(2650,2,'2019-03-08 12:04:58'),(2651,1,'2019-03-08 12:05:31'),(2652,1,'2019-03-08 12:05:49'),(2653,2,'2019-03-08 12:06:05'),(2654,2,'2019-03-08 12:08:29'),(2655,2,'2019-03-08 12:09:29'),(2656,1,'2019-03-08 12:20:09'),(2657,1,'2019-03-08 12:20:42'),(2658,2,'2019-03-08 12:21:06'),(2659,1,'2019-03-08 12:22:17'),(2660,2,'2019-03-08 12:22:27'),(2661,1,'2019-03-08 12:23:03'),(2662,2,'2019-03-08 12:23:27'),(2663,1,'2019-03-08 12:29:42'),(2664,1,'2019-03-08 12:32:06'),(2665,1,'2019-03-08 12:32:31'),(2666,2,'2019-03-08 12:45:08'),(2667,2,'2019-03-08 13:09:26'),(2668,1,'2019-03-08 13:10:29'),(2669,1,'2019-03-08 13:22:30'),(2670,1,'2019-03-08 14:35:37'),(2671,2,'2019-03-08 14:48:29'),(2672,1,'2019-03-08 14:49:49'),(2673,2,'2019-03-08 14:51:40'),(2674,2,'2019-03-08 14:52:46'),(2675,2,'2019-03-08 14:53:34'),(2676,2,'2019-03-08 14:54:47'),(2677,2,'2019-03-08 14:56:26'),(2678,2,'2019-03-08 14:57:32'),(2679,2,'2019-03-08 14:59:23'),(2680,2,'2019-03-08 15:00:43'),(2681,2,'2019-03-08 15:01:45'),(2682,2,'2019-03-08 15:04:54'),(2683,2,'2019-03-08 15:06:04'),(2684,2,'2019-03-08 15:07:32'),(2685,2,'2019-03-08 15:10:25'),(2686,2,'2019-03-08 15:27:12'),(2687,2,'2019-03-08 15:32:15'),(2688,1,'2019-03-08 15:33:22'),(2689,2,'2019-03-08 15:34:39'),(2690,2,'2019-03-08 15:35:22'),(2691,2,'2019-03-08 15:36:30'),(2692,2,'2019-03-08 15:38:11'),(2693,2,'2019-03-08 15:41:13'),(2694,2,'2019-03-08 15:41:35'),(2695,1,'2019-03-08 15:45:25'),(2696,2,'2019-03-09 00:04:27'),(2697,2,'2019-03-09 00:05:18'),(2698,2,'2019-03-09 00:05:44'),(2699,2,'2019-03-09 00:06:24'),(2700,2,'2019-03-09 00:06:47'),(2701,2,'2019-03-09 00:08:24'),(2702,2,'2019-03-09 00:11:20'),(2703,2,'2019-03-09 00:11:38'),(2704,2,'2019-03-09 00:11:55'),(2705,2,'2019-03-09 00:12:10'),(2706,2,'2019-03-09 00:12:24'),(2707,2,'2019-03-09 00:12:38'),(2708,2,'2019-03-09 00:13:00'),(2709,2,'2019-03-09 00:46:17'),(2710,2,'2019-03-09 00:46:40'),(2711,2,'2019-03-09 03:53:27'),(2712,2,'2019-03-09 03:53:54'),(2713,2,'2019-03-09 04:21:02'),(2714,3,'2019-03-09 05:21:56'),(2715,3,'2019-03-09 05:24:35'),(2716,2,'2019-03-09 05:35:51'),(2717,2,'2019-03-09 05:36:37'),(2718,2,'2019-03-09 05:38:01'),(2719,2,'2019-03-09 05:40:57'),(2720,2,'2019-03-09 05:44:40'),(2721,2,'2019-03-09 05:49:11'),(2722,1,'2019-03-09 06:23:50'),(2723,2,'2019-03-09 06:31:17'),(2724,2,'2019-03-09 06:42:10'),(2725,2,'2019-03-09 06:44:06'),(2726,2,'2019-03-09 06:48:27'),(2727,1,'2019-03-09 06:52:10'),(2728,2,'2019-03-09 08:41:31'),(2729,2,'2019-03-09 10:28:48'),(2730,2,'2019-03-09 12:00:19'),(2731,2,'2019-03-09 12:02:38'),(2732,2,'2019-03-09 12:04:38'),(2733,2,'2019-03-09 12:08:36'),(2734,1,'2019-03-09 12:17:22'),(2735,2,'2019-03-09 12:18:07'),(2736,2,'2019-03-09 12:18:53'),(2737,2,'2019-03-09 12:19:43'),(2738,2,'2019-03-09 12:30:18'),(2739,2,'2019-03-09 12:30:35'),(2740,2,'2019-03-09 12:39:19'),(2741,2,'2019-03-09 12:40:26'),(2742,2,'2019-03-09 12:40:42'),(2743,2,'2019-03-09 12:42:12'),(2744,2,'2019-03-09 12:42:33'),(2745,2,'2019-03-09 13:04:44'),(2746,2,'2019-03-09 13:05:33'),(2747,2,'2019-03-09 13:06:59'),(2748,2,'2019-03-09 13:07:21'),(2749,2,'2019-03-09 13:41:25'),(2750,2,'2019-03-09 13:59:57'),(2751,2,'2019-03-09 14:24:18'),(2752,2,'2019-03-09 14:31:19'),(2753,2,'2019-03-09 14:32:53'),(2754,2,'2019-03-09 14:35:20'),(2755,2,'2019-03-09 14:35:45'),(2756,2,'2019-03-09 14:37:42'),(2757,1,'2019-03-10 01:44:56'),(2758,1,'2019-03-10 01:49:50'),(2759,2,'2019-03-10 03:58:23'),(2760,2,'2019-03-10 04:43:55'),(2761,2,'2019-03-10 04:50:18'),(2762,1,'2019-03-10 05:03:43'),(2763,2,'2019-03-10 05:06:13'),(2764,2,'2019-03-10 05:06:58'),(2765,2,'2019-03-10 05:07:44'),(2766,2,'2019-03-10 05:11:04'),(2767,2,'2019-03-10 05:12:52'),(2768,2,'2019-03-10 05:47:13'),(2769,2,'2019-03-10 05:50:22'),(2770,2,'2019-03-10 07:34:58'),(2771,2,'2019-03-10 08:00:46'),(2772,1,'2019-03-10 08:01:03'),(2773,2,'2019-03-10 08:42:08'),(2774,2,'2019-03-10 08:46:08'),(2775,2,'2019-03-10 09:00:18'),(2776,2,'2019-03-10 09:02:14'),(2777,2,'2019-03-10 09:11:50'),(2778,2,'2019-03-10 09:14:53'),(2779,2,'2019-03-10 09:17:50'),(2780,2,'2019-03-10 09:18:56'),(2781,1,'2019-03-10 09:19:10'),(2782,2,'2019-03-10 09:22:02'),(2783,2,'2019-03-10 09:23:22'),(2784,2,'2019-03-10 09:25:54'),(2785,2,'2019-03-10 09:29:30'),(2786,2,'2019-03-10 09:48:35'),(2787,2,'2019-03-10 09:52:12'),(2788,2,'2019-03-10 10:31:58'),(2789,2,'2019-03-10 10:35:16'),(2790,2,'2019-03-10 11:26:47'),(2791,2,'2019-03-10 11:35:29'),(2792,1,'2019-03-10 11:52:20'),(2793,2,'2019-03-10 13:59:14'),(2794,2,'2019-03-10 14:01:49'),(2795,2,'2019-03-10 14:03:35'),(2796,2,'2019-03-10 14:04:34'),(2797,2,'2019-03-10 14:05:34'),(2798,2,'2019-03-10 14:12:07'),(2799,2,'2019-03-10 14:14:21'),(2800,2,'2019-03-10 14:16:44'),(2801,2,'2019-03-10 14:23:41'),(2802,2,'2019-03-10 14:25:13'),(2803,2,'2019-03-10 14:33:48'),(2804,2,'2019-03-10 14:36:24'),(2805,2,'2019-03-10 14:37:19'),(2806,2,'2019-03-10 14:42:34'),(2807,2,'2019-03-10 14:59:04'),(2808,2,'2019-03-10 15:00:33'),(2809,2,'2019-03-10 15:01:06'),(2810,2,'2019-03-10 15:06:02'),(2811,2,'2019-03-11 01:53:00'),(2812,2,'2019-03-11 02:02:54'),(2813,2,'2019-03-11 02:06:36'),(2814,2,'2019-03-11 02:16:02'),(2815,2,'2019-03-11 02:34:39'),(2816,2,'2019-03-11 10:59:43'),(2817,2,'2019-03-11 12:08:36'),(2818,2,'2019-03-11 12:21:47'),(2819,2,'2019-03-11 12:22:52'),(2820,2,'2019-03-11 12:24:42'),(2821,2,'2019-03-11 12:27:53'),(2822,2,'2019-03-11 13:41:16'),(2823,2,'2019-03-11 13:41:46'),(2824,2,'2019-03-11 14:09:35'),(2825,2,'2019-03-11 14:13:29'),(2826,2,'2019-03-11 14:19:01'),(2827,2,'2019-03-11 14:23:49'),(2828,1,'2019-03-11 14:26:12'),(2829,2,'2019-03-11 14:29:45'),(2830,2,'2019-03-11 14:33:32'),(2831,2,'2019-03-11 14:36:49'),(2832,2,'2019-03-11 14:39:09'),(2833,2,'2019-03-11 14:49:05'),(2834,2,'2019-03-11 14:50:01'),(2835,2,'2019-03-11 14:51:13'),(2836,2,'2019-03-11 14:54:26'),(2837,2,'2019-03-11 15:01:07'),(2838,2,'2019-03-11 15:03:21'),(2839,2,'2019-03-11 15:04:47'),(2840,2,'2019-03-11 15:08:13'),(2841,2,'2019-03-12 00:03:29'),(2842,1,'2019-03-12 00:33:33'),(2843,1,'2019-03-12 02:11:44'),(2844,2,'2019-03-12 03:31:04'),(2845,2,'2019-03-12 07:12:42'),(2846,1,'2019-03-12 07:16:40'),(2847,1,'2019-03-12 08:24:41'),(2848,1,'2019-03-12 08:26:54'),(2849,1,'2019-03-12 08:48:22'),(2850,2,'2019-03-12 09:10:59'),(2851,2,'2019-03-12 09:12:04'),(2852,1,'2019-03-12 09:29:25'),(2853,1,'2019-03-12 09:30:41'),(2854,1,'2019-03-12 12:30:05'),(2855,2,'2019-03-12 13:38:23'),(2856,1,'2019-03-12 13:40:20'),(2857,2,'2019-03-12 13:50:01'),(2858,2,'2019-03-12 13:50:41'),(2859,1,'2019-03-12 13:54:58'),(2860,1,'2019-03-12 13:55:55'),(2861,2,'2019-03-12 13:56:23'),(2862,2,'2019-03-12 13:57:15'),(2863,2,'2019-03-12 14:08:01'),(2864,2,'2019-03-12 14:11:59'),(2865,2,'2019-03-12 14:13:10'),(2866,2,'2019-03-12 14:25:16'),(2867,2,'2019-03-12 14:29:13'),(2868,1,'2019-03-12 14:29:58'),(2869,1,'2019-03-12 14:30:46'),(2870,2,'2019-03-12 14:34:42'),(2871,2,'2019-03-12 14:40:57'),(2872,2,'2019-03-12 23:50:50'),(2873,2,'2019-03-13 00:09:39'),(2874,2,'2019-03-13 00:26:56'),(2875,1,'2019-03-13 00:28:02'),(2876,1,'2019-03-13 00:30:09'),(2877,2,'2019-03-13 01:17:54'),(2878,2,'2019-03-13 05:54:03'),(2879,2,'2019-03-13 09:12:37'),(2880,1,'2019-03-13 09:19:03'),(2881,2,'2019-03-13 14:10:04'),(2882,2,'2019-03-14 14:01:38'),(2883,1,'2019-03-14 14:02:43'),(2884,2,'2019-03-14 14:07:51'),(2885,1,'2019-03-14 14:09:35'),(2886,2,'2019-03-14 14:38:31'),(2887,2,'2019-03-14 15:24:22'),(2888,2,'2019-03-15 06:27:38'),(2889,2,'2019-03-15 06:35:07'),(2890,2,'2019-03-15 07:01:59'),(2891,1,'2019-03-15 07:34:35'),(2892,2,'2019-03-15 12:46:28'),(2893,1,'2019-03-16 08:15:39'),(2894,1,'2019-03-16 09:50:31'),(2895,1,'2019-03-16 09:51:53'),(2896,1,'2019-03-16 09:53:23'),(2897,1,'2019-03-16 09:57:04'),(2898,2,'2019-03-16 14:49:47'),(2899,1,'2019-03-19 08:54:09'),(2900,1,'2019-03-19 08:56:12'),(2901,1,'2019-03-19 08:57:28'),(2902,1,'2019-03-19 08:58:36'),(2903,1,'2019-03-19 09:00:14'),(2904,1,'2019-03-19 09:01:40'),(2905,1,'2019-03-19 09:03:22'),(2906,1,'2019-03-19 09:08:51'),(2907,2,'2019-03-20 02:29:04'),(2908,1,'2019-03-22 09:14:08'),(2909,1,'2019-03-22 09:14:32');
/*!40000 ALTER TABLE `log_login` ENABLE KEYS */;
UNLOCK TABLES;

--
-- Table structure for table `log_topup`
--

DROP TABLE IF EXISTS `log_topup`;
/*!40101 SET @saved_cs_client     = @@character_set_client */;
/*!40101 SET character_set_client = utf8 */;
CREATE TABLE `log_topup` (
  `Id` int(11) NOT NULL AUTO_INCREMENT,
  `transaction_code` varchar(64) DEFAULT NULL,
  `add_point` int(11) DEFAULT NULL COMMENT '充值钻石',
  `reward_diamond` int(11) DEFAULT NULL COMMENT '奖励钻石',
  `player_id` int(11) DEFAULT NULL,
  `open_id` varchar(64) DEFAULT NULL,
  `server_id` int(11) DEFAULT NULL,
  `product_id` int(11) DEFAULT NULL,
  `add_time` datetime DEFAULT NULL,
  `status` int(11) DEFAULT '0',
  PRIMARY KEY (`Id`)
) ENGINE=InnoDB AUTO_INCREMENT=56 DEFAULT CHARSET=utf8;
/*!40101 SET character_set_client = @saved_cs_client */;

--
-- Dumping data for table `log_topup`
--

LOCK TABLES `log_topup` WRITE;
/*!40000 ALTER TABLE `log_topup` DISABLE KEYS */;
/*!40000 ALTER TABLE `log_topup` ENABLE KEYS */;
UNLOCK TABLES;

--
-- Table structure for table `log_topup_feedback`
--

DROP TABLE IF EXISTS `log_topup_feedback`;
/*!40101 SET @saved_cs_client     = @@character_set_client */;
/*!40101 SET character_set_client = utf8 */;
CREATE TABLE `log_topup_feedback` (
  `Id` int(11) NOT NULL AUTO_INCREMENT,
  `transaction_code` varchar(64) DEFAULT NULL,
  `add_point` int(11) DEFAULT NULL COMMENT '充值钻石',
  `reward_diamond` int(11) DEFAULT NULL COMMENT '奖励钻石',
  `player_id` int(11) DEFAULT NULL,
  `open_id` varchar(64) DEFAULT NULL,
  `server_id` int(11) DEFAULT NULL,
  `product_id` int(11) DEFAULT NULL,
  `add_time` datetime DEFAULT NULL,
  `status` int(11) DEFAULT '0',
  PRIMARY KEY (`Id`),
  KEY `open_id` (`open_id`)
) ENGINE=InnoDB AUTO_INCREMENT=81 DEFAULT CHARSET=utf8;
/*!40101 SET character_set_client = @saved_cs_client */;

--
-- Dumping data for table `log_topup_feedback`
--

LOCK TABLES `log_topup_feedback` WRITE;
/*!40000 ALTER TABLE `log_topup_feedback` DISABLE KEYS */;
/*!40000 ALTER TABLE `log_topup_feedback` ENABLE KEYS */;
UNLOCK TABLES;

--
-- Table structure for table `mail`
--

DROP TABLE IF EXISTS `mail`;
/*!40101 SET @saved_cs_client     = @@character_set_client */;
/*!40101 SET character_set_client = utf8 */;
CREATE TABLE `mail` (
  `Id` int(11) NOT NULL AUTO_INCREMENT COMMENT '玩家唯一ID',
  `player_id` int(11) NOT NULL,
  `template_id` int(11) DEFAULT NULL COMMENT '邮件模版ID',
  `send_name` varchar(100) NOT NULL DEFAULT '' COMMENT '发件人',
  `title` varchar(255) NOT NULL DEFAULT '' COMMENT '标题',
  `content` varchar(300) NOT NULL DEFAULT '' COMMENT '内容',
  `mail_param` mediumblob COMMENT '邮件参数',
  `attach` mediumblob COMMENT '附件',
  `create_time` timestamp NULL DEFAULT NULL COMMENT '创建时间',
  `is_read` tinyint(4) DEFAULT '0' COMMENT '邮件是否已读：0否，1是',
  PRIMARY KEY (`Id`),
  KEY `player_id` (`player_id`)
) ENGINE=InnoDB AUTO_INCREMENT=7739 DEFAULT CHARSET=utf8;
/*!40101 SET character_set_client = @saved_cs_client */;

--
-- Dumping data for table `mail`
--

LOCK TABLES `mail` WRITE;
/*!40000 ALTER TABLE `mail` DISABLE KEYS */;
INSERT INTO `mail` VALUES (7689,2,1000,'','','','15000','oe','2019-03-04 14:00:00',0),(7690,1,1000,'','','','15000','oe','2019-03-04 14:00:00',0),(7691,1,1000,'','','','15000','oe','2019-03-05 14:00:00',0),(7692,2,1000,'','','','15000','oe','2019-03-05 14:00:00',0),(7693,1,1000,'','','','15000','oe','2019-03-06 14:00:00',0),(7694,2,1000,'','','','15000','oe','2019-03-06 14:00:00',0),(7695,2,1000,'','','','15000','oe','2019-03-07 14:00:00',0),(7696,1,1000,'','','','15000','oe','2019-03-07 14:00:00',0),(7697,2,1000,'','','','15000','oe','2019-03-08 14:00:00',0),(7698,1,1000,'','','','15000','oe','2019-03-08 14:00:00',0),(7699,3,1023,'','','','','	\n		','2019-03-09 05:21:56',0),(7700,1,1000,'','','','15000','oe','2019-03-09 14:00:00',0),(7701,3,1000,'','','','15000','oe','2019-03-09 14:00:00',0),(7702,2,1000,'','','','15000','oe','2019-03-09 14:00:00',0),(7703,1,1000,'','','','15000','oe','2019-03-10 14:00:00',0),(7704,3,1000,'','','','15000','oe','2019-03-10 14:00:00',0),(7705,2,1000,'','','','15000','oe','2019-03-10 14:00:00',0),(7706,2,1000,'','','','15000','oe','2019-03-11 14:00:00',0),(7707,3,1000,'','','','15000','oe','2019-03-11 14:00:00',0),(7708,1,1000,'','','','15000','oe','2019-03-11 14:00:00',0),(7709,1,1000,'','','','15000','oe','2019-03-12 14:00:00',0),(7710,3,1000,'','','','15000','oe','2019-03-12 14:00:00',0),(7711,2,1000,'','','','15000','oe','2019-03-12 14:00:00',0),(7712,1,1000,'','','','15000','oe','2019-03-13 14:00:00',0),(7713,3,1000,'','','','15000','oe','2019-03-13 14:00:00',0),(7714,2,1000,'','','','15000','oe','2019-03-13 14:00:00',0),(7715,3,1000,'','','','15000','oe','2019-03-14 14:00:00',0),(7716,1,1000,'','','','15000','oe','2019-03-14 14:00:00',0),(7717,2,1000,'','','','15000','oe','2019-03-14 14:00:00',0),(7718,2,1000,'','','','15000','oe','2019-03-15 14:00:00',0),(7719,1,1000,'','','','15000','oe','2019-03-15 14:00:00',0),(7720,3,1000,'','','','15000','oe','2019-03-15 14:00:00',0),(7721,2,1000,'','','','15000','oe','2019-03-16 14:00:01',0),(7722,3,1000,'','','','15000','oe','2019-03-16 14:00:01',0),(7723,1,1000,'','','','15000','oe','2019-03-16 14:00:01',0),(7724,2,1000,'','','','15000','oe','2019-03-17 14:00:00',0),(7725,3,1000,'','','','15000','oe','2019-03-17 14:00:00',0),(7726,1,1000,'','','','15000','oe','2019-03-17 14:00:00',0),(7727,3,1000,'','','','15000','oe','2019-03-18 14:00:00',0),(7728,2,1000,'','','','15000','oe','2019-03-18 14:00:00',0),(7729,1,1000,'','','','15000','oe','2019-03-18 14:00:00',0),(7730,2,1000,'','','','15000','oe','2019-03-19 14:00:00',0),(7731,1,1000,'','','','15000','oe','2019-03-19 14:00:00',0),(7732,3,1000,'','','','15000','oe','2019-03-19 14:00:00',0),(7733,2,1000,'','','','15000','oe','2019-03-20 14:00:00',0),(7734,3,1000,'','','','15000','oe','2019-03-20 14:00:00',0),(7735,1,1000,'','','','15000','oe','2019-03-20 14:00:00',0),(7736,2,1000,'','','','15000','oe','2019-03-21 14:00:00',0),(7737,1,1000,'','','','15000','oe','2019-03-21 14:00:00',0),(7738,3,1000,'','','','15000','oe','2019-03-21 14:00:00',0);
/*!40000 ALTER TABLE `mail` ENABLE KEYS */;
UNLOCK TABLES;

--
-- Table structure for table `mission`
--

DROP TABLE IF EXISTS `mission`;
/*!40101 SET @saved_cs_client     = @@character_set_client */;
/*!40101 SET character_set_client = utf8 */;
CREATE TABLE `mission` (
  `id` int(10) unsigned NOT NULL AUTO_INCREMENT,
  `player_id` int(10) unsigned DEFAULT NULL,
  `template_id` int(11) DEFAULT NULL,
  `progress` int(11) DEFAULT NULL,
  `award_get` tinyint(4) DEFAULT NULL,
  `update_time` datetime DEFAULT NULL,
  PRIMARY KEY (`id`),
  KEY `player_id` (`player_id`)
) ENGINE=InnoDB AUTO_INCREMENT=4826 DEFAULT CHARSET=utf8;
/*!40101 SET character_set_client = @saved_cs_client */;

--
-- Dumping data for table `mission`
--

LOCK TABLES `mission` WRITE;
/*!40000 ALTER TABLE `mission` DISABLE KEYS */;
INSERT INTO `mission` VALUES (4792,2,200,0,0,'2019-02-28 13:16:56'),(4793,2,110,0,0,'2019-02-28 13:16:56'),(4794,1,700,0,0,'2019-03-04 17:04:42'),(4795,1,1300,15000,0,'2019-03-04 17:05:51'),(4796,2,700,0,0,'2019-03-04 18:31:52'),(4797,2,1300,15000,0,'2019-03-04 19:19:58'),(4798,2,1400,0,0,'2019-03-05 10:58:35'),(4799,2,300,67,0,'2019-03-05 10:58:35'),(4800,2,120,0,0,'2019-03-05 10:58:35'),(4801,2,600,0,0,'2019-03-05 10:58:35'),(4802,2,1200,1,0,'2019-03-05 10:58:35'),(4803,2,400,0,0,'2019-03-05 10:58:35'),(4804,2,800,0,0,'2019-03-05 10:58:35'),(4805,2,900,0,0,'2019-03-05 10:58:35'),(4806,2,500,0,0,'2019-03-05 10:58:35'),(4807,2,1000,0,0,'2019-03-05 11:26:47'),(4808,2,1700,0,0,'2019-03-05 12:26:46'),(4809,2,1100,1,0,'2019-03-05 12:26:46'),(4810,1,1400,0,0,'2019-03-05 22:37:06'),(4811,1,300,62,0,'2019-03-05 22:37:06'),(4812,1,120,0,0,'2019-03-05 22:37:06'),(4813,1,1200,1,0,'2019-03-05 22:37:06'),(4814,1,400,0,0,'2019-03-05 22:37:06'),(4815,1,500,0,0,'2019-03-05 22:37:06'),(4816,1,800,0,0,'2019-03-05 22:37:06'),(4817,1,900,0,0,'2019-03-05 22:37:06'),(4818,1,1000,60,0,'2019-03-05 22:37:06'),(4819,1,1700,0,0,'2019-03-05 22:37:06'),(4820,1,1100,1,0,'2019-03-05 22:37:06'),(4821,1,600,0,0,'2019-03-05 22:37:06'),(4822,3,200,0,0,'2019-03-09 13:21:56'),(4823,3,110,0,0,'2019-03-09 13:21:56'),(4824,3,700,0,0,'2019-03-09 13:22:14'),(4825,3,1300,15000,0,'2019-03-09 13:22:14');
/*!40000 ALTER TABLE `mission` ENABLE KEYS */;
UNLOCK TABLES;

--
-- Table structure for table `player`
--

DROP TABLE IF EXISTS `player`;
/*!40101 SET @saved_cs_client     = @@character_set_client */;
/*!40101 SET character_set_client = utf8 */;
CREATE TABLE `player` (
  `id` int(10) unsigned NOT NULL AUTO_INCREMENT,
  `account_id` varchar(128) NOT NULL COMMENT '玩家账号名',
  `name` varchar(32) CHARACTER SET utf8mb4 COLLATE utf8mb4_unicode_ci DEFAULT NULL,
  `icon` int(11) DEFAULT NULL COMMENT '头像',
  `head_frame` int(11) DEFAULT NULL COMMENT '头像框',
  `level` int(11) DEFAULT NULL COMMENT '玩家等级',
  `level_exp` int(11) DEFAULT NULL COMMENT '等级经验',
  `power` int(11) DEFAULT NULL COMMENT '玩家服务器算的战斗力',
  `diamond` int(11) DEFAULT NULL COMMENT '付费货币',
  `gold` bigint(20) DEFAULT NULL COMMENT '金币',
  `soul` bigint(20) DEFAULT NULL COMMENT '灵魂币',
  `water` int(11) DEFAULT NULL,
  `water_time` datetime DEFAULT NULL,
  `stamen` int(11) DEFAULT NULL,
  `stamen_time` datetime DEFAULT NULL,
  `narc` int(11) DEFAULT NULL,
  `narc_time` datetime DEFAULT NULL,
  `vip_level` int(11) DEFAULT NULL,
  `vip_exp` int(11) DEFAULT NULL,
  `server_id` int(11) DEFAULT NULL,
  `create_time` datetime DEFAULT NULL,
  `downline_time` datetime DEFAULT NULL,
  `upgrade_time` datetime DEFAULT NULL,
  PRIMARY KEY (`id`)
) ENGINE=InnoDB AUTO_INCREMENT=4 DEFAULT CHARSET=utf8;
/*!40101 SET character_set_client = @saved_cs_client */;

--
-- Dumping data for table `player`
--

LOCK TABLES `player` WRITE;
/*!40000 ALTER TABLE `player` DISABLE KEYS */;
INSERT INTO `player` VALUES (1,'4564','高耸的法利亚斯',1,1,57,8349,0,710,2964830,0,0,NULL,0,NULL,0,NULL,0,0,1,'2019-02-28 13:03:07','2019-03-16 18:22:05',NULL),(2,'4565','淡泊的克兰',1,1,66,163105,0,800,6244788,0,0,NULL,0,NULL,0,NULL,0,0,1,'2019-02-28 13:16:56','2019-03-15 21:11:47',NULL),(3,'4566','狡诈的艾尔撒',1,1,12,100,0,260,21600,0,0,NULL,0,NULL,0,NULL,0,0,1,'2019-03-09 13:21:56','2019-03-09 13:50:01','2019-03-09 13:22:14');
/*!40000 ALTER TABLE `player` ENABLE KEYS */;
UNLOCK TABLES;

--
-- Table structure for table `stage`
--

DROP TABLE IF EXISTS `stage`;
/*!40101 SET @saved_cs_client     = @@character_set_client */;
/*!40101 SET character_set_client = utf8 */;
CREATE TABLE `stage` (
  `id` int(11) NOT NULL AUTO_INCREMENT,
  `player_id` int(11) NOT NULL DEFAULT '0',
  `current_copy_id` int(11) DEFAULT NULL,
  `max_copy_id` int(11) DEFAULT NULL,
  `max_copy_pass` tinyint(4) DEFAULT NULL,
  `award_time` datetime DEFAULT NULL,
  PRIMARY KEY (`id`),
  KEY `idx_player_id` (`player_id`)
) ENGINE=InnoDB AUTO_INCREMENT=4 DEFAULT CHARSET=utf8;
/*!40101 SET character_set_client = @saved_cs_client */;

--
-- Dumping data for table `stage`
--

LOCK TABLES `stage` WRITE;
/*!40000 ALTER TABLE `stage` DISABLE KEYS */;
INSERT INTO `stage` VALUES (1,2,100404,100404,1,'2019-03-15 20:46:42'),(2,1,100201,100201,0,'2019-03-15 15:35:33'),(3,3,100102,100102,0,'2019-03-09 13:22:08');
/*!40000 ALTER TABLE `stage` ENABLE KEYS */;
UNLOCK TABLES;

--
-- Table structure for table `system_blob`
--

DROP TABLE IF EXISTS `system_blob`;
/*!40101 SET @saved_cs_client     = @@character_set_client */;
/*!40101 SET character_set_client = utf8 */;
CREATE TABLE `system_blob` (
  `Id` int(11) NOT NULL AUTO_INCREMENT,
  `arena_blob` mediumblob,
  `rank_player_level` mediumblob,
  `rank_arena_win` mediumblob,
  `rank_hero_count` mediumblob COMMENT '玩家英雄数量',
  `rank_hero_stars` mediumblob COMMENT '英雄总星级',
  `rank_team_bf` mediumblob COMMENT '队伍战斗力排行',
  `rank_craft` mediumblob,
  `friend_help` blob COMMENT '好友互助频道',
  `qi_zhen_yi_bao_activity` blob COMMENT '奇珍异宝活动',
  `chong_zhi_bang_activity` blob,
  `xiao_fei_bang_activity` blob,
  `player_chat_visit` mediumblob COMMENT 'chat visit time info',
  `rank_like` mediumblob COMMENT '排行榜点赞信息',
  PRIMARY KEY (`Id`)
) ENGINE=InnoDB AUTO_INCREMENT=2 DEFAULT CHARSET=utf8;
/*!40101 SET character_set_client = @saved_cs_client */;

--
-- Dumping data for table `system_blob`
--

LOCK TABLES `system_blob` WRITE;
/*!40000 ALTER TABLE `system_blob` DISABLE KEYS */;
INSERT INTO `system_blob` VALUES (1,'',NULL,NULL,NULL,NULL,NULL,NULL,NULL,'\0','','',NULL,NULL);
/*!40000 ALTER TABLE `system_blob` ENABLE KEYS */;
UNLOCK TABLES;

--
-- Table structure for table `tcdk`
--

DROP TABLE IF EXISTS `tcdk`;
/*!40101 SET @saved_cs_client     = @@character_set_client */;
/*!40101 SET character_set_client = utf8 */;
CREATE TABLE `tcdk` (
  `id` int(11) NOT NULL AUTO_INCREMENT,
  `platform` int(11) DEFAULT NULL COMMENT '平台：1腾讯、2新浪',
  `area` int(11) DEFAULT NULL COMMENT '区',
  `cdk` varchar(200) NOT NULL COMMENT '激活码',
  `cdk_name` varchar(200) DEFAULT NULL COMMENT '编码名称：新手礼包',
  `award_id` int(11) DEFAULT '0' COMMENT '兑奖ID（奖品ID）',
  `reuse` int(11) DEFAULT '0' COMMENT '重复领取',
  `start_time` timestamp NULL DEFAULT NULL COMMENT '起始时间',
  `end_time` timestamp NULL DEFAULT NULL COMMENT '结束时间',
  PRIMARY KEY (`id`),
  UNIQUE KEY `cdk` (`cdk`)
) ENGINE=InnoDB DEFAULT CHARSET=utf8;
/*!40101 SET character_set_client = @saved_cs_client */;

--
-- Dumping data for table `tcdk`
--

LOCK TABLES `tcdk` WRITE;
/*!40000 ALTER TABLE `tcdk` DISABLE KEYS */;
/*!40000 ALTER TABLE `tcdk` ENABLE KEYS */;
UNLOCK TABLES;

--
-- Table structure for table `team_info`
--

DROP TABLE IF EXISTS `team_info`;
/*!40101 SET @saved_cs_client     = @@character_set_client */;
/*!40101 SET character_set_client = utf8 */;
CREATE TABLE `team_info` (
  `id` int(11) unsigned NOT NULL AUTO_INCREMENT,
  `player_id` int(11) DEFAULT NULL,
  `data` blob,
  PRIMARY KEY (`id`),
  KEY `player_id` (`player_id`)
) ENGINE=InnoDB DEFAULT CHARSET=utf8;
/*!40101 SET character_set_client = @saved_cs_client */;

--
-- Dumping data for table `team_info`
--

LOCK TABLES `team_info` WRITE;
/*!40000 ALTER TABLE `team_info` DISABLE KEYS */;
/*!40000 ALTER TABLE `team_info` ENABLE KEYS */;
UNLOCK TABLES;
/*!40103 SET TIME_ZONE=@OLD_TIME_ZONE */;

/*!40101 SET SQL_MODE=@OLD_SQL_MODE */;
/*!40014 SET FOREIGN_KEY_CHECKS=@OLD_FOREIGN_KEY_CHECKS */;
/*!40014 SET UNIQUE_CHECKS=@OLD_UNIQUE_CHECKS */;
/*!40101 SET CHARACTER_SET_CLIENT=@OLD_CHARACTER_SET_CLIENT */;
/*!40101 SET CHARACTER_SET_RESULTS=@OLD_CHARACTER_SET_RESULTS */;
/*!40101 SET COLLATION_CONNECTION=@OLD_COLLATION_CONNECTION */;
/*!40111 SET SQL_NOTES=@OLD_SQL_NOTES */;

-- Dump completed on 2019-03-22 18:21:29
