[
  {
    "value": 0,
    "price": 648,
    "items": [
      {
        "GSID": 38005,
        "COUNT": 6480
      },
      {
        "GSID": 30043,
        "COUNT": 600
      },
      {
        "GSID": 30041,
        "COUNT": 105
      },
      {
        "GSID": 30026,
        "COUNT": 16000
      }
    ],
    "buytime": 4,
    "limit": 4,
    "special": [],
    "exp": 6480,
    "path": ""
  },
  {
    "value": 0,
    "price": 448,
    "items": [
      {
        "GSID": 38005,
        "COUNT": 4480
      },
      {
        "GSID": 30043,
        "COUNT": 400
      },
      {
        "GSID": 30041,
        "COUNT": 85
      },
      {
        "GSID": 30026,
        "COUNT": 11000
      }
    ],
    "buytime": 4,
    "limit": 4,
    "special": [],
    "exp": 4480,
    "path": ""
  },
  {
    "value": 0,
    "price": 328,
    "items": [
      {
        "GSID": 38005,
        "COUNT": 3280
      },
      {
        "GSID": 30043,
        "COUNT": 280
      },
      {
        "GSID": 30041,
        "COUNT": 55
      },
      {
        "GSID": 30026,
        "COUNT": 8000
      }
    ],
    "buytime": 4,
    "limit": 4,
    "special": [],
    "exp": 3280,
    "path": ""
  },
  {
    "value": 0,
    "price": 198,
    "items": [
      {
        "GSID": 38005,
        "COUNT": 1980
      },
      {
        "GSID": 30043,
        "COUNT": 160
      },
      {
        "GSID": 30041,
        "COUNT": 35
      },
      {
        "GSID": 30026,
        "COUNT": 4888
      }
    ],
    "buytime": 4,
    "limit": 4,
    "special": [],
    "exp": 1980,
    "path": ""
  },
  {
    "value": 0,
    "price": 68,
    "items": [
      {
        "GSID": 38005,
        "COUNT": 680
      },
      {
        "GSID": 30043,
        "COUNT": 50
      },
      {
        "GSID": 30041,
        "COUNT": 15
      },
      {
        "GSID": 30026,
        "COUNT": 2000
      }
    ],
    "buytime": 4,
    "limit": 4,
    "special": [],
    "exp": 680,
    "path": ""
  }
]