[
  {
    "value": 0,
    "price": 648,
    "items": [
      {
        "GSID": 38005,
        "COUNT": 6480
      },
      {
        "GSID": 30008,
        "COUNT": 135
      },
      {
        "GSID": 30009,
        "COUNT": 20
      },
      {
        "GSID": 36001,
        "COUNT": 25
      }
    ],
    "buytime": 5,
    "limit": 5,
    "special": [],
    "exp": 6480,
    "path": ""
  },
  {
    "value": 0,
    "price": 448,
    "items": [
      {
        "GSID": 38005,
        "COUNT": 4480
      },
      {
        "GSID": 30008,
        "COUNT": 95
      },
      {
        "GSID": 30009,
        "COUNT": 15
      },
      {
        "GSID": 36001,
        "COUNT": 10
      }
    ],
    "buytime": 5,
    "limit": 5,
    "special": [],
    "exp": 4480,
    "path": ""
  },
  {
    "value": 0,
    "price": 198,
    "items": [
      {
        "GSID": 38005,
        "COUNT": 1980
      },
      {
        "GSID": 30008,
        "COUNT": 40
      },
      {
        "GSID": 30009,
        "COUNT": 6
      },
      {
        "GSID": 36001,
        "COUNT": 5
      }
    ],
    "buytime": 5,
    "limit": 5,
    "special": [],
    "exp": 1980,
    "path": ""
  },
  {
    "value": 0,
    "price": 68,
    "items": [
      {
        "GSID": 38005,
        "COUNT": 680
      },
      {
        "GSID": 30008,
        "COUNT": 15
      },
      {
        "GSID": 30009,
        "COUNT": 2
      }
    ],
    "buytime": 5,
    "limit": 5,
    "special": [],
    "exp": 680,
    "path": ""
  }
]