[
  {
    "value": 0,
    "price": 648,
    "items": [
      {
        "GSID": 38005,
        "COUNT": 6480
      },
      {
        "GSID": 30006,
        "COUNT": 120
      }
    ],
    "buytime": 5,
    "limit": 5,
    "special": [],
    "exp": 6480,
    "path": ""
  },
  {
    "value": 0,
    "price": 448,
    "items": [
      {
        "GSID": 38005,
        "COUNT": 4480
      },
      {
        "GSID": 30006,
        "COUNT": 82
      }
    ],
    "buytime": 5,
    "limit": 5,
    "special": [],
    "exp": 4480,
    "path": ""
  },
  {
    "value": 0,
    "price": 328,
    "items": [
      {
        "GSID": 38005,
        "COUNT": 3280
      },
      {
        "GSID": 30006,
        "COUNT": 60
      }
    ],
    "buytime": 5,
    "limit": 5,
    "special": [],
    "exp": 3280,
    "path": ""
  },
  {
    "value": 0,
    "price": 198,
    "items": [
      {
        "GSID": 38005,
        "COUNT": 1980
      },
      {
        "GSID": 30006,
        "COUNT": 36
      }
    ],
    "buytime": 5,
    "limit": 5,
    "special": [],
    "exp": 1980,
    "path": ""
  },
  {
    "value": 0,
    "price": 68,
    "items": [
      {
        "GSID": 38005,
        "COUNT": 680
      },
      {
        "GSID": 30006,
        "COUNT": 12
      }
    ],
    "buytime": 5,
    "limit": 5,
    "special": [],
    "exp": 680,
    "path": ""
  }
]