{
    "boss": {
        "gsid": 19001,
		"name": "天公张角",
        "name_vn": "Thiên Công Trương Giác",
        "mark": 95300,
        "skill": [
            19001,
            19002,
            19003,
            19004
        ],
        "challrewards": [
            30041
        ],
        "level": 320,
        "hp": 900000000,
        "bset": {
            "7": {
                "gsid": 19001,
                "level": 320,
                "hpcover": 1,
                "class": 6,
                "exhp": 180000000,
                "exatk": 0.8
            },
            "15": {
                "gsid": 18026,
                "level": 320,
                "hpcover": 1,
                "class": 6,
                "exhp": 180000000,
                "exatk": 0.8
            },
            "23": {
                "gsid": 17026,
                "level": 320,
                "hpcover": 1,
                "class": 6,
                "exhp": 180000000,
                "exatk": 0.8
            },
            "30": {
                "gsid": 17006,
                "level": 320,
                "hpcover": 1,
                "class": 6,
                "exhp": 180000000,
                "exatk": 0.8
            },
            "31": {
                "gsid": 17046,
                "level": 320,
                "hpcover": 1,
                "class": 6,
                "exhp": 180000000,
                "exatk": 0.8
            }
        }
    },
    "reward": [
        [
            500000001,
            20
        ],
        [
            300000001,
            18
        ],
        [
            200000001,
            16
        ],
        [
            100000001,
            14
        ],
        [
            50000001,
            12
        ],
        [
            10000001,
            10
        ],
        [
            2000001,
            8
        ],
        [
            500001,
            7
        ],
        [
            100001,
            6
        ],
        [
            0,
            5
        ]
    ]
}