{
    "looplimit": 4,
    "currentloop": 0,
    "missions": [
        {
            "NUM": 50,
            "cur": 1,
			"NAME": "获得50积分",
            "NAME_VN": "Nhận được 50 điểm",
            "ITEMS": [
                {
                    "GSID": 30006,
                    "COUNT": 10
                },
                {
                    "GSID": 30011,
                    "COUNT": 3
                }
            ],
            "status": 0
        },
        {
            "NUM": 100,
            "cur": 1,
			"NAME": "获得100积分",
            "NAME_VN": "Nhận được 100 điểm",
            "ITEMS": [
                {
                    "GSID": 36001,
                    "COUNT": 50
                }
            ],
            "status": 0
        },
        {
            "NUM": 150,
            "cur": 1,
			"NAME": "获得200积分",
            "NAME_VN": "Nhận được 200 điểm",
            "ITEMS": [
                {
                    "GSID": 30006,
                    "COUNT": 10
                },
                {
                    "GSID": 30011,
                    "COUNT": 4
                },
                {
                    "GSID": 20041,
                    "COUNT": 50
                }
            ],
            "status": 0
        },
        {
            "NUM": 200,
            "cur": 1,
			"NAME": "获得300积分",
            "NAME_VN": "Nhận được 300 điểm",
            "ITEMS": [
                {
                    "GSID": 30006,
                    "COUNT": 10
                },
                {
                    "GSID": 30011,
                    "COUNT": 5
                }
            ],
            "status": 0
        },
        {
            "NUM": 300,
            "cur": 1,
			"NAME": "获得400积分",
            "NAME_VN": "Nhận được 400 điểm",
            "ITEMS": [
                {
                    "GSID": 22061,
                    "COUNT": 50
                }
            ],
            "status": 0
        },
        {
            "NUM": 400,
            "cur": 1,
			"NAME": "获得500积分",
            "NAME_VN": "Nhận được 500 điểm",
            "ITEMS": [
                {
                    "GSID": 30029,
                    "COUNT": 150
                }
            ],
            "status": 0
        }
    ]
}