[
  {
    "id": 1001,
    "type": 1,
    "award": "1451|1000|200|1000|0|0-1010|1000|10|1000|0|0-1602|1000|5|1000|0|0-1102|1000|5|1000|0|0",
    "desc": "3k新手礼包"
  },
  {
    "id": 1002,
    "type": 1,
    "award": "1451|1000|300|1000|0|0-1010|1000|20|1000|0|0-1001|1000|2|1000|0|0-1603|1000|2|1000|0|0-1103|1000|2|1000|0|0",
    "desc": "3k进阶礼包"
  },
  {
    "id": 1003,
    "type": 1,
    "award": "1451|1000|200|1000|0|0-1010|1000|10|1000|0|0-1602|1000|6|1000|0|0-1102|1000|6|1000|0|0",
    "desc": "长尾新人礼包"
  },
  {
    "id": 1004,
    "type": 1,
    "award": "1451|1000|200|1000|0|0-1010|1000|20|1000|0|0-1001|1000|3|1000|0|0-1603|1000|5|1000|0|0-1103|1000|5|1000|0|0",
    "desc": "长尾进阶礼包"
  },
  {
    "id": 1005,
    "type": 1,
    "award": "1451|1000|200|1000|0|0-1002|1000|100|1000|0|0-1201|1000|2|1000|0|0-1603|1000|2|1000|0|0-1103|1000|2|1000|0|0",
    "desc": "长尾奖励礼包"
  },
  {
    "id": 1006,
    "type": 1,
    "award": "1450|1000|200000|1000|0|0-1011|1000|5|1000|0|0-1200|1000|2|1000|0|0-1002|1000|100|1000|0|0",
    "desc": "长尾加群礼包"
  },
  {
    "id": 1007,
    "type": 1,
    "award": "1451|1000|200|1000|0|0-1060|1000|50|1000|0|0-1604|1000|2|1000|0|0",
    "desc": "蓝月七夕礼包"
  },
  {
    "id": 1008,
    "type": 1,
    "award": "1451|1000|200|1000|0|0-1205|1000|5|1000|0|0-1201|1000|5|1000|0|0-1603|1000|10|1000|0|0-1103|1000|10|1000|0|0",
    "desc": "长尾专属礼包"
  },
  {
    "id": 1009,
    "type": 1,
    "award": "1451|1000|300|1000|0|0-1205|1000|5|1000|0|0-1201|1000|5|1000|0|0-1603|1000|10|1000|0|0-1103|1000|10|1000|0|0-1604|1000|4|1000|0|0",
    "desc": "中秋礼包"
  },
  {
    "id": 1010,
    "type": 1,
    "award": "1451|1000|400|1000|0|0-1205|1000|5|1000|0|0-1201|1000|5|1000|0|0-1603|1000|15|1000|0|0-1103|1000|15|1000|0|0-1605|1000|2|1000|0|0",
    "desc": "国庆礼包"
  },
  {
    "id": 1011,
    "type": 1,
    "award": "1602|1000|10|1000|0|0-1102|1000|10|1000|0|0-1450|1000|100000|1000|0|0-1201|1000|3|1000|0|0-1200|1000|1|1000|0|0",
    "desc": "蓝月bt新手礼包"
  },
  {
    "id": 1012,
    "type": 1,
    "award": "1603|1000|5|1000|0|0-1103|1000|5|1000|0|0-1450|1000|200000|1000|0|0-1201|1000|6|1000|0|0-1200|1000|2|1000|0|0",
    "desc": "蓝月bt特权礼包"
  },
  {
    "id": 3001,
    "type": 1,
    "award": "1602|300|1|1000|2|500-1102|300|1|1000|2|500",
    "desc": "国战PVE奖励-蓝色宝箱"
  },
  {
    "id": 3002,
    "type": 1,
    "award": "1603|100|1|1000|2|500-1103|100|1|1000|2|500",
    "desc": "国战PVE奖励-紫色宝箱"
  },
  {
    "id": 3003,
    "type": 1,
    "award": "1604|180|1|1000|2|500",
    "desc": "国战PVE奖励-蓝色铭文宝箱"
  },
  {
    "id": 3004,
    "type": 1,
    "award": "1002|250|50|1000|80|300",
    "desc": "国战PVE奖励-蜀锦"
  },
  {
    "id": 3005,
    "type": 1,
    "award": "1452|300|300|1000|500|300",
    "desc": "国战PVE奖励-EXP"
  },
  {
    "id": 5001,
    "type": 1,
    "award": "5001|400|1|1000|2|400|3|100",
    "desc": "白色铭文1"
  },
  {
    "id": 5002,
    "type": 1,
    "award": "5002|400|1|1000|2|400|3|100",
    "desc": "白色铭文2"
  },
  {
    "id": 5003,
    "type": 1,
    "award": "5003|400|1|1000|2|400|3|100",
    "desc": "白色铭文3"
  },
  {
    "id": 5004,
    "type": 1,
    "award": "5004|400|1|1000|2|400|3|100",
    "desc": "白色铭文4"
  },
  {
    "id": 5005,
    "type": 1,
    "award": "5005|400|1|1000|2|400|3|100",
    "desc": "白色铭文5"
  },
  {
    "id": 5006,
    "type": 1,
    "award": "5006|400|1|1000|2|400|3|100",
    "desc": "白色铭文6"
  },
  {
    "id": 5007,
    "type": 1,
    "award": "5007|400|1|1000|2|400|3|100",
    "desc": "白色铭文7"
  },
  {
    "id": 5008,
    "type": 1,
    "award": "5008|400|1|1000|2|400|3|100",
    "desc": "白色铭文8"
  },
  {
    "id": 5009,
    "type": 1,
    "award": "5009|400|1|1000|2|400|3|100",
    "desc": "白色铭文9"
  },
  {
    "id": 5010,
    "type": 1,
    "award": "5010|400|1|1000|2|400|3|100",
    "desc": "白色铭文10"
  },
  {
    "id": 5011,
    "type": 1,
    "award": "5011|400|1|1000|2|400|3|100",
    "desc": "白色铭文11"
  },
  {
    "id": 5012,
    "type": 1,
    "award": "5012|400|1|1000|2|400|3|100",
    "desc": "白色铭文12"
  },
  {
    "id": 5013,
    "type": 1,
    "award": "5013|400|1|1000|2|400|3|100",
    "desc": "白色铭文13"
  },
  {
    "id": 5014,
    "type": 1,
    "award": "5014|400|1|1000|2|400|3|100",
    "desc": "白色铭文14"
  },
  {
    "id": 5015,
    "type": 1,
    "award": "5015|400|1|1000|2|400|3|100",
    "desc": "白色铭文15"
  },
  {
    "id": 5101,
    "type": 1,
    "award": "5101|400|1|1000|2|400|3|100",
    "desc": "绿色铭文1"
  },
  {
    "id": 5102,
    "type": 1,
    "award": "5102|400|1|1000|2|400|3|100",
    "desc": "绿色铭文2"
  },
  {
    "id": 5103,
    "type": 1,
    "award": "5103|400|1|1000|2|400|3|100",
    "desc": "绿色铭文3"
  },
  {
    "id": 5104,
    "type": 1,
    "award": "5104|400|1|1000|2|400|3|100",
    "desc": "绿色铭文4"
  },
  {
    "id": 5105,
    "type": 1,
    "award": "5105|400|1|1000|2|400|3|100",
    "desc": "绿色铭文5"
  },
  {
    "id": 5106,
    "type": 1,
    "award": "5106|400|1|1000|2|400|3|100",
    "desc": "绿色铭文6"
  },
  {
    "id": 5107,
    "type": 1,
    "award": "5107|400|1|1000|2|400|3|100",
    "desc": "绿色铭文7"
  },
  {
    "id": 5108,
    "type": 1,
    "award": "5108|400|1|1000|2|400|3|100",
    "desc": "绿色铭文8"
  },
  {
    "id": 5109,
    "type": 1,
    "award": "5109|400|1|1000|2|400|3|100",
    "desc": "绿色铭文9"
  },
  {
    "id": 5110,
    "type": 1,
    "award": "5110|400|1|1000|2|400|3|100",
    "desc": "绿色铭文10"
  },
  {
    "id": 5111,
    "type": 1,
    "award": "5111|400|1|1000|2|400|3|100",
    "desc": "绿色铭文11"
  },
  {
    "id": 5112,
    "type": 1,
    "award": "5112|400|1|1000|2|400|3|100",
    "desc": "绿色铭文12"
  },
  {
    "id": 5113,
    "type": 1,
    "award": "5113|400|1|1000|2|400|3|100",
    "desc": "绿色铭文13"
  },
  {
    "id": 5114,
    "type": 1,
    "award": "5114|400|1|1000|2|400|3|100",
    "desc": "绿色铭文14"
  },
  {
    "id": 5115,
    "type": 1,
    "award": "5115|400|1|1000|2|400|3|100",
    "desc": "绿色铭文15"
  },
  {
    "id": 5201,
    "type": 1,
    "award": "5201|50|1|1000",
    "desc": "蓝色铭文1"
  },
  {
    "id": 5202,
    "type": 1,
    "award": "5202|50|1|1000",
    "desc": "蓝色铭文2"
  },
  {
    "id": 5203,
    "type": 1,
    "award": "5203|50|1|1000",
    "desc": "蓝色铭文3"
  },
  {
    "id": 5204,
    "type": 1,
    "award": "5204|50|1|1000",
    "desc": "蓝色铭文4"
  },
  {
    "id": 5205,
    "type": 1,
    "award": "5205|50|1|1000",
    "desc": "蓝色铭文5"
  },
  {
    "id": 5206,
    "type": 1,
    "award": "5206|50|1|1000",
    "desc": "蓝色铭文6"
  },
  {
    "id": 5207,
    "type": 1,
    "award": "5207|50|1|1000",
    "desc": "蓝色铭文7"
  },
  {
    "id": 5208,
    "type": 1,
    "award": "5208|50|1|1000",
    "desc": "蓝色铭文8"
  },
  {
    "id": 5209,
    "type": 1,
    "award": "5209|50|1|1000",
    "desc": "蓝色铭文9"
  },
  {
    "id": 5210,
    "type": 1,
    "award": "5210|50|1|1000",
    "desc": "蓝色铭文10"
  },
  {
    "id": 5211,
    "type": 1,
    "award": "5211|50|1|1000",
    "desc": "蓝色铭文11"
  },
  {
    "id": 5212,
    "type": 1,
    "award": "5212|50|1|1000",
    "desc": "蓝色铭文12"
  },
  {
    "id": 5213,
    "type": 1,
    "award": "5213|50|1|1000",
    "desc": "蓝色铭文13"
  },
  {
    "id": 5214,
    "type": 1,
    "award": "5214|50|1|1000",
    "desc": "蓝色铭文14"
  },
  {
    "id": 5215,
    "type": 1,
    "award": "5215|50|1|1000",
    "desc": "蓝色铭文15"
  },
  {
    "id": 5402,
    "type": 1,
    "award": "1604|1000|1|1000|2|400",
    "desc": "蓝色铭文宝箱"
  },
  {
    "id": 5403,
    "type": 1,
    "award": "1605|1000|1|1000|2|400",
    "desc": "紫色铭文宝箱"
  },
  {
    "id": 5404,
    "type": 1,
    "award": "1061|1000|1|1000|2|500",
    "desc": "铭文药水小"
  },
  {
    "id": 5405,
    "type": 1,
    "award": "1062|1000|1|1000|2|500",
    "desc": "铭文药水中"
  },
  {
    "id": 2000,
    "type": 2,
    "award": "1-5201|77-5202|77-5203|77-5204|77-5205|77-5206|77-5207|77-5208|77-5209|77-5210|77-5211|77-5212|77-5213|77-5214|77-5215|77",
    "desc": "秘密基地-随机蓝色铭文"
  },
  {
    "id": 2001,
    "type": 2,
    "award": "1-5001|77-5002|77-5003|77-5004|77-5005|77-5006|77-5007|77-5008|77-5009|77-5010|77-5011|77-5012|77-5013|77-5014|77-5015|77",
    "desc": "秘密基地25-40第1关结束奖励"
  },
  {
    "id": 2002,
    "type": 2,
    "award": "1-5001|77-5002|77-5003|77-5004|77-5005|77-5006|77-5007|77-5008|77-5009|77-5010|77-5011|77-5012|77-5013|77-5014|77-5015|77",
    "desc": "秘密基地25-40第2关结束奖励"
  },
  {
    "id": 2003,
    "type": 2,
    "award": "2-5001|77-5002|77-5003|77-5004|77-5005|77-5006|77-5007|77-5008|77-5009|77-5010|77-5011|77-5012|77-5013|77-5014|77-5015|77",
    "desc": "秘密基地25-40第3关结束奖励"
  },
  {
    "id": 2004,
    "type": 2,
    "award": "2-5001|77-5002|77-5003|77-5004|77-5005|77-5006|77-5007|77-5008|77-5009|77-5010|77-5011|77-5012|77-5013|77-5014|77-5015|77-5402|50-5404|300",
    "desc": "秘密基地25-40第4关结束奖励"
  },
  {
    "id": 2005,
    "type": 2,
    "award": "3-5001|77-5002|77-5003|77-5004|77-5005|77-5006|77-5007|77-5008|77-5009|77-5010|77-5011|77-5012|77-5013|77-5014|77-5015|77-5403|50-5405|300",
    "desc": "秘密基地25-40第5关结束奖励"
  },
  {
    "id": 2011,
    "type": 2,
    "award": "2-5001|77-5002|77-5003|77-5004|77-5005|77-5006|77-5007|77-5008|77-5009|77-5010|77-5011|77-5012|77-5013|77-5014|77-5015|77",
    "desc": "秘密基地40-55第1关结束奖励"
  },
  {
    "id": 2012,
    "type": 2,
    "award": "2-5001|77-5002|77-5003|77-5004|77-5005|77-5006|77-5007|77-5008|77-5009|77-5010|77-5011|77-5012|77-5013|77-5014|77-5015|77",
    "desc": "秘密基地40-55第2关结束奖励"
  },
  {
    "id": 2013,
    "type": 2,
    "award": "3-5001|77-5002|77-5003|77-5004|77-5005|77-5006|77-5007|77-5008|77-5009|77-5010|77-5011|77-5012|77-5013|77-5014|77-5015|77",
    "desc": "秘密基地40-55第3关结束奖励"
  },
  {
    "id": 2014,
    "type": 2,
    "award": "3-5001|77-5002|77-5003|77-5004|77-5005|77-5006|77-5007|77-5008|77-5009|77-5010|77-5011|77-5012|77-5013|77-5014|77-5015|77-5402|60-5404|300",
    "desc": "秘密基地40-55第4关结束奖励"
  },
  {
    "id": 2015,
    "type": 2,
    "award": "3-5001|77-5002|77-5003|77-5004|77-5005|77-5006|77-5007|77-5008|77-5009|77-5010|77-5011|77-5012|77-5013|77-5014|77-5015|77-5403|60-5405|300",
    "desc": "秘密基地40-55第5关结束奖励"
  },
  {
    "id": 2021,
    "type": 2,
    "award": "1-5101|77-5102|77-5103|77-5104|77-5105|77-5106|77-5107|77-5108|77-5109|77-5110|77-5111|77-5112|77-5113|77-5114|77-5115|77",
    "desc": "秘密基地55-70第1关结束奖励"
  },
  {
    "id": 2022,
    "type": 2,
    "award": "1-5101|77-5102|77-5103|77-5104|77-5105|77-5106|77-5107|77-5108|77-5109|77-5110|77-5111|77-5112|77-5113|77-5114|77-5115|77",
    "desc": "秘密基地55-70第2关结束奖励"
  },
  {
    "id": 2023,
    "type": 2,
    "award": "1-5101|77-5102|77-5103|77-5104|77-5105|77-5106|77-5107|77-5108|77-5109|77-5110|77-5111|77-5112|77-5113|77-5114|77-5115|77",
    "desc": "秘密基地55-70第3关结束奖励"
  },
  {
    "id": 2024,
    "type": 2,
    "award": "2-5101|77-5102|77-5103|77-5104|77-5105|77-5106|77-5107|77-5108|77-5109|77-5110|77-5111|77-5112|77-5113|77-5114|77-5115|77-5402|75-5404|300",
    "desc": "秘密基地55-70第4关结束奖励"
  },
  {
    "id": 2025,
    "type": 2,
    "award": "3-5101|77-5102|77-5103|77-5104|77-5105|77-5106|77-5107|77-5108|77-5109|77-5110|77-5111|77-5112|77-5113|77-5114|77-5115|77-5403|75-5405|300",
    "desc": "秘密基地55-70第5关结束奖励"
  },
  {
    "id": 2031,
    "type": 2,
    "award": "1-5101|77-5102|77-5103|77-5104|77-5105|77-5106|77-5107|77-5108|77-5109|77-5110|77-5111|77-5112|77-5113|77-5114|77-5115|77",
    "desc": "秘密基地70-85第1关结束奖励"
  },
  {
    "id": 2032,
    "type": 2,
    "award": "1-5101|77-5102|77-5103|77-5104|77-5105|77-5106|77-5107|77-5108|77-5109|77-5110|77-5111|77-5112|77-5113|77-5114|77-5115|77",
    "desc": "秘密基地70-85第2关结束奖励"
  },
  {
    "id": 2033,
    "type": 2,
    "award": "2-5101|77-5102|77-5103|77-5104|77-5105|77-5106|77-5107|77-5108|77-5109|77-5110|77-5111|77-5112|77-5113|77-5114|77-5115|77",
    "desc": "秘密基地70-85第3关结束奖励"
  },
  {
    "id": 2034,
    "type": 2,
    "award": "2-5101|77-5102|77-5103|77-5104|77-5105|77-5106|77-5107|77-5108|77-5109|77-5110|77-5111|77-5112|77-5113|77-5114|77-5115|77-5402|90-5404|300",
    "desc": "秘密基地70-85第4关结束奖励"
  },
  {
    "id": 2035,
    "type": 2,
    "award": "3-5101|77-5102|77-5103|77-5104|77-5105|77-5106|77-5107|77-5108|77-5109|77-5110|77-5111|77-5112|77-5113|77-5114|77-5115|77-5403|90-5405|300",
    "desc": "秘密基地70-85第5关结束奖励"
  },
  {
    "id": 2041,
    "type": 2,
    "award": "2-5101|77-5102|77-5103|77-5104|77-5105|77-5106|77-5107|77-5108|77-5109|77-5110|77-5111|77-5112|77-5113|77-5114|77-5115|77",
    "desc": "秘密基地85-100第1关结束奖励"
  },
  {
    "id": 2042,
    "type": 2,
    "award": "2-5101|77-5102|77-5103|77-5104|77-5105|77-5106|77-5107|77-5108|77-5109|77-5110|77-5111|77-5112|77-5113|77-5114|77-5115|77",
    "desc": "秘密基地85-100第2关结束奖励"
  },
  {
    "id": 2043,
    "type": 2,
    "award": "2-5101|77-5102|77-5103|77-5104|77-5105|77-5106|77-5107|77-5108|77-5109|77-5110|77-5111|77-5112|77-5113|77-5114|77-5115|77",
    "desc": "秘密基地85-100第3关结束奖励"
  },
  {
    "id": 2044,
    "type": 2,
    "award": "2-5101|77-5102|77-5103|77-5104|77-5105|77-5106|77-5107|77-5108|77-5109|77-5110|77-5111|77-5112|77-5113|77-5114|77-5115|77-5402|100-5404|300",
    "desc": "秘密基地85-100第4关结束奖励"
  },
  {
    "id": 2045,
    "type": 2,
    "award": "3-5101|77-5102|77-5103|77-5104|77-5105|77-5106|77-5107|77-5108|77-5109|77-5110|77-5111|77-5112|77-5113|77-5114|77-5115|77-5403|100-5405|300",
    "desc": "秘密基地85-100第5关结束奖励"
  },
  {
    "id": 2101,
    "type": 2,
    "award": "2-3001|77-3002|77-3003|77-3004|77-3005|77",
    "desc": "国战PVE奖励"
  }
]