{
  "turnTime": 0.016666666666666666,
  "buff": {
    "patk": 2,
    "exhr": 10,
    "vcri": 7,
    "pcri": 6,
    "datk": 1,
    "asp": 5,
    "avd": 8,
    "pdef": 4,
    "exdm": 9,
    "ddef": 3
  },
  "gridWidth": 8,
  "debuff": {
    "patk": 2,
    "vcri": 7,
    "pcri": 6,
    "datk": 1,
    "asp": 5,
    "avd": 8,
    "pdef": 4,
    "ddef": 3
  },
  "talentSkill": {
    "34": 20008,
    "14": 20006,
    "13": 20003,
    "15": 20010,
    "44": 20009,
    "25": 20011,
    "12": 20001,
    "45": 20013,
    "22": 20002,
    "23": 20004,
    "35": 20012,
    "33": 20005,
    "55": 20014,
    "24": 20007,
    "11": 20000
  },
  "gridPosArr": [
    [
      {
        "y": 91.252,
        "x": 95
      },
      {
        "y": 178,
        "x": 99
      },
      {
        "y": 264,
        "x": 101
      },
      {
        "y": 348,
        "x": 103
      },
      {
        "y": 430,
        "x": 104
      },
      {
        "y": 508.97,
        "x": 109
      },
      {
        "y": 587,
        "x": 109
      },
      {
        "y": 667,
        "x": 109
      }
    ],
    [
      {
        "y": 91.252,
        "x": 174
      },
      {
        "y": 178,
        "x": 177
      },
      {
        "y": 264,
        "x": 178
      },
      {
        "y": 348,
        "x": 180
      },
      {
        "y": 430,
        "x": 180
      },
      {
        "y": 508.97,
        "x": 184
      },
      {
        "y": 587,
        "x": 184
      },
      {
        "y": 667,
        "x": 184
      }
    ],
    [
      {
        "y": 91.252,
        "x": 254
      },
      {
        "y": 178,
        "x": 256
      },
      {
        "y": 264,
        "x": 256
      },
      {
        "y": 348,
        "x": 257
      },
      {
        "y": 430,
        "x": 257
      },
      {
        "y": 508.97,
        "x": 260
      },
      {
        "y": 587,
        "x": 259
      },
      {
        "y": 667,
        "x": 259
      }
    ],
    [
      {
        "y": 91.252,
        "x": 333
      },
      {
        "y": 178,
        "x": 334
      },
      {
        "y": 264,
        "x": 333
      },
      {
        "y": 348,
        "x": 334
      },
      {
        "y": 430,
        "x": 333
      },
      {
        "y": 508.97,
        "x": 335
      },
      {
        "y": 587,
        "x": 334
      },
      {
        "y": 667,
        "x": 334
      }
    ],
    [
      {
        "y": 91.252,
        "x": 413
      },
      {
        "y": 178,
        "x": 413
      },
      {
        "y": 264,
        "x": 411
      },
      {
        "y": 348,
        "x": 412
      },
      {
        "y": 430,
        "x": 409
      },
      {
        "y": 508.97,
        "x": 410
      },
      {
        "y": 587,
        "x": 409
      },
      {
        "y": 667,
        "x": 408
      }
    ],
    [
      {
        "y": 91.252,
        "x": 492
      },
      {
        "y": 178,
        "x": 491
      },
      {
        "y": 264,
        "x": 488
      },
      {
        "y": 348,
        "x": 489
      },
      {
        "y": 430,
        "x": 485
      },
      {
        "y": 508.97,
        "x": 485
      },
      {
        "y": 587,
        "x": 484
      },
      {
        "y": 667,
        "x": 483
      }
    ],
    [
      {
        "y": 91.252,
        "x": 572
      },
      {
        "y": 178,
        "x": 570
      },
      {
        "y": 264,
        "x": 566
      },
      {
        "y": 348,
        "x": 566
      },
      {
        "y": 430,
        "x": 562
      },
      {
        "y": 508.97,
        "x": 561
      },
      {
        "y": 587,
        "x": 559
      },
      {
        "y": 667,
        "x": 558
      }
    ],
    [
      {
        "y": 91.252,
        "x": 651
      },
      {
        "y": 178,
        "x": 648
      },
      {
        "y": 264,
        "x": 643
      },
      {
        "y": 348,
        "x": 643
      },
      {
        "y": 430,
        "x": 638
      },
      {
        "y": 508.97,
        "x": 636
      },
      {
        "y": 587,
        "x": 634
      },
      {
        "y": 667,
        "x": 633
      }
    ]
  ],
  "gridHeight": 8
}