[
  {
    "id2": 11,
    "chengID": 1,
    "ID3": 20,
    "ID2": 11,
    "id3": 20,
    "id5": 0,
    "ID4": 0,
    "ID5": 0,
    "id4": 0,
    "ID1": 2,
    "id1": 2,
    "ChengID": 1
  },
  {
    "id2": 3,
    "chengID": 2,
    "ID3": 0,
    "ID2": 3,
    "id3": 0,
    "id5": 0,
    "ID4": 0,
    "ID5": 0,
    "id4": 0,
    "ID1": 1,
    "id1": 1,
    "ChengID": 2
  },
  {
    "id2": 2,
    "chengID": 3,
    "ID3": 0,
    "ID2": 2,
    "id3": 0,
    "id5": 0,
    "ID4": 0,
    "ID5": 0,
    "id4": 0,
    "ID1": 4,
    "id1": 4,
    "ChengID": 3
  },
  {
    "id2": 3,
    "chengID": 4,
    "ID3": 6,
    "ID2": 3,
    "id3": 6,
    "id5": 0,
    "ID4": 0,
    "ID5": 0,
    "id4": 0,
    "ID1": 5,
    "id1": 5,
    "ChengID": 4
  },
  {
    "id2": 4,
    "chengID": 5,
    "ID3": 6,
    "ID2": 4,
    "id3": 6,
    "id5": 0,
    "ID4": 0,
    "ID5": 0,
    "id4": 0,
    "ID1": 22,
    "id1": 22,
    "ChengID": 5
  },
  {
    "id2": 8,
    "chengID": 6,
    "ID3": 4,
    "ID2": 8,
    "id3": 4,
    "id5": 0,
    "ID4": 22,
    "ID5": 0,
    "id4": 22,
    "ID1": 5,
    "id1": 5,
    "ChengID": 6
  },
  {
    "id2": 8,
    "chengID": 7,
    "ID3": 64,
    "ID2": 8,
    "id3": 64,
    "id5": 0,
    "ID4": 0,
    "ID5": 0,
    "id4": 0,
    "ID1": 22,
    "id1": 22,
    "ChengID": 7
  },
  {
    "id2": 7,
    "chengID": 8,
    "ID3": 9,
    "ID2": 7,
    "id3": 9,
    "id5": 0,
    "ID4": 0,
    "ID5": 0,
    "id4": 0,
    "ID1": 6,
    "id1": 6,
    "ChengID": 8
  },
  {
    "id2": 8,
    "chengID": 9,
    "ID3": 0,
    "ID2": 8,
    "id3": 0,
    "id5": 0,
    "ID4": 0,
    "ID5": 0,
    "id4": 0,
    "ID1": 10,
    "id1": 10,
    "ChengID": 9
  },
  {
    "id2": 9,
    "chengID": 10,
    "ID3": 12,
    "ID2": 9,
    "id3": 12,
    "id5": 0,
    "ID4": 0,
    "ID5": 0,
    "id4": 0,
    "ID1": 11,
    "id1": 11,
    "ChengID": 10
  },
  {
    "id2": 10,
    "chengID": 11,
    "ID3": 21,
    "ID2": 10,
    "id3": 21,
    "id5": 0,
    "ID4": 0,
    "ID5": 0,
    "id4": 0,
    "ID1": 1,
    "id1": 1,
    "ChengID": 11
  },
  {
    "id2": 13,
    "chengID": 12,
    "ID3": 64,
    "ID2": 13,
    "id3": 64,
    "id5": 0,
    "ID4": 0,
    "ID5": 0,
    "id4": 0,
    "ID1": 10,
    "id1": 10,
    "ChengID": 12
  },
  {
    "id2": 21,
    "chengID": 13,
    "ID3": 14,
    "ID2": 21,
    "id3": 14,
    "id5": 0,
    "ID4": 0,
    "ID5": 0,
    "id4": 0,
    "ID1": 12,
    "id1": 12,
    "ChengID": 13
  },
  {
    "id2": 19,
    "chengID": 14,
    "ID3": 15,
    "ID2": 19,
    "id3": 15,
    "id5": 0,
    "ID4": 0,
    "ID5": 0,
    "id4": 0,
    "ID1": 13,
    "id1": 13,
    "ChengID": 14
  },
  {
    "id2": 16,
    "chengID": 15,
    "ID3": 44,
    "ID2": 16,
    "id3": 44,
    "id5": 43,
    "ID4": 45,
    "ID5": 43,
    "id4": 45,
    "ID1": 14,
    "id1": 14,
    "ChengID": 15
  },
  {
    "id2": 17,
    "chengID": 16,
    "ID3": 15,
    "ID2": 17,
    "id3": 15,
    "id5": 0,
    "ID4": 0,
    "ID5": 0,
    "id4": 0,
    "ID1": 19,
    "id1": 19,
    "ChengID": 16
  },
  {
    "id2": 16,
    "chengID": 17,
    "ID3": 0,
    "ID2": 16,
    "id3": 0,
    "id5": 0,
    "ID4": 0,
    "ID5": 0,
    "id4": 0,
    "ID1": 18,
    "id1": 18,
    "ChengID": 17
  },
  {
    "id2": 17,
    "chengID": 18,
    "ID3": 19,
    "ID2": 17,
    "id3": 19,
    "id5": 0,
    "ID4": 0,
    "ID5": 0,
    "id4": 0,
    "ID1": 20,
    "id1": 20,
    "ChengID": 18
  },
  {
    "id2": 16,
    "chengID": 19,
    "ID3": 18,
    "ID2": 16,
    "id3": 18,
    "id5": 0,
    "ID4": 0,
    "ID5": 0,
    "id4": 0,
    "ID1": 14,
    "id1": 14,
    "ChengID": 19
  },
  {
    "id2": 18,
    "chengID": 20,
    "ID3": 21,
    "ID2": 18,
    "id3": 21,
    "id5": 0,
    "ID4": 0,
    "ID5": 0,
    "id4": 0,
    "ID1": 1,
    "id1": 1,
    "ChengID": 20
  },
  {
    "id2": 13,
    "chengID": 21,
    "ID3": 20,
    "ID2": 13,
    "id3": 20,
    "id5": 0,
    "ID4": 0,
    "ID5": 0,
    "id4": 0,
    "ID1": 11,
    "id1": 11,
    "ChengID": 21
  },
  {
    "id2": 6,
    "chengID": 22,
    "ID3": 7,
    "ID2": 6,
    "id3": 7,
    "id5": 24,
    "ID4": 23,
    "ID5": 24,
    "id4": 23,
    "ID1": 5,
    "id1": 5,
    "ChengID": 22
  },
  {
    "id2": 27,
    "chengID": 23,
    "ID3": 26,
    "ID2": 27,
    "id3": 26,
    "id5": 0,
    "ID4": 0,
    "ID5": 0,
    "id4": 0,
    "ID1": 22,
    "id1": 22,
    "ChengID": 23
  },
  {
    "id2": 27,
    "chengID": 24,
    "ID3": 25,
    "ID2": 27,
    "id3": 25,
    "id5": 0,
    "ID4": 0,
    "ID5": 0,
    "id4": 0,
    "ID1": 22,
    "id1": 22,
    "ChengID": 24
  },
  {
    "id2": 30,
    "chengID": 25,
    "ID3": 29,
    "ID2": 30,
    "id3": 29,
    "id5": 0,
    "ID4": 0,
    "ID5": 0,
    "id4": 0,
    "ID1": 24,
    "id1": 24,
    "ChengID": 25
  },
  {
    "id2": 28,
    "chengID": 26,
    "ID3": 0,
    "ID2": 28,
    "id3": 0,
    "id5": 0,
    "ID4": 0,
    "ID5": 0,
    "id4": 0,
    "ID1": 23,
    "id1": 23,
    "ChengID": 26
  },
  {
    "id2": 28,
    "chengID": 27,
    "ID3": 24,
    "ID2": 28,
    "id3": 24,
    "id5": 0,
    "ID4": 0,
    "ID5": 0,
    "id4": 0,
    "ID1": 23,
    "id1": 23,
    "ChengID": 27
  },
  {
    "id2": 27,
    "chengID": 28,
    "ID3": 31,
    "ID2": 27,
    "id3": 31,
    "id5": 0,
    "ID4": 0,
    "ID5": 0,
    "id4": 0,
    "ID1": 26,
    "id1": 26,
    "ChengID": 28
  },
  {
    "id2": 25,
    "chengID": 29,
    "ID3": 33,
    "ID2": 25,
    "id3": 33,
    "id5": 0,
    "ID4": 0,
    "ID5": 0,
    "id4": 0,
    "ID1": 31,
    "id1": 31,
    "ChengID": 29
  },
  {
    "id2": 67,
    "chengID": 30,
    "ID3": 0,
    "ID2": 67,
    "id3": 0,
    "id5": 0,
    "ID4": 0,
    "ID5": 0,
    "id4": 0,
    "ID1": 25,
    "id1": 25,
    "ChengID": 30
  },
  {
    "id2": 32,
    "chengID": 31,
    "ID3": 29,
    "ID2": 32,
    "id3": 29,
    "id5": 0,
    "ID4": 0,
    "ID5": 0,
    "id4": 0,
    "ID1": 28,
    "id1": 28,
    "ChengID": 31
  },
  {
    "id2": 33,
    "chengID": 32,
    "ID3": 42,
    "ID2": 33,
    "id3": 42,
    "id5": 0,
    "ID4": 0,
    "ID5": 0,
    "id4": 0,
    "ID1": 31,
    "id1": 31,
    "ChengID": 32
  },
  {
    "id2": 32,
    "chengID": 33,
    "ID3": 34,
    "ID2": 32,
    "id3": 34,
    "id5": 0,
    "ID4": 0,
    "ID5": 0,
    "id4": 0,
    "ID1": 29,
    "id1": 29,
    "ChengID": 33
  },
  {
    "id2": 35,
    "chengID": 34,
    "ID3": 41,
    "ID2": 35,
    "id3": 41,
    "id5": 0,
    "ID4": 0,
    "ID5": 0,
    "id4": 0,
    "ID1": 33,
    "id1": 33,
    "ChengID": 34
  },
  {
    "id2": 36,
    "chengID": 35,
    "ID3": 41,
    "ID2": 36,
    "id3": 41,
    "id5": 0,
    "ID4": 67,
    "ID5": 0,
    "id4": 67,
    "ID1": 34,
    "id1": 34,
    "ChengID": 35
  },
  {
    "id2": 38,
    "chengID": 36,
    "ID3": 37,
    "ID2": 38,
    "id3": 37,
    "id5": 0,
    "ID4": 0,
    "ID5": 0,
    "id4": 0,
    "ID1": 35,
    "id1": 35,
    "ChengID": 36
  },
  {
    "id2": 40,
    "chengID": 37,
    "ID3": 39,
    "ID2": 40,
    "id3": 39,
    "id5": 0,
    "ID4": 58,
    "ID5": 0,
    "id4": 58,
    "ID1": 36,
    "id1": 36,
    "ChengID": 37
  },
  {
    "id2": 58,
    "chengID": 38,
    "ID3": 0,
    "ID2": 58,
    "id3": 0,
    "id5": 0,
    "ID4": 0,
    "ID5": 0,
    "id4": 0,
    "ID1": 36,
    "id1": 36,
    "ChengID": 38
  },
  {
    "id2": 40,
    "chengID": 39,
    "ID3": 58,
    "ID2": 40,
    "id3": 58,
    "id5": 0,
    "ID4": 0,
    "ID5": 0,
    "id4": 0,
    "ID1": 37,
    "id1": 37,
    "ChengID": 39
  },
  {
    "id2": 39,
    "chengID": 40,
    "ID3": 41,
    "ID2": 39,
    "id3": 41,
    "id5": 0,
    "ID4": 0,
    "ID5": 0,
    "id4": 0,
    "ID1": 37,
    "id1": 37,
    "ChengID": 40
  },
  {
    "id2": 35,
    "chengID": 41,
    "ID3": 42,
    "ID2": 35,
    "id3": 42,
    "id5": 0,
    "ID4": 40,
    "ID5": 0,
    "id4": 40,
    "ID1": 34,
    "id1": 34,
    "ChengID": 41
  },
  {
    "id2": 41,
    "chengID": 42,
    "ID3": 0,
    "ID2": 41,
    "id3": 0,
    "id5": 0,
    "ID4": 0,
    "ID5": 0,
    "id4": 0,
    "ID1": 32,
    "id1": 32,
    "ChengID": 42
  },
  {
    "id2": 46,
    "chengID": 43,
    "ID3": 0,
    "ID2": 46,
    "id3": 0,
    "id5": 0,
    "ID4": 0,
    "ID5": 0,
    "id4": 0,
    "ID1": 15,
    "id1": 15,
    "ChengID": 43
  },
  {
    "id2": 46,
    "chengID": 44,
    "ID3": 47,
    "ID2": 46,
    "id3": 47,
    "id5": 0,
    "ID4": 0,
    "ID5": 0,
    "id4": 0,
    "ID1": 15,
    "id1": 15,
    "ChengID": 44
  },
  {
    "id2": 47,
    "chengID": 45,
    "ID3": 0,
    "ID2": 47,
    "id3": 0,
    "id5": 0,
    "ID4": 0,
    "ID5": 0,
    "id4": 0,
    "ID1": 15,
    "id1": 15,
    "ChengID": 45
  },
  {
    "id2": 44,
    "chengID": 46,
    "ID3": 48,
    "ID2": 44,
    "id3": 48,
    "id5": 0,
    "ID4": 0,
    "ID5": 0,
    "id4": 0,
    "ID1": 43,
    "id1": 43,
    "ChengID": 46
  },
  {
    "id2": 45,
    "chengID": 47,
    "ID3": 51,
    "ID2": 45,
    "id3": 51,
    "id5": 0,
    "ID4": 0,
    "ID5": 0,
    "id4": 0,
    "ID1": 44,
    "id1": 44,
    "ChengID": 47
  },
  {
    "id2": 51,
    "chengID": 48,
    "ID3": 46,
    "ID2": 51,
    "id3": 46,
    "id5": 0,
    "ID4": 50,
    "ID5": 0,
    "id4": 50,
    "ID1": 70,
    "id1": 70,
    "ChengID": 48
  },
  {
    "id2": 57,
    "chengID": 49,
    "ID3": 50,
    "ID2": 57,
    "id3": 50,
    "id5": 0,
    "ID4": 0,
    "ID5": 0,
    "id4": 0,
    "ID1": 70,
    "id1": 70,
    "ChengID": 49
  },
  {
    "id2": 51,
    "chengID": 50,
    "ID3": 53,
    "ID2": 51,
    "id3": 53,
    "id5": 0,
    "ID4": 48,
    "ID5": 0,
    "id4": 48,
    "ID1": 49,
    "id1": 49,
    "ChengID": 50
  },
  {
    "id2": 48,
    "chengID": 51,
    "ID3": 50,
    "ID2": 48,
    "id3": 50,
    "id5": 0,
    "ID4": 52,
    "ID5": 0,
    "id4": 52,
    "ID1": 47,
    "id1": 47,
    "ChengID": 51
  },
  {
    "id2": 63,
    "chengID": 52,
    "ID3": 0,
    "ID2": 63,
    "id3": 0,
    "id5": 0,
    "ID4": 0,
    "ID5": 0,
    "id4": 0,
    "ID1": 51,
    "id1": 51,
    "ChengID": 52
  },
  {
    "id2": 55,
    "chengID": 53,
    "ID3": 63,
    "ID2": 55,
    "id3": 63,
    "id5": 0,
    "ID4": 0,
    "ID5": 0,
    "id4": 0,
    "ID1": 50,
    "id1": 50,
    "ChengID": 53
  },
  {
    "id2": 61,
    "chengID": 54,
    "ID3": 59,
    "ID2": 61,
    "id3": 59,
    "id5": 0,
    "ID4": 56,
    "ID5": 0,
    "id4": 56,
    "ID1": 57,
    "id1": 57,
    "ChengID": 54
  },
  {
    "id2": 53,
    "chengID": 55,
    "ID3": 57,
    "ID2": 53,
    "id3": 57,
    "id5": 0,
    "ID4": 0,
    "ID5": 0,
    "id4": 0,
    "ID1": 62,
    "id1": 62,
    "ChengID": 55
  },
  {
    "id2": 57,
    "chengID": 56,
    "ID3": 54,
    "ID2": 57,
    "id3": 54,
    "id5": 0,
    "ID4": 0,
    "ID5": 0,
    "id4": 0,
    "ID1": 58,
    "id1": 58,
    "ChengID": 56
  },
  {
    "id2": 49,
    "chengID": 57,
    "ID3": 55,
    "ID2": 49,
    "id3": 55,
    "id5": 0,
    "ID4": 0,
    "ID5": 0,
    "id4": 0,
    "ID1": 56,
    "id1": 56,
    "ChengID": 57
  },
  {
    "id2": 59,
    "chengID": 58,
    "ID3": 38,
    "ID2": 59,
    "id3": 38,
    "id5": 39,
    "ID4": 56,
    "ID5": 39,
    "id4": 56,
    "ID1": 37,
    "id1": 37,
    "ChengID": 58
  },
  {
    "id2": 54,
    "chengID": 59,
    "ID3": 60,
    "ID2": 54,
    "id3": 60,
    "id5": 0,
    "ID4": 0,
    "ID5": 0,
    "id4": 0,
    "ID1": 58,
    "id1": 58,
    "ChengID": 59
  },
  {
    "id2": 61,
    "chengID": 60,
    "ID3": 0,
    "ID2": 61,
    "id3": 0,
    "id5": 0,
    "ID4": 0,
    "ID5": 0,
    "id4": 0,
    "ID1": 59,
    "id1": 59,
    "ChengID": 60
  },
  {
    "id2": 60,
    "chengID": 61,
    "ID3": 62,
    "ID2": 60,
    "id3": 62,
    "id5": 0,
    "ID4": 0,
    "ID5": 0,
    "id4": 0,
    "ID1": 54,
    "id1": 54,
    "ChengID": 61
  },
  {
    "id2": 61,
    "chengID": 62,
    "ID3": 63,
    "ID2": 61,
    "id3": 63,
    "id5": 0,
    "ID4": 0,
    "ID5": 0,
    "id4": 0,
    "ID1": 55,
    "id1": 55,
    "ChengID": 62
  },
  {
    "id2": 53,
    "chengID": 63,
    "ID3": 52,
    "ID2": 53,
    "id3": 52,
    "id5": 0,
    "ID4": 0,
    "ID5": 0,
    "id4": 0,
    "ID1": 62,
    "id1": 62,
    "ChengID": 63
  },
  {
    "id2": 72,
    "chengID": 64,
    "ID3": 74,
    "ID2": 72,
    "id3": 74,
    "id5": 12,
    "ID4": 7,
    "ID5": 12,
    "id4": 7,
    "ID1": 65,
    "id1": 65,
    "ChengID": 64
  },
  {
    "id2": 66,
    "chengID": 65,
    "ID3": 0,
    "ID2": 66,
    "id3": 0,
    "id5": 0,
    "ID4": 0,
    "ID5": 0,
    "id4": 0,
    "ID1": 64,
    "id1": 64,
    "ChengID": 65
  },
  {
    "id2": 67,
    "chengID": 66,
    "ID3": 0,
    "ID2": 67,
    "id3": 0,
    "id5": 0,
    "ID4": 0,
    "ID5": 0,
    "id4": 0,
    "ID1": 65,
    "id1": 65,
    "ChengID": 66
  },
  {
    "id2": 75,
    "chengID": 67,
    "ID3": 68,
    "ID2": 75,
    "id3": 68,
    "id5": 35,
    "ID4": 30,
    "ID5": 35,
    "id4": 30,
    "ID1": 66,
    "id1": 66,
    "ChengID": 67
  },
  {
    "id2": 69,
    "chengID": 68,
    "ID3": 0,
    "ID2": 69,
    "id3": 0,
    "id5": 0,
    "ID4": 0,
    "ID5": 0,
    "id4": 0,
    "ID1": 67,
    "id1": 67,
    "ChengID": 68
  },
  {
    "id2": 70,
    "chengID": 69,
    "ID3": 0,
    "ID2": 70,
    "id3": 0,
    "id5": 0,
    "ID4": 0,
    "ID5": 0,
    "id4": 0,
    "ID1": 68,
    "id1": 68,
    "ChengID": 69
  },
  {
    "id2": 69,
    "chengID": 70,
    "ID3": 49,
    "ID2": 69,
    "id3": 49,
    "id5": 0,
    "ID4": 48,
    "ID5": 0,
    "id4": 48,
    "ID1": 76,
    "id1": 76,
    "ChengID": 70
  },
  {
    "id2": 72,
    "chengID": 71,
    "ID3": 0,
    "ID2": 72,
    "id3": 0,
    "id5": 0,
    "ID4": 0,
    "ID5": 0,
    "id4": 0,
    "ID1": 70,
    "id1": 70,
    "ChengID": 71
  },
  {
    "id2": 71,
    "chengID": 72,
    "ID3": 0,
    "ID2": 71,
    "id3": 0,
    "id5": 0,
    "ID4": 0,
    "ID5": 0,
    "id4": 0,
    "ID1": 64,
    "id1": 64,
    "ChengID": 72
  },
  {
    "id2": 75,
    "chengID": 73,
    "ID3": 76,
    "ID2": 75,
    "id3": 76,
    "id5": 0,
    "ID4": 0,
    "ID5": 0,
    "id4": 0,
    "ID1": 74,
    "id1": 74,
    "ChengID": 73
  },
  {
    "id2": 73,
    "chengID": 74,
    "ID3": 0,
    "ID2": 73,
    "id3": 0,
    "id5": 0,
    "ID4": 0,
    "ID5": 0,
    "id4": 0,
    "ID1": 64,
    "id1": 64,
    "ChengID": 74
  },
  {
    "id2": 67,
    "chengID": 75,
    "ID3": 0,
    "ID2": 67,
    "id3": 0,
    "id5": 0,
    "ID4": 0,
    "ID5": 0,
    "id4": 0,
    "ID1": 73,
    "id1": 73,
    "ChengID": 75
  },
  {
    "id2": 70,
    "chengID": 76,
    "ID3": 0,
    "ID2": 70,
    "id3": 0,
    "id5": 0,
    "ID4": 0,
    "ID5": 0,
    "id4": 0,
    "ID1": 73,
    "id1": 73,
    "ChengID": 76
  }
]