{
  "111": {
    "y": -177,
    "x": 291
  },
  "115": {
    "y": 246,
    "x": 672
  },
  "134": {
    "y": 500,
    "x": -199
  },
  "106": {
    "y": 487,
    "x": -677
  },
  "161": {
    "y": -832,
    "x": -854
  },
  "163": {
    "y": -969,
    "x": -1373
  },
  "172": {
    "y": 818,
    "x": -1022
  },
  "104": {
    "y": 163,
    "x": -1097
  },
  "143": {
    "y": -882,
    "x": 1697
  },
  "156": {
    "y": -715,
    "x": -456
  },
  "153": {
    "y": -1028,
    "x": 149
  },
  "105": {
    "y": 403,
    "x": -1086
  },
  "141": {
    "y": -653,
    "x": 1550
  },
  "175": {
    "y": 812,
    "x": -1749
  },
  "133": {
    "y": 373,
    "x": 305
  },
  "131": {
    "y": 543,
    "x": 684
  },
  "124": {
    "y": 257,
    "x": 1143
  },
  "132": {
    "y": 723,
    "x": 348
  },
  "135": {
    "y": 845,
    "x": -212
  },
  "123": {
    "y": 190,
    "x": 1489
  },
  "151": {
    "y": -967,
    "x": 640
  },
  "146": {
    "y": -727,
    "x": 1097
  },
  "164": {
    "y": -694,
    "x": -1706
  },
  "176": {
    "y": 1023,
    "x": -1910
  },
  "102": {
    "y": -120,
    "x": -232
  },
  "166": {
    "y": -117,
    "x": -1490
  },
  "114": {
    "y": -96,
    "x": 847
  },
  "144": {
    "y": -1076,
    "x": 1394
  },
  "101": {
    "y": -63,
    "x": 152
  },
  "183": {
    "y": 1107,
    "x": 992
  },
  "113": {
    "y": -370,
    "x": 1027
  },
  "184": {
    "y": 1209,
    "x": 1333
  },
  "155": {
    "y": -1022,
    "x": -335
  },
  "171": {
    "y": 611,
    "x": -1503
  },
  "116": {
    "y": 99,
    "x": 438
  },
  "103": {
    "y": 1,
    "x": -815
  },
  "154": {
    "y": -736,
    "x": -11
  },
  "142": {
    "y": -447,
    "x": 1875
  },
  "145": {
    "y": -998,
    "x": 1027
  },
  "185": {
    "y": 1079,
    "x": 1671
  },
  "182": {
    "y": 840,
    "x": 902
  },
  "125": {
    "y": 475,
    "x": 1351
  },
  "165": {
    "y": -468,
    "x": -1431
  },
  "181": {
    "y": 1177,
    "x": 605
  },
  "126": {
    "y": 695,
    "x": 1604
  },
  "136": {
    "y": 958,
    "x": 124
  },
  "152": {
    "y": -566,
    "x": 552
  },
  "174": {
    "y": 903,
    "x": -1423
  },
  "186": {
    "y": 1040,
    "x": 2015
  },
  "112": {
    "y": -243,
    "x": 614
  },
  "162": {
    "y": -738,
    "x": -1130
  },
  "173": {
    "y": 1042,
    "x": -782
  },
  "122": {
    "y": -51,
    "x": 1815
  },
  "121": {
    "y": -81,
    "x": 1344
  }
}