{
  "3": {
    "1": {
      "COST": [
        {
          "COUNT": 1,
          "GSID": 30006
        },
        {
          "COUNT": 250,
          "GSID": 38005
        }
      ],
      "TIMES": 1,
      "SCORE": 20,
      "TYPE": 3
    },
    "10": {
      "COST": [
        {
          "COUNT": 10,
          "GSID": 30006
        },
        {
          "COUNT": 2000,
          "GSID": 38005
        }
      ],
      "TIMES": 10,
      "SCORE": 200,
      "TYPE": 3
    }
  },
  "1": {
    "1": {
      "COST": [
        {
          "COUNT": 1,
          "GSID": 30005
        }
      ],
      "TIMES": 1,
      "SCORE": 1,
      "TYPE": 1
    },
    "10": {
      "COST": [
        {
          "COUNT": 10,
          "GSID": 30005
        }
      ],
      "TIMES": 10,
      "SCORE": 10,
      "TYPE": 1
    }
  },
  "2": {
    "1": {
      "COST": [
        {
          "COUNT": 10,
          "GSID": 30019
        }
      ],
      "TIMES": 1,
      "SCORE": 5,
      "TYPE": 2
    },
    "10": {
      "COST": [
        {
          "COUNT": 100,
          "GSID": 30019
        }
      ],
      "TIMES": 10,
      "SCORE": 50,
      "TYPE": 2
    }
  },
  "4": {
    "1": {
      "COST": [
        {
          "COUNT": 1000,
          "GSID": 30007
        }
      ],
      "TIMES": 1,
      "TYPE": 4
    }
  }
}