{
  "305": {
    "NATUREID": "ppthr",
    "TYPE": 1,
    "REMARKS": "Phá Giáp",
    "BPATH": "buff_icon_05",
    "NAME": "破甲攻击",
    "NAME_VN": "Tấn Công Phá Giáp",
    "ADDITION": 0.5,
    "CHAPERID": 3,
    "LAST": 0,
    "WEIGHT": 1
  },
  "307": {
    "NATUREID": "pskidam",
    "TYPE": 2,
    "REMARKS": "ST Kỹ Năng",
    "BPATH": "buff_icon_01",
    "NAME": "智慧祝福",
    "NAME_VN": "Chúc Phúc Trí Tuệ",
    "ADDITION": 1,
    "CHAPERID": 3,
    "LAST": 0,
    "WEIGHT": 1
  },
  "1315": {
    "NATUREID": "pcri",
    "TYPE": 3,
    "REMARKS": "Tỷ Lệ Bạo Kích",
    "BPATH": "buff_icon_03",
    "NAME": "狂暴",
    "NAME_VN": "Cuồng Bạo",
    "ADDITION": 2,
    "CHAPERID": 13,
    "LAST": 0,
    "WEIGHT": 1
  },
  "219": {
    "NATUREID": "pskidam",
    "TYPE": 8,
    "REMARKS": "ST Kỹ Năng",
    "BPATH": "buff_icon_01",
    "NAME": "智慧祝福",
    "NAME_VN": "Chúc Phúc Trí Tuệ",
    "ADDITION": 15,
    "CHAPERID": 2,
    "LAST": 1,
    "WEIGHT": 1
  },
  "401": {
    "NATUREID": "pskidam",
    "TYPE": 1,
    "REMARKS": "ST Kỹ Năng",
    "BPATH": "buff_icon_01",
    "NAME": "智慧祝福",
    "NAME_VN": "Chúc Phúc Trí Tuệ",
    "ADDITION": 0.5,
    "CHAPERID": 4,
    "LAST": 0,
    "WEIGHT": 1
  },
  "1007": {
    "NATUREID": "pskidam",
    "TYPE": 2,
    "REMARKS": "ST Kỹ Năng",
    "BPATH": "buff_icon_01",
    "NAME": "智慧祝福",
    "NAME_VN": "Chúc Phúc Trí Tuệ",
    "ADDITION": 1,
    "CHAPERID": 10,
    "LAST": 0,
    "WEIGHT": 1
  },
  "215": {
    "NATUREID": "pcri",
    "TYPE": 3,
    "REMARKS": "Tỷ Lệ Bạo Kích",
    "BPATH": "buff_icon_03",
    "NAME": "狂暴",
    "NAME_VN": "Cuồng Bạo",
    "ADDITION": 2,
    "CHAPERID": 2,
    "LAST": 0,
    "WEIGHT": 1
  },
  "1207": {
    "NATUREID": "pskidam",
    "TYPE": 2,
    "REMARKS": "ST Kỹ Năng",
    "BPATH": "buff_icon_01",
    "NAME": "智慧祝福",
    "NAME_VN": "Chúc Phúc Trí Tuệ",
    "ADDITION": 1,
    "CHAPERID": 12,
    "LAST": 0,
    "WEIGHT": 1
  },
  "205": {
    "NATUREID": "ppthr",
    "TYPE": 1,
    "REMARKS": "Phá Giáp",
    "BPATH": "buff_icon_05",
    "NAME": "破甲攻击",
    "NAME_VN": "Tấn Công Phá Giáp",
    "ADDITION": 0.5,
    "CHAPERID": 2,
    "LAST": 0,
    "WEIGHT": 1
  },
  "921": {
    "NATUREID": "pcri",
    "TYPE": 8,
    "REMARKS": "Tỷ Lệ Bạo Kích",
    "BPATH": "buff_icon_03",
    "NAME": "狂暴",
    "NAME_VN": "Cuồng Bạo",
    "ADDITION": 10,
    "CHAPERID": 9,
    "LAST": 1,
    "WEIGHT": 1
  },
  "1116": {
    "NATUREID": "atk",
    "TYPE": 3,
    "REMARKS": "Tấn Công",
    "BPATH": "buff_icon_04",
    "NAME": "力量祝福",
    "NAME_VN": "Chúc Phúc Sức Mạnh",
    "ADDITION": 4,
    "CHAPERID": 11,
    "LAST": 0,
    "WEIGHT": 1
  },
  "1306": {
    "NATUREID": "pmthr",
    "TYPE": 1,
    "REMARKS": "Xuyên Phép",
    "BPATH": "buff_icon_06",
    "NAME": "法术穿透",
    "NAME_VN": "Xuyên Phép",
    "ADDITION": 0.5,
    "CHAPERID": 13,
    "LAST": 0,
    "WEIGHT": 1
  },
  "604": {
    "NATUREID": "atk",
    "TYPE": 1,
    "REMARKS": "Tấn Công",
    "BPATH": "buff_icon_04",
    "NAME": "力量祝福",
    "NAME_VN": "Chúc Phúc Sức Mạnh",
    "ADDITION": 1,
    "CHAPERID": 6,
    "LAST": 0,
    "WEIGHT": 1
  },
  "512": {
    "NATUREID": "pmthr",
    "TYPE": 2,
    "REMARKS": "Xuyên Phép",
    "BPATH": "buff_icon_06",
    "NAME": "法术穿透",
    "NAME_VN": "Xuyên Phép",
    "ADDITION": 1,
    "CHAPERID": 5,
    "LAST": 0,
    "WEIGHT": 1
  },
  "1514": {
    "NATUREID": "pcrid",
    "TYPE": 3,
    "REMARKS": "ST Bạo Kích",
    "BPATH": "buff_icon_02",
    "NAME": "残忍",
    "NAME_VN": "Tàn Nhẫn",
    "ADDITION": 2,
    "CHAPERID": 15,
    "LAST": 0,
    "WEIGHT": 1
  },
  "1320": {
    "NATUREID": "pcrid",
    "TYPE": 8,
    "REMARKS": "ST Bạo Kích",
    "BPATH": "buff_icon_02",
    "NAME": "残忍",
    "NAME_VN": "Tàn Nhẫn",
    "ADDITION": 15,
    "CHAPERID": 13,
    "LAST": 1,
    "WEIGHT": 1
  },
  "1517": {
    "NATUREID": "ppthr",
    "TYPE": 3,
    "REMARKS": "Phá Giáp",
    "BPATH": "buff_icon_05",
    "NAME": "破甲攻击",
    "NAME_VN": "Tấn Công Phá Giáp",
    "ADDITION": 2,
    "CHAPERID": 15,
    "LAST": 0,
    "WEIGHT": 1
  },
  "620": {
    "NATUREID": "pcrid",
    "TYPE": 8,
    "REMARKS": "ST Bạo Kích",
    "BPATH": "buff_icon_02",
    "NAME": "残忍",
    "NAME_VN": "Tàn Nhẫn",
    "ADDITION": 15,
    "CHAPERID": 6,
    "LAST": 1,
    "WEIGHT": 1
  },
  "212": {
    "NATUREID": "pmthr",
    "TYPE": 2,
    "REMARKS": "Xuyên Phép",
    "BPATH": "buff_icon_06",
    "NAME": "法术穿透",
    "NAME_VN": "Xuyên Phép",
    "ADDITION": 1,
    "CHAPERID": 2,
    "LAST": 0,
    "WEIGHT": 1
  },
  "701": {
    "NATUREID": "pskidam",
    "TYPE": 1,
    "REMARKS": "ST Kỹ Năng",
    "BPATH": "buff_icon_01",
    "NAME": "智慧祝福",
    "NAME_VN": "Chúc Phúc Trí Tuệ",
    "ADDITION": 0.5,
    "CHAPERID": 7,
    "LAST": 0,
    "WEIGHT": 1
  },
  "909": {
    "NATUREID": "pcri",
    "TYPE": 2,
    "REMARKS": "Tỷ Lệ Bạo Kích",
    "BPATH": "buff_icon_03",
    "NAME": "狂暴",
    "NAME_VN": "Cuồng Bạo",
    "ADDITION": 1,
    "CHAPERID": 9,
    "LAST": 0,
    "WEIGHT": 1
  },
  "1402": {
    "NATUREID": "pcrid",
    "TYPE": 1,
    "REMARKS": "ST Bạo Kích",
    "BPATH": "buff_icon_02",
    "NAME": "残忍",
    "NAME_VN": "Tàn Nhẫn",
    "ADDITION": 0.5,
    "CHAPERID": 14,
    "LAST": 0,
    "WEIGHT": 1
  },
  "608": {
    "NATUREID": "pcrid",
    "TYPE": 2,
    "REMARKS": "ST Bạo Kích",
    "BPATH": "buff_icon_02",
    "NAME": "残忍",
    "NAME_VN": "Tàn Nhẫn",
    "ADDITION": 1,
    "CHAPERID": 6,
    "LAST": 0,
    "WEIGHT": 1
  },
  "802": {
    "NATUREID": "pcrid",
    "TYPE": 1,
    "REMARKS": "ST Bạo Kích",
    "BPATH": "buff_icon_02",
    "NAME": "残忍",
    "NAME_VN": "Tàn Nhẫn",
    "ADDITION": 0.5,
    "CHAPERID": 8,
    "LAST": 0,
    "WEIGHT": 1
  },
  "601": {
    "NATUREID": "pskidam",
    "TYPE": 1,
    "REMARKS": "ST Kỹ Năng",
    "BPATH": "buff_icon_01",
    "NAME": "智慧祝福",
    "NAME_VN": "Chúc Phúc Trí Tuệ",
    "ADDITION": 0.5,
    "CHAPERID": 6,
    "LAST": 0,
    "WEIGHT": 1
  },
  "912": {
    "NATUREID": "pmthr",
    "TYPE": 2,
    "REMARKS": "Xuyên Phép",
    "BPATH": "buff_icon_06",
    "NAME": "法术穿透",
    "NAME_VN": "Xuyên Phép",
    "ADDITION": 1,
    "CHAPERID": 9,
    "LAST": 0,
    "WEIGHT": 1
  },
  "716": {
    "NATUREID": "atk",
    "TYPE": 3,
    "REMARKS": "Tấn Công",
    "BPATH": "buff_icon_04",
    "NAME": "力量祝福",
    "NAME_VN": "Chúc Phúc Sức Mạnh",
    "ADDITION": 4,
    "CHAPERID": 7,
    "LAST": 0,
    "WEIGHT": 1
  },
  "503": {
    "NATUREID": "pcri",
    "TYPE": 1,
    "REMARKS": "Tỷ Lệ Bạo Kích",
    "BPATH": "buff_icon_03",
    "NAME": "狂暴",
    "NAME_VN": "Cuồng Bạo",
    "ADDITION": 0.5,
    "CHAPERID": 5,
    "LAST": 0,
    "WEIGHT": 1
  },
  "1003": {
    "NATUREID": "pcri",
    "TYPE": 1,
    "REMARKS": "Tỷ Lệ Bạo Kích",
    "BPATH": "buff_icon_03",
    "NAME": "狂暴",
    "NAME_VN": "Cuồng Bạo",
    "ADDITION": 0.5,
    "CHAPERID": 10,
    "LAST": 0,
    "WEIGHT": 1
  },
  "804": {
    "NATUREID": "atk",
    "TYPE": 1,
    "REMARKS": "Tấn Công",
    "BPATH": "buff_icon_04",
    "NAME": "力量祝福",
    "NAME_VN": "Chúc Phúc Sức Mạnh",
    "ADDITION": 1,
    "CHAPERID": 8,
    "LAST": 0,
    "WEIGHT": 1
  },
  "1420": {
    "NATUREID": "pcrid",
    "TYPE": 8,
    "REMARKS": "ST Bạo Kích",
    "BPATH": "buff_icon_02",
    "NAME": "残忍",
    "NAME_VN": "Tàn Nhẫn",
    "ADDITION": 15,
    "CHAPERID": 14,
    "LAST": 1,
    "WEIGHT": 1
  },
  "923": {
    "NATUREID": "ppthr",
    "TYPE": 8,
    "REMARKS": "Phá Giáp",
    "BPATH": "buff_icon_05",
    "NAME": "破甲攻击",
    "NAME_VN": "Tấn Công Phá Giáp",
    "ADDITION": 15,
    "CHAPERID": 9,
    "LAST": 1,
    "WEIGHT": 1
  },
  "1220": {
    "NATUREID": "pcrid",
    "TYPE": 8,
    "REMARKS": "ST Bạo Kích",
    "BPATH": "buff_icon_02",
    "NAME": "残忍",
    "NAME_VN": "Tàn Nhẫn",
    "ADDITION": 15,
    "CHAPERID": 12,
    "LAST": 1,
    "WEIGHT": 1
  },
  "511": {
    "NATUREID": "ppthr",
    "TYPE": 2,
    "REMARKS": "Phá Giáp",
    "BPATH": "buff_icon_05",
    "NAME": "破甲攻击",
    "NAME_VN": "Tấn Công Phá Giáp",
    "ADDITION": 1,
    "CHAPERID": 5,
    "LAST": 0,
    "WEIGHT": 1
  },
  "204": {
    "NATUREID": "atk",
    "TYPE": 1,
    "REMARKS": "Tấn Công",
    "BPATH": "buff_icon_04",
    "NAME": "力量祝福",
    "NAME_VN": "Chúc Phúc Sức Mạnh",
    "ADDITION": 1,
    "CHAPERID": 2,
    "LAST": 0,
    "WEIGHT": 1
  },
  "1124": {
    "NATUREID": "pmthr",
    "TYPE": 8,
    "REMARKS": "Xuyên Phép",
    "BPATH": "buff_icon_06",
    "NAME": "法术穿透",
    "NAME_VN": "Xuyên Phép",
    "ADDITION": 15,
    "CHAPERID": 11,
    "LAST": 1,
    "WEIGHT": 1
  },
  "614": {
    "NATUREID": "pcrid",
    "TYPE": 3,
    "REMARKS": "ST Bạo Kích",
    "BPATH": "buff_icon_02",
    "NAME": "残忍",
    "NAME_VN": "Tàn Nhẫn",
    "ADDITION": 2,
    "CHAPERID": 6,
    "LAST": 0,
    "WEIGHT": 1
  },
  "617": {
    "NATUREID": "ppthr",
    "TYPE": 3,
    "REMARKS": "Phá Giáp",
    "BPATH": "buff_icon_05",
    "NAME": "破甲攻击",
    "NAME_VN": "Tấn Công Phá Giáp",
    "ADDITION": 2,
    "CHAPERID": 6,
    "LAST": 0,
    "WEIGHT": 1
  },
  "1501": {
    "NATUREID": "pskidam",
    "TYPE": 1,
    "REMARKS": "ST Kỹ Năng",
    "BPATH": "buff_icon_01",
    "NAME": "智慧祝福",
    "NAME_VN": "Chúc Phúc Trí Tuệ",
    "ADDITION": 0.5,
    "CHAPERID": 15,
    "LAST": 0,
    "WEIGHT": 1
  },
  "422": {
    "NATUREID": "atk",
    "TYPE": 8,
    "REMARKS": "Tấn Công",
    "BPATH": "buff_icon_04",
    "NAME": "力量祝福",
    "NAME_VN": "Chúc Phúc Sức Mạnh",
    "ADDITION": 30,
    "CHAPERID": 4,
    "LAST": 1,
    "WEIGHT": 1
  },
  "1316": {
    "NATUREID": "atk",
    "TYPE": 3,
    "REMARKS": "Tấn Công",
    "BPATH": "buff_icon_04",
    "NAME": "力量祝福",
    "NAME_VN": "Chúc Phúc Sức Mạnh",
    "ADDITION": 4,
    "CHAPERID": 13,
    "LAST": 0,
    "WEIGHT": 1
  },
  "605": {
    "NATUREID": "ppthr",
    "TYPE": 1,
    "REMARKS": "Phá Giáp",
    "BPATH": "buff_icon_05",
    "NAME": "破甲攻击",
    "NAME_VN": "Tấn Công Phá Giáp",
    "ADDITION": 0.5,
    "CHAPERID": 6,
    "LAST": 0,
    "WEIGHT": 1
  },
  "708": {
    "NATUREID": "pcrid",
    "TYPE": 2,
    "REMARKS": "ST Bạo Kích",
    "BPATH": "buff_icon_02",
    "NAME": "残忍",
    "NAME_VN": "Tàn Nhẫn",
    "ADDITION": 1,
    "CHAPERID": 7,
    "LAST": 0,
    "WEIGHT": 1
  },
  "712": {
    "NATUREID": "pmthr",
    "TYPE": 2,
    "REMARKS": "Xuyên Phép",
    "BPATH": "buff_icon_06",
    "NAME": "法术穿透",
    "NAME_VN": "Xuyên Phép",
    "ADDITION": 1,
    "CHAPERID": 7,
    "LAST": 0,
    "WEIGHT": 1
  },
  "914": {
    "NATUREID": "pcrid",
    "TYPE": 3,
    "REMARKS": "ST Bạo Kích",
    "BPATH": "buff_icon_02",
    "NAME": "残忍",
    "NAME_VN": "Tàn Nhẫn",
    "ADDITION": 2,
    "CHAPERID": 9,
    "LAST": 0,
    "WEIGHT": 1
  },
  "1411": {
    "NATUREID": "ppthr",
    "TYPE": 2,
    "REMARKS": "Phá Giáp",
    "BPATH": "buff_icon_05",
    "NAME": "破甲攻击",
    "NAME_VN": "Tấn Công Phá Giáp",
    "ADDITION": 1,
    "CHAPERID": 14,
    "LAST": 0,
    "WEIGHT": 1
  },
  "324": {
    "NATUREID": "pmthr",
    "TYPE": 8,
    "REMARKS": "Xuyên Phép",
    "BPATH": "buff_icon_06",
    "NAME": "法术穿透",
    "NAME_VN": "Xuyên Phép",
    "ADDITION": 15,
    "CHAPERID": 3,
    "LAST": 1,
    "WEIGHT": 1
  },
  "1013": {
    "NATUREID": "pskidam",
    "TYPE": 3,
    "REMARKS": "ST Kỹ Năng",
    "BPATH": "buff_icon_01",
    "NAME": "智慧祝福",
    "NAME_VN": "Chúc Phúc Trí Tuệ",
    "ADDITION": 2,
    "CHAPERID": 10,
    "LAST": 0,
    "WEIGHT": 1
  },
  "1408": {
    "NATUREID": "pcrid",
    "TYPE": 2,
    "REMARKS": "ST Bạo Kích",
    "BPATH": "buff_icon_02",
    "NAME": "残忍",
    "NAME_VN": "Tàn Nhẫn",
    "ADDITION": 1,
    "CHAPERID": 14,
    "LAST": 0,
    "WEIGHT": 1
  },
  "524": {
    "NATUREID": "pmthr",
    "TYPE": 8,
    "REMARKS": "Xuyên Phép",
    "BPATH": "buff_icon_06",
    "NAME": "法术穿透",
    "NAME_VN": "Xuyên Phép",
    "ADDITION": 15,
    "CHAPERID": 5,
    "LAST": 1,
    "WEIGHT": 1
  },
  "106": {
    "NATUREID": "pmthr",
    "TYPE": 1,
    "REMARKS": "Xuyên Phép",
    "BPATH": "buff_icon_06",
    "NAME": "法术穿透",
    "NAME_VN": "Xuyên Phép",
    "ADDITION": 0.5,
    "CHAPERID": 1,
    "LAST": 0,
    "WEIGHT": 1
  },
  "1524": {
    "NATUREID": "pmthr",
    "TYPE": 8,
    "REMARKS": "Xuyên Phép",
    "BPATH": "buff_icon_06",
    "NAME": "法术穿透",
    "NAME_VN": "Xuyên Phép",
    "ADDITION": 15,
    "CHAPERID": 15,
    "LAST": 1,
    "WEIGHT": 1
  },
  "1401": {
    "NATUREID": "pskidam",
    "TYPE": 1,
    "REMARKS": "ST Kỹ Năng",
    "BPATH": "buff_icon_01",
    "NAME": "智慧祝福",
    "NAME_VN": "Chúc Phúc Trí Tuệ",
    "ADDITION": 0.5,
    "CHAPERID": 14,
    "LAST": 0,
    "WEIGHT": 1
  },
  "719": {
    "NATUREID": "pskidam",
    "TYPE": 8,
    "REMARKS": "ST Kỹ Năng",
    "BPATH": "buff_icon_01",
    "NAME": "智慧祝福",
    "NAME_VN": "Chúc Phúc Trí Tuệ",
    "ADDITION": 15,
    "CHAPERID": 7,
    "LAST": 1,
    "WEIGHT": 1
  },
  "818": {
    "NATUREID": "pmthr",
    "TYPE": 3,
    "REMARKS": "Xuyên Phép",
    "BPATH": "buff_icon_06",
    "NAME": "法术穿透",
    "NAME_VN": "Xuyên Phép",
    "ADDITION": 2,
    "CHAPERID": 8,
    "LAST": 0,
    "WEIGHT": 1
  },
  "410": {
    "NATUREID": "atk",
    "TYPE": 2,
    "REMARKS": "Tấn Công",
    "BPATH": "buff_icon_04",
    "NAME": "力量祝福",
    "NAME_VN": "Chúc Phúc Sức Mạnh",
    "ADDITION": 2,
    "CHAPERID": 4,
    "LAST": 0,
    "WEIGHT": 1
  },
  "717": {
    "NATUREID": "ppthr",
    "TYPE": 3,
    "REMARKS": "Phá Giáp",
    "BPATH": "buff_icon_05",
    "NAME": "破甲攻击",
    "NAME_VN": "Tấn Công Phá Giáp",
    "ADDITION": 2,
    "CHAPERID": 7,
    "LAST": 0,
    "WEIGHT": 1
  },
  "616": {
    "NATUREID": "atk",
    "TYPE": 3,
    "REMARKS": "Tấn Công",
    "BPATH": "buff_icon_04",
    "NAME": "力量祝福",
    "NAME_VN": "Chúc Phúc Sức Mạnh",
    "ADDITION": 4,
    "CHAPERID": 6,
    "LAST": 0,
    "WEIGHT": 1
  },
  "820": {
    "NATUREID": "pcrid",
    "TYPE": 8,
    "REMARKS": "ST Bạo Kích",
    "BPATH": "buff_icon_02",
    "NAME": "残忍",
    "NAME_VN": "Tàn Nhẫn",
    "ADDITION": 15,
    "CHAPERID": 8,
    "LAST": 1,
    "WEIGHT": 1
  },
  "906": {
    "NATUREID": "pmthr",
    "TYPE": 1,
    "REMARKS": "Xuyên Phép",
    "BPATH": "buff_icon_06",
    "NAME": "法术穿透",
    "NAME_VN": "Xuyên Phép",
    "ADDITION": 0.5,
    "CHAPERID": 9,
    "LAST": 0,
    "WEIGHT": 1
  },
  "1223": {
    "NATUREID": "ppthr",
    "TYPE": 8,
    "REMARKS": "Phá Giáp",
    "BPATH": "buff_icon_05",
    "NAME": "破甲攻击",
    "NAME_VN": "Tấn Công Phá Giáp",
    "ADDITION": 15,
    "CHAPERID": 12,
    "LAST": 1,
    "WEIGHT": 1
  },
  "809": {
    "NATUREID": "pcri",
    "TYPE": 2,
    "REMARKS": "Tỷ Lệ Bạo Kích",
    "BPATH": "buff_icon_03",
    "NAME": "狂暴",
    "NAME_VN": "Cuồng Bạo",
    "ADDITION": 1,
    "CHAPERID": 8,
    "LAST": 0,
    "WEIGHT": 1
  },
  "1018": {
    "NATUREID": "pmthr",
    "TYPE": 3,
    "REMARKS": "Xuyên Phép",
    "BPATH": "buff_icon_06",
    "NAME": "法术穿透",
    "NAME_VN": "Xuyên Phép",
    "ADDITION": 2,
    "CHAPERID": 10,
    "LAST": 0,
    "WEIGHT": 1
  },
  "916": {
    "NATUREID": "atk",
    "TYPE": 3,
    "REMARKS": "Tấn Công",
    "BPATH": "buff_icon_04",
    "NAME": "力量祝福",
    "NAME_VN": "Chúc Phúc Sức Mạnh",
    "ADDITION": 4,
    "CHAPERID": 9,
    "LAST": 0,
    "WEIGHT": 1
  },
  "1203": {
    "NATUREID": "pcri",
    "TYPE": 1,
    "REMARKS": "Tỷ Lệ Bạo Kích",
    "BPATH": "buff_icon_03",
    "NAME": "狂暴",
    "NAME_VN": "Cuồng Bạo",
    "ADDITION": 0.5,
    "CHAPERID": 12,
    "LAST": 0,
    "WEIGHT": 1
  },
  "516": {
    "NATUREID": "atk",
    "TYPE": 3,
    "REMARKS": "Tấn Công",
    "BPATH": "buff_icon_04",
    "NAME": "力量祝福",
    "NAME_VN": "Chúc Phúc Sức Mạnh",
    "ADDITION": 4,
    "CHAPERID": 5,
    "LAST": 0,
    "WEIGHT": 1
  },
  "1405": {
    "NATUREID": "ppthr",
    "TYPE": 1,
    "REMARKS": "Phá Giáp",
    "BPATH": "buff_icon_05",
    "NAME": "破甲攻击",
    "NAME_VN": "Tấn Công Phá Giáp",
    "ADDITION": 0.5,
    "CHAPERID": 14,
    "LAST": 0,
    "WEIGHT": 1
  },
  "1017": {
    "NATUREID": "ppthr",
    "TYPE": 3,
    "REMARKS": "Phá Giáp",
    "BPATH": "buff_icon_05",
    "NAME": "破甲攻击",
    "NAME_VN": "Tấn Công Phá Giáp",
    "ADDITION": 2,
    "CHAPERID": 10,
    "LAST": 0,
    "WEIGHT": 1
  },
  "811": {
    "NATUREID": "ppthr",
    "TYPE": 2,
    "REMARKS": "Phá Giáp",
    "BPATH": "buff_icon_05",
    "NAME": "破甲攻击",
    "NAME_VN": "Tấn Công Phá Giáp",
    "ADDITION": 1,
    "CHAPERID": 8,
    "LAST": 0,
    "WEIGHT": 1
  },
  "1511": {
    "NATUREID": "ppthr",
    "TYPE": 2,
    "REMARKS": "Phá Giáp",
    "BPATH": "buff_icon_05",
    "NAME": "破甲攻击",
    "NAME_VN": "Tấn Công Phá Giáp",
    "ADDITION": 1,
    "CHAPERID": 15,
    "LAST": 0,
    "WEIGHT": 1
  },
  "1008": {
    "NATUREID": "pcrid",
    "TYPE": 2,
    "REMARKS": "ST Bạo Kích",
    "BPATH": "buff_icon_02",
    "NAME": "残忍",
    "NAME_VN": "Tàn Nhẫn",
    "ADDITION": 1,
    "CHAPERID": 10,
    "LAST": 0,
    "WEIGHT": 1
  },
  "806": {
    "NATUREID": "pmthr",
    "TYPE": 1,
    "REMARKS": "Xuyên Phép",
    "BPATH": "buff_icon_06",
    "NAME": "法术穿透",
    "NAME_VN": "Xuyên Phép",
    "ADDITION": 0.5,
    "CHAPERID": 8,
    "LAST": 0,
    "WEIGHT": 1
  },
  "917": {
    "NATUREID": "ppthr",
    "TYPE": 3,
    "REMARKS": "Phá Giáp",
    "BPATH": "buff_icon_05",
    "NAME": "破甲攻击",
    "NAME_VN": "Tấn Công Phá Giáp",
    "ADDITION": 2,
    "CHAPERID": 9,
    "LAST": 0,
    "WEIGHT": 1
  },
  "1114": {
    "NATUREID": "pcrid",
    "TYPE": 3,
    "REMARKS": "ST Bạo Kích",
    "BPATH": "buff_icon_02",
    "NAME": "残忍",
    "NAME_VN": "Tàn Nhẫn",
    "ADDITION": 2,
    "CHAPERID": 11,
    "LAST": 0,
    "WEIGHT": 1
  },
  "510": {
    "NATUREID": "atk",
    "TYPE": 2,
    "REMARKS": "Tấn Công",
    "BPATH": "buff_icon_04",
    "NAME": "力量祝福",
    "NAME_VN": "Chúc Phúc Sức Mạnh",
    "ADDITION": 2,
    "CHAPERID": 5,
    "LAST": 0,
    "WEIGHT": 1
  },
  "910": {
    "NATUREID": "atk",
    "TYPE": 2,
    "REMARKS": "Tấn Công",
    "BPATH": "buff_icon_04",
    "NAME": "力量祝福",
    "NAME_VN": "Chúc Phúc Sức Mạnh",
    "ADDITION": 2,
    "CHAPERID": 9,
    "LAST": 0,
    "WEIGHT": 1
  },
  "1304": {
    "NATUREID": "atk",
    "TYPE": 1,
    "REMARKS": "Tấn Công",
    "BPATH": "buff_icon_04",
    "NAME": "力量祝福",
    "NAME_VN": "Chúc Phúc Sức Mạnh",
    "ADDITION": 1,
    "CHAPERID": 13,
    "LAST": 0,
    "WEIGHT": 1
  },
  "1022": {
    "NATUREID": "atk",
    "TYPE": 8,
    "REMARKS": "Tấn Công",
    "BPATH": "buff_icon_04",
    "NAME": "力量祝福",
    "NAME_VN": "Chúc Phúc Sức Mạnhs",
    "ADDITION": 30,
    "CHAPERID": 10,
    "LAST": 1,
    "WEIGHT": 1
  },
  "1312": {
    "NATUREID": "pmthr",
    "TYPE": 2,
    "REMARKS": "Xuyên Phép",
    "BPATH": "buff_icon_06",
    "NAME": "法术穿透",
    "NAME_VN": "Xuyên Phép",
    "ADDITION": 1,
    "CHAPERID": 13,
    "LAST": 0,
    "WEIGHT": 1
  },
  "317": {
    "NATUREID": "ppthr",
    "TYPE": 3,
    "REMARKS": "Phá Giáp",
    "BPATH": "buff_icon_05",
    "NAME": "破甲攻击",
    "NAME_VN": "Tấn Công Phá Giáp",
    "ADDITION": 2,
    "CHAPERID": 3,
    "LAST": 0,
    "WEIGHT": 1
  },
  "1218": {
    "NATUREID": "pmthr",
    "TYPE": 3,
    "REMARKS": "Xuyên Phép",
    "BPATH": "buff_icon_06",
    "NAME": "法术穿透",
    "NAME_VN": "Xuyên Phép",
    "ADDITION": 2,
    "CHAPERID": 12,
    "LAST": 0,
    "WEIGHT": 1
  },
  "210": {
    "NATUREID": "atk",
    "TYPE": 2,
    "REMARKS": "Tấn Công",
    "BPATH": "buff_icon_04",
    "NAME": "力量祝福",
    "NAME_VN": "Chúc Phúc Sức Mạnh",
    "ADDITION": 2,
    "CHAPERID": 2,
    "LAST": 0,
    "WEIGHT": 1
  },
  "509": {
    "NATUREID": "pcri",
    "TYPE": 2,
    "REMARKS": "Tỷ Lệ Bạo Kích",
    "BPATH": "buff_icon_03",
    "NAME": "狂暴",
    "NAME_VN": "Cuồng Bạo",
    "ADDITION": 1,
    "CHAPERID": 5,
    "LAST": 0,
    "WEIGHT": 1
  },
  "414": {
    "NATUREID": "pcrid",
    "TYPE": 3,
    "REMARKS": "ST Bạo Kích",
    "BPATH": "buff_icon_02",
    "NAME": "残忍",
    "NAME_VN": "Tàn Nhẫn",
    "ADDITION": 2,
    "CHAPERID": 4,
    "LAST": 0,
    "WEIGHT": 1
  },
  "1418": {
    "NATUREID": "pmthr",
    "TYPE": 3,
    "REMARKS": "Xuyên Phép",
    "BPATH": "buff_icon_06",
    "NAME": "法术穿透",
    "NAME_VN": "Xuyên Phép",
    "ADDITION": 2,
    "CHAPERID": 14,
    "LAST": 0,
    "WEIGHT": 1
  },
  "1103": {
    "NATUREID": "pcri",
    "TYPE": 1,
    "REMARKS": "Tỷ Lệ Bạo Kích",
    "BPATH": "buff_icon_03",
    "NAME": "狂暴",
    "NAME_VN": "Cuồng Bạo",
    "ADDITION": 0.5,
    "CHAPERID": 11,
    "LAST": 0,
    "WEIGHT": 1
  },
  "903": {
    "NATUREID": "pcri",
    "TYPE": 1,
    "REMARKS": "Tỷ Lệ Bạo Kích",
    "BPATH": "buff_icon_03",
    "NAME": "狂暴",
    "NAME_VN": "Cuồng Bạo",
    "ADDITION": 0.5,
    "CHAPERID": 9,
    "LAST": 0,
    "WEIGHT": 1
  },
  "303": {
    "NATUREID": "pcri",
    "TYPE": 1,
    "REMARKS": "Tỷ Lệ Bạo Kích",
    "BPATH": "buff_icon_03",
    "NAME": "狂暴",
    "NAME_VN": "Cuồng Bạo",
    "ADDITION": 0.5,
    "CHAPERID": 3,
    "LAST": 0,
    "WEIGHT": 1
  },
  "517": {
    "NATUREID": "ppthr",
    "TYPE": 3,
    "REMARKS": "Phá Giáp",
    "BPATH": "buff_icon_05",
    "NAME": "破甲攻击",
    "NAME_VN": "Tấn Công Phá Giáp",
    "ADDITION": 2,
    "CHAPERID": 5,
    "LAST": 0,
    "WEIGHT": 1
  },
  "518": {
    "NATUREID": "pmthr",
    "TYPE": 3,
    "REMARKS": "Xuyên Phép",
    "BPATH": "buff_icon_06",
    "NAME": "法术穿透",
    "NAME_VN": "Xuyên Phép",
    "ADDITION": 2,
    "CHAPERID": 5,
    "LAST": 0,
    "WEIGHT": 1
  },
  "920": {
    "NATUREID": "pcrid",
    "TYPE": 8,
    "REMARKS": "ST Bạo Kích",
    "BPATH": "buff_icon_02",
    "NAME": "残忍",
    "NAME_VN": "Tàn Nhẫn",
    "ADDITION": 15,
    "CHAPERID": 9,
    "LAST": 1,
    "WEIGHT": 1
  },
  "1112": {
    "NATUREID": "pmthr",
    "TYPE": 2,
    "REMARKS": "Xuyên Phép",
    "BPATH": "buff_icon_06",
    "NAME": "法术穿透",
    "NAME_VN": "Xuyên Phép",
    "ADDITION": 1,
    "CHAPERID": 11,
    "LAST": 0,
    "WEIGHT": 1
  },
  "823": {
    "NATUREID": "ppthr",
    "TYPE": 8,
    "REMARKS": "Phá Giáp",
    "BPATH": "buff_icon_05",
    "NAME": "破甲攻击",
    "NAME_VN": "Tấn Công Phá Giáp",
    "ADDITION": 15,
    "CHAPERID": 8,
    "LAST": 1,
    "WEIGHT": 1
  },
  "1406": {
    "NATUREID": "pmthr",
    "TYPE": 1,
    "REMARKS": "Xuyên Phép",
    "BPATH": "buff_icon_06",
    "NAME": "法术穿透",
    "NAME_VN": "Xuyên Phép",
    "ADDITION": 0.5,
    "CHAPERID": 14,
    "LAST": 0,
    "WEIGHT": 1
  },
  "304": {
    "NATUREID": "atk",
    "TYPE": 1,
    "REMARKS": "Tấn Công",
    "BPATH": "buff_icon_04",
    "NAME": "力量祝福",
    "NAME_VN": "Chúc Phúc Sức Mạnh",
    "ADDITION": 1,
    "CHAPERID": 3,
    "LAST": 0,
    "WEIGHT": 1
  },
  "1106": {
    "NATUREID": "pmthr",
    "TYPE": 1,
    "REMARKS": "Xuyên Phép",
    "BPATH": "buff_icon_06",
    "NAME": "法术穿透",
    "NAME_VN": "Xuyên Phép",
    "ADDITION": 0.5,
    "CHAPERID": 11,
    "LAST": 0,
    "WEIGHT": 1
  },
  "107": {
    "NATUREID": "pskidam",
    "TYPE": 2,
    "REMARKS": "ST Kỹ Năng",
    "BPATH": "buff_icon_01",
    "NAME": "智慧祝福",
    "NAME_VN": "Chúc Phúc Trí Tuệ",
    "ADDITION": 1,
    "CHAPERID": 1,
    "LAST": 0,
    "WEIGHT": 1
  },
  "415": {
    "NATUREID": "pcri",
    "TYPE": 3,
    "REMARKS": "Tỷ Lệ Bạo Kích",
    "BPATH": "buff_icon_03",
    "NAME": "狂暴",
    "NAME_VN": "Cuồng Bạo",
    "ADDITION": 2,
    "CHAPERID": 4,
    "LAST": 0,
    "WEIGHT": 1
  },
  "121": {
    "NATUREID": "pcri",
    "TYPE": 8,
    "REMARKS": "Tỷ Lệ Bạo Kích",
    "BPATH": "buff_icon_03",
    "NAME": "狂暴",
    "NAME_VN": "Cuồng Bạo",
    "ADDITION": 10,
    "CHAPERID": 1,
    "LAST": 1,
    "WEIGHT": 1
  },
  "118": {
    "NATUREID": "pmthr",
    "TYPE": 3,
    "REMARKS": "Xuyên Phép",
    "BPATH": "buff_icon_06",
    "NAME": "法术穿透",
    "NAME_VN": "Xuyên Phép",
    "ADDITION": 2,
    "CHAPERID": 1,
    "LAST": 0,
    "WEIGHT": 1
  },
  "322": {
    "NATUREID": "atk",
    "TYPE": 8,
    "REMARKS": "Tấn Công",
    "BPATH": "buff_icon_04",
    "NAME": "力量祝福",
    "NAME_VN": "Chúc Phúc Sức Mạnh",
    "ADDITION": 30,
    "CHAPERID": 3,
    "LAST": 1,
    "WEIGHT": 1
  },
  "801": {
    "NATUREID": "pskidam",
    "TYPE": 1,
    "REMARKS": "ST Kỹ Năng",
    "BPATH": "buff_icon_01",
    "NAME": "智慧祝福",
    "NAME_VN": "Chúc Phúc Trí Tuệ",
    "ADDITION": 0.5,
    "CHAPERID": 8,
    "LAST": 0,
    "WEIGHT": 1
  },
  "1407": {
    "NATUREID": "pskidam",
    "TYPE": 2,
    "REMARKS": "ST Kỹ Năng",
    "BPATH": "buff_icon_01",
    "NAME": "智慧祝福",
    "NAME_VN": "Chúc Phúc Trí Tuệ",
    "ADDITION": 1,
    "CHAPERID": 14,
    "LAST": 0,
    "WEIGHT": 1
  },
  "104": {
    "NATUREID": "atk",
    "TYPE": 1,
    "REMARKS": "Tấn Công",
    "BPATH": "buff_icon_04",
    "NAME": "力量祝福",
    "NAME_VN": "Chúc Phúc Sức Mạnh",
    "ADDITION": 1,
    "CHAPERID": 1,
    "LAST": 0,
    "WEIGHT": 1
  },
  "1019": {
    "NATUREID": "pskidam",
    "TYPE": 8,
    "REMARKS": "ST Kỹ Năng",
    "BPATH": "buff_icon_01",
    "NAME": "智慧祝福",
    "NAME_VN": "Chúc Phúc Trí Tuệ",
    "ADDITION": 15,
    "CHAPERID": 10,
    "LAST": 1,
    "WEIGHT": 1
  },
  "315": {
    "NATUREID": "pcri",
    "TYPE": 3,
    "REMARKS": "Tỷ Lệ Bạo Kích",
    "BPATH": "buff_icon_03",
    "NAME": "狂暴",
    "NAME_VN": "Cuồng Bạo",
    "ADDITION": 2,
    "CHAPERID": 3,
    "LAST": 0,
    "WEIGHT": 1
  },
  "202": {
    "NATUREID": "pcrid",
    "TYPE": 1,
    "REMARKS": "ST Bạo Kích",
    "BPATH": "buff_icon_02",
    "NAME": "残忍",
    "NAME_VN": "Tàn Nhẫn",
    "ADDITION": 0.5,
    "CHAPERID": 2,
    "LAST": 0,
    "WEIGHT": 1
  },
  "1120": {
    "NATUREID": "pcrid",
    "TYPE": 8,
    "REMARKS": "ST Bạo Kích",
    "BPATH": "buff_icon_02",
    "NAME": "残忍",
    "NAME_VN": "Tàn Nhẫn",
    "ADDITION": 15,
    "CHAPERID": 11,
    "LAST": 1,
    "WEIGHT": 1
  },
  "506": {
    "NATUREID": "pmthr",
    "TYPE": 1,
    "REMARKS": "Xuyên Phép",
    "BPATH": "buff_icon_06",
    "NAME": "法术穿透",
    "NAME_VN": "Xuyên Phép",
    "ADDITION": 0.5,
    "CHAPERID": 5,
    "LAST": 0,
    "WEIGHT": 1
  },
  "713": {
    "NATUREID": "pskidam",
    "TYPE": 3,
    "REMARKS": "ST Kỹ Năng",
    "BPATH": "buff_icon_01",
    "NAME": "智慧祝福",
    "NAME_VN": "Chúc Phúc Trí Tuệ",
    "ADDITION": 2,
    "CHAPERID": 7,
    "LAST": 0,
    "WEIGHT": 1
  },
  "1118": {
    "NATUREID": "pmthr",
    "TYPE": 3,
    "REMARKS": "Xuyên Phép",
    "BPATH": "buff_icon_06",
    "NAME": "法术穿透",
    "NAME_VN": "Xuyên Phép",
    "ADDITION": 2,
    "CHAPERID": 11,
    "LAST": 0,
    "WEIGHT": 1
  },
  "607": {
    "NATUREID": "pskidam",
    "TYPE": 2,
    "REMARKS": "ST Kỹ Năng",
    "BPATH": "buff_icon_01",
    "NAME": "智慧祝福",
    "NAME_VN": "Chúc Phúc Trí Tuệ",
    "ADDITION": 1,
    "CHAPERID": 6,
    "LAST": 0,
    "WEIGHT": 1
  },
  "1321": {
    "NATUREID": "pcri",
    "TYPE": 8,
    "REMARKS": "Tỷ Lệ Bạo Kích",
    "BPATH": "buff_icon_03",
    "NAME": "狂暴",
    "NAME_VN": "Cuồng Bạo",
    "ADDITION": 10,
    "CHAPERID": 13,
    "LAST": 1,
    "WEIGHT": 1
  },
  "309": {
    "NATUREID": "pcri",
    "TYPE": 2,
    "REMARKS": "Tỷ Lệ Bạo Kích",
    "BPATH": "buff_icon_03",
    "NAME": "狂暴",
    "NAME_VN": "Cuồng Bạo",
    "ADDITION": 1,
    "CHAPERID": 3,
    "LAST": 0,
    "WEIGHT": 1
  },
  "203": {
    "NATUREID": "pcri",
    "TYPE": 1,
    "REMARKS": "Tỷ Lệ Bạo Kích",
    "BPATH": "buff_icon_03",
    "NAME": "狂暴",
    "NAME_VN": "Cuồng Bạo",
    "ADDITION": 0.5,
    "CHAPERID": 2,
    "LAST": 0,
    "WEIGHT": 1
  },
  "1509": {
    "NATUREID": "pcri",
    "TYPE": 2,
    "REMARKS": "Tỷ Lệ Bạo Kích",
    "BPATH": "buff_icon_03",
    "NAME": "狂暴",
    "NAME_VN": "Cuồng Bạo",
    "ADDITION": 1,
    "CHAPERID": 15,
    "LAST": 0,
    "WEIGHT": 1
  },
  "704": {
    "NATUREID": "atk",
    "TYPE": 1,
    "REMARKS": "Tấn Công",
    "BPATH": "buff_icon_04",
    "NAME": "力量祝福",
    "NAME_VN": "Chúc Phúc Sức Mạnh",
    "ADDITION": 1,
    "CHAPERID": 7,
    "LAST": 0,
    "WEIGHT": 1
  },
  "208": {
    "NATUREID": "pcrid",
    "TYPE": 2,
    "REMARKS": "ST Bạo Kích",
    "BPATH": "buff_icon_02",
    "NAME": "残忍",
    "NAME_VN": "Tàn Nhẫn",
    "ADDITION": 1,
    "CHAPERID": 2,
    "LAST": 0,
    "WEIGHT": 1
  },
  "1212": {
    "NATUREID": "pmthr",
    "TYPE": 2,
    "REMARKS": "Xuyên Phép",
    "BPATH": "buff_icon_06",
    "NAME": "法术穿透",
    "NAME_VN": "Xuyên Phép",
    "ADDITION": 1,
    "CHAPERID": 12,
    "LAST": 0,
    "WEIGHT": 1
  },
  "1317": {
    "NATUREID": "ppthr",
    "TYPE": 3,
    "REMARKS": "Phá Giáp",
    "BPATH": "buff_icon_05",
    "NAME": "破甲攻击",
    "NAME_VN": "Tấn Công Phá Giáp",
    "ADDITION": 2,
    "CHAPERID": 13,
    "LAST": 0,
    "WEIGHT": 1
  },
  "1104": {
    "NATUREID": "atk",
    "TYPE": 1,
    "REMARKS": "Tấn Công",
    "BPATH": "buff_icon_04",
    "NAME": "力量祝福",
    "NAME_VN": "Chúc Phúc Sức Mạnh",
    "ADDITION": 1,
    "CHAPERID": 11,
    "LAST": 0,
    "WEIGHT": 1
  },
  "1217": {
    "NATUREID": "ppthr",
    "TYPE": 3,
    "REMARKS": "Phá Giáp",
    "BPATH": "buff_icon_05",
    "NAME": "破甲攻击",
    "NAME_VN": "Tấn Công Phá Giáp",
    "ADDITION": 2,
    "CHAPERID": 12,
    "LAST": 0,
    "WEIGHT": 1
  },
  "1024": {
    "NATUREID": "pmthr",
    "TYPE": 8,
    "REMARKS": "Xuyên Phép",
    "BPATH": "buff_icon_06",
    "NAME": "法术穿透",
    "NAME_VN": "Xuyên Phép",
    "ADDITION": 15,
    "CHAPERID": 10,
    "LAST": 1,
    "WEIGHT": 1
  },
  "1318": {
    "NATUREID": "pmthr",
    "TYPE": 3,
    "REMARKS": "Xuyên Phép",
    "BPATH": "buff_icon_06",
    "NAME": "法术穿透",
    "NAME_VN": "Xuyên Phép",
    "ADDITION": 2,
    "CHAPERID": 13,
    "LAST": 0,
    "WEIGHT": 1
  },
  "902": {
    "NATUREID": "pcrid",
    "TYPE": 1,
    "REMARKS": "ST Bạo Kích",
    "BPATH": "buff_icon_02",
    "NAME": "残忍",
    "NAME_VN": "Tàn Nhẫn",
    "ADDITION": 0.5,
    "CHAPERID": 9,
    "LAST": 0,
    "WEIGHT": 1
  },
  "1502": {
    "NATUREID": "pcrid",
    "TYPE": 1,
    "REMARKS": "ST Bạo Kích",
    "BPATH": "buff_icon_02",
    "NAME": "残忍",
    "NAME_VN": "Tàn Nhẫn",
    "ADDITION": 0.5,
    "CHAPERID": 15,
    "LAST": 0,
    "WEIGHT": 1
  },
  "314": {
    "NATUREID": "pcrid",
    "TYPE": 3,
    "REMARKS": "ST Bạo Kích",
    "BPATH": "buff_icon_02",
    "NAME": "残忍",
    "NAME_VN": "Tàn Nhẫn",
    "ADDITION": 2,
    "CHAPERID": 3,
    "LAST": 0,
    "WEIGHT": 1
  },
  "1504": {
    "NATUREID": "atk",
    "TYPE": 1,
    "REMARKS": "Tấn Công",
    "BPATH": "buff_icon_04",
    "NAME": "力量祝福",
    "NAME_VN": "Chúc Phúc Sức Mạnh",
    "ADDITION": 1,
    "CHAPERID": 15,
    "LAST": 0,
    "WEIGHT": 1
  },
  "1105": {
    "NATUREID": "ppthr",
    "TYPE": 1,
    "REMARKS": "Phá Giáp",
    "BPATH": "buff_icon_05",
    "NAME": "破甲攻击",
    "NAME_VN": "Tấn Công Phá Giáp",
    "ADDITION": 0.5,
    "CHAPERID": 11,
    "LAST": 0,
    "WEIGHT": 1
  },
  "1214": {
    "NATUREID": "pcrid",
    "TYPE": 3,
    "REMARKS": "ST Bạo Kích",
    "BPATH": "buff_icon_02",
    "NAME": "残忍",
    "NAME_VN": "Tàn Nhẫn",
    "ADDITION": 2,
    "CHAPERID": 12,
    "LAST": 0,
    "WEIGHT": 1
  },
  "112": {
    "NATUREID": "pmthr",
    "TYPE": 2,
    "REMARKS": "Xuyên Phép",
    "BPATH": "buff_icon_06",
    "NAME": "法术穿透",
    "NAME_VN": "Xuyên Phép",
    "ADDITION": 1,
    "CHAPERID": 1,
    "LAST": 0,
    "WEIGHT": 1
  },
  "805": {
    "NATUREID": "ppthr",
    "TYPE": 1,
    "REMARKS": "Phá Giáp",
    "BPATH": "buff_icon_05",
    "NAME": "破甲攻击",
    "NAME_VN": "Tấn Công Phá Giáp",
    "ADDITION": 0.5,
    "CHAPERID": 8,
    "LAST": 0,
    "WEIGHT": 1
  },
  "308": {
    "NATUREID": "pcrid",
    "TYPE": 2,
    "REMARKS": "ST Bạo Kích",
    "BPATH": "buff_icon_02",
    "NAME": "残忍",
    "NAME_VN": "Tàn Nhẫn",
    "ADDITION": 1,
    "CHAPERID": 3,
    "LAST": 0,
    "WEIGHT": 1
  },
  "110": {
    "NATUREID": "atk",
    "TYPE": 2,
    "REMARKS": "Tấn Công",
    "BPATH": "buff_icon_04",
    "NAME": "力量祝福",
    "NAME_VN": "Chúc Phúc Sức Mạnh",
    "ADDITION": 2,
    "CHAPERID": 1,
    "LAST": 0,
    "WEIGHT": 1
  },
  "306": {
    "NATUREID": "pmthr",
    "TYPE": 1,
    "REMARKS": "Xuyên Phép",
    "BPATH": "buff_icon_06",
    "NAME": "法术穿透",
    "NAME_VN": "Xuyên Phép",
    "ADDITION": 0.5,
    "CHAPERID": 3,
    "LAST": 0,
    "WEIGHT": 1
  },
  "1416": {
    "NATUREID": "atk",
    "TYPE": 3,
    "REMARKS": "Tấn Công",
    "BPATH": "buff_icon_04",
    "NAME": "力量祝福",
    "NAME_VN": "Chúc Phúc Sức Mạnh",
    "ADDITION": 4,
    "CHAPERID": 14,
    "LAST": 0,
    "WEIGHT": 1
  },
  "723": {
    "NATUREID": "ppthr",
    "TYPE": 8,
    "REMARKS": "Phá Giáp",
    "BPATH": "buff_icon_05",
    "NAME": "破甲攻击",
    "NAME_VN": "Tấn Công Phá Giáp",
    "ADDITION": 15,
    "CHAPERID": 7,
    "LAST": 1,
    "WEIGHT": 1
  },
  "1409": {
    "NATUREID": "pcri",
    "TYPE": 2,
    "REMARKS": "Tỷ Lệ Bạo Kích",
    "BPATH": "buff_icon_03",
    "NAME": "狂暴",
    "NAME_VN": "Cuồng Bạo",
    "ADDITION": 1,
    "CHAPERID": 14,
    "LAST": 0,
    "WEIGHT": 1
  },
  "115": {
    "NATUREID": "pcri",
    "TYPE": 3,
    "REMARKS": "Tỷ Lệ Bạo Kích",
    "BPATH": "buff_icon_03",
    "NAME": "狂暴",
    "NAME_VN": "Cuồng Bạo",
    "ADDITION": 2,
    "CHAPERID": 1,
    "LAST": 0,
    "WEIGHT": 1
  },
  "120": {
    "NATUREID": "pcrid",
    "TYPE": 8,
    "REMARKS": "ST Bạo Kích",
    "BPATH": "buff_icon_02",
    "NAME": "残忍",
    "NAME_VN": "Tàn Nhẫn",
    "ADDITION": 15,
    "CHAPERID": 1,
    "LAST": 1,
    "WEIGHT": 1
  },
  "216": {
    "NATUREID": "atk",
    "TYPE": 3,
    "REMARKS": "Tấn Công",
    "BPATH": "buff_icon_04",
    "NAME": "力量祝福",
    "NAME_VN": "Chúc Phúc Sức Mạnh",
    "ADDITION": 4,
    "CHAPERID": 2,
    "LAST": 0,
    "WEIGHT": 1
  },
  "318": {
    "NATUREID": "pmthr",
    "TYPE": 3,
    "REMARKS": "Xuyên Phép",
    "BPATH": "buff_icon_06",
    "NAME": "法术穿透",
    "NAME_VN": "Xuyên Phép",
    "ADDITION": 2,
    "CHAPERID": 3,
    "LAST": 0,
    "WEIGHT": 1
  },
  "211": {
    "NATUREID": "ppthr",
    "TYPE": 2,
    "REMARKS": "Phá Giáp",
    "BPATH": "buff_icon_05",
    "NAME": "破甲攻击",
    "NAME_VN": "Tấn Công Phá Giáp",
    "ADDITION": 1,
    "CHAPERID": 2,
    "LAST": 0,
    "WEIGHT": 1
  },
  "513": {
    "NATUREID": "pskidam",
    "TYPE": 3,
    "REMARKS": "ST Kỹ Năng",
    "BPATH": "buff_icon_01",
    "NAME": "智慧祝福",
    "NAME_VN": "Chúc Phúc Trí Tuệ",
    "ADDITION": 2,
    "CHAPERID": 5,
    "LAST": 0,
    "WEIGHT": 1
  },
  "405": {
    "NATUREID": "ppthr",
    "TYPE": 1,
    "REMARKS": "Phá Giáp",
    "BPATH": "buff_icon_05",
    "NAME": "破甲攻击",
    "NAME_VN": "Tấn Công Phá Giáp",
    "ADDITION": 0.5,
    "CHAPERID": 4,
    "LAST": 0,
    "WEIGHT": 1
  },
  "214": {
    "NATUREID": "pcrid",
    "TYPE": 3,
    "REMARKS": "ST Bạo Kích",
    "BPATH": "buff_icon_02",
    "NAME": "残忍",
    "NAME_VN": "Tàn Nhẫn",
    "ADDITION": 2,
    "CHAPERID": 2,
    "LAST": 0,
    "WEIGHT": 1
  },
  "409": {
    "NATUREID": "pcri",
    "TYPE": 2,
    "REMARKS": "Tỷ Lệ Bạo Kích",
    "BPATH": "buff_icon_03",
    "NAME": "狂暴",
    "NAME_VN": "Cuồng Bạo",
    "ADDITION": 1,
    "CHAPERID": 4,
    "LAST": 0,
    "WEIGHT": 1
  },
  "1516": {
    "NATUREID": "atk",
    "TYPE": 3,
    "REMARKS": "Tấn Công",
    "BPATH": "buff_icon_04",
    "NAME": "力量祝福",
    "NAME_VN": "Chúc Phúc Sức Mạnh",
    "ADDITION": 4,
    "CHAPERID": 15,
    "LAST": 0,
    "WEIGHT": 1
  },
  "1410": {
    "NATUREID": "atk",
    "TYPE": 2,
    "REMARKS": "Tấn Công",
    "BPATH": "buff_icon_04",
    "NAME": "力量祝福",
    "NAME_VN": "Chúc Phúc Sức Mạnh",
    "ADDITION": 2,
    "CHAPERID": 14,
    "LAST": 0,
    "WEIGHT": 1
  },
  "522": {
    "NATUREID": "atk",
    "TYPE": 8,
    "REMARKS": "Tấn Công",
    "BPATH": "buff_icon_04",
    "NAME": "力量祝福",
    "NAME_VN": "Chúc Phúc Sức Mạnh",
    "ADDITION": 30,
    "CHAPERID": 5,
    "LAST": 1,
    "WEIGHT": 1
  },
  "720": {
    "NATUREID": "pcrid",
    "TYPE": 8,
    "REMARKS": "ST Bạo Kích",
    "BPATH": "buff_icon_02",
    "NAME": "残忍",
    "NAME_VN": "Tàn Nhẫn",
    "ADDITION": 15,
    "CHAPERID": 7,
    "LAST": 1,
    "WEIGHT": 1
  },
  "721": {
    "NATUREID": "pcri",
    "TYPE": 8,
    "REMARKS": "Tỷ Lệ Bạo Kích",
    "BPATH": "buff_icon_03",
    "NAME": "狂暴",
    "NAME_VN": "Cuồng Bạo",
    "ADDITION": 10,
    "CHAPERID": 7,
    "LAST": 1,
    "WEIGHT": 1
  },
  "124": {
    "NATUREID": "pmthr",
    "TYPE": 8,
    "REMARKS": "Xuyên Phép",
    "BPATH": "buff_icon_06",
    "NAME": "法术穿透",
    "NAME_VN": "Xuyên Phép",
    "ADDITION": 15,
    "CHAPERID": 1,
    "LAST": 1,
    "WEIGHT": 1
  },
  "319": {
    "NATUREID": "pskidam",
    "TYPE": 8,
    "REMARKS": "ST Kỹ Năng",
    "BPATH": "buff_icon_01",
    "NAME": "智慧祝福",
    "NAME_VN": "Chúc Phúc Trí Tuệ",
    "ADDITION": 15,
    "CHAPERID": 3,
    "LAST": 1,
    "WEIGHT": 1
  },
  "715": {
    "NATUREID": "pcri",
    "TYPE": 3,
    "REMARKS": "Tỷ Lệ Bạo Kích",
    "BPATH": "buff_icon_03",
    "NAME": "狂暴",
    "NAME_VN": "Cuồng Bạo",
    "ADDITION": 2,
    "CHAPERID": 7,
    "LAST": 0,
    "WEIGHT": 1
  },
  "603": {
    "NATUREID": "pcri",
    "TYPE": 1,
    "REMARKS": "Tỷ Lệ Bạo Kích",
    "BPATH": "buff_icon_03",
    "NAME": "狂暴",
    "NAME_VN": "Cuồng Bạo",
    "ADDITION": 0.5,
    "CHAPERID": 6,
    "LAST": 0,
    "WEIGHT": 1
  },
  "403": {
    "NATUREID": "pcri",
    "TYPE": 1,
    "REMARKS": "Tỷ Lệ Bạo Kích",
    "BPATH": "buff_icon_03",
    "NAME": "狂暴",
    "NAME_VN": "Cuồng Bạo",
    "ADDITION": 0.5,
    "CHAPERID": 4,
    "LAST": 0,
    "WEIGHT": 1
  },
  "417": {
    "NATUREID": "ppthr",
    "TYPE": 3,
    "REMARKS": "Phá Giáp",
    "BPATH": "buff_icon_05",
    "NAME": "破甲攻击",
    "NAME_VN": "Tấn Công Phá Giáp",
    "ADDITION": 2,
    "CHAPERID": 4,
    "LAST": 0,
    "WEIGHT": 1
  },
  "1215": {
    "NATUREID": "pcri",
    "TYPE": 3,
    "REMARKS": "Tỷ Lệ Bạo Kích",
    "BPATH": "buff_icon_03",
    "NAME": "狂暴",
    "NAME_VN": "Cuồng Bạo",
    "ADDITION": 2,
    "CHAPERID": 12,
    "LAST": 0,
    "WEIGHT": 1
  },
  "108": {
    "NATUREID": "pcrid",
    "TYPE": 2,
    "REMARKS": "ST Bạo Kích",
    "BPATH": "buff_icon_02",
    "NAME": "残忍",
    "NAME_VN": "Tàn Nhẫn",
    "ADDITION": 1,
    "CHAPERID": 1,
    "LAST": 0,
    "WEIGHT": 1
  },
  "1311": {
    "NATUREID": "ppthr",
    "TYPE": 2,
    "REMARKS": "Phá Giáp",
    "BPATH": "buff_icon_05",
    "NAME": "破甲攻击",
    "NAME_VN": "Tấn Công Phá Giáp",
    "ADDITION": 1,
    "CHAPERID": 13,
    "LAST": 0,
    "WEIGHT": 1
  },
  "1303": {
    "NATUREID": "pcri",
    "TYPE": 1,
    "REMARKS": "Tỷ Lệ Bạo Kích",
    "BPATH": "buff_icon_03",
    "NAME": "狂暴",
    "NAME_VN": "Cuồng Bạo",
    "ADDITION": 0.5,
    "CHAPERID": 13,
    "LAST": 0,
    "WEIGHT": 1
  },
  "103": {
    "NATUREID": "pcri",
    "TYPE": 1,
    "REMARKS": "Tỷ Lệ Bạo Kích",
    "BPATH": "buff_icon_03",
    "NAME": "狂暴",
    "NAME_VN": "Cuồng Bạo",
    "ADDITION": 0.5,
    "CHAPERID": 1,
    "LAST": 0,
    "WEIGHT": 1
  },
  "609": {
    "NATUREID": "pcri",
    "TYPE": 2,
    "REMARKS": "Tỷ Lệ Bạo Kích",
    "BPATH": "buff_icon_03",
    "NAME": "狂暴",
    "NAME_VN": "Cuồng Bạo",
    "ADDITION": 1,
    "CHAPERID": 6,
    "LAST": 0,
    "WEIGHT": 1
  },
  "1301": {
    "NATUREID": "pskidam",
    "TYPE": 1,
    "REMARKS": "ST Kỹ Năng",
    "BPATH": "buff_icon_01",
    "NAME": "智慧祝福",
    "NAME_VN": "Chúc Phúc Trí Tuệ",
    "ADDITION": 0.5,
    "CHAPERID": 13,
    "LAST": 0,
    "WEIGHT": 1
  },
  "521": {
    "NATUREID": "pcri",
    "TYPE": 8,
    "REMARKS": "Tỷ Lệ Bạo Kích",
    "BPATH": "buff_icon_03",
    "NAME": "狂暴",
    "NAME_VN": "Cuồng Bạo",
    "ADDITION": 10,
    "CHAPERID": 5,
    "LAST": 1,
    "WEIGHT": 1
  },
  "501": {
    "NATUREID": "pskidam",
    "TYPE": 1,
    "REMARKS": "ST Kỹ Năng",
    "BPATH": "buff_icon_01",
    "NAME": "智慧祝福",
    "NAME_VN": "Chúc Phúc Trí Tuệ",
    "ADDITION": 0.5,
    "CHAPERID": 5,
    "LAST": 0,
    "WEIGHT": 1
  },
  "615": {
    "NATUREID": "pcri",
    "TYPE": 3,
    "REMARKS": "Tỷ Lệ Bạo Kích",
    "BPATH": "buff_icon_03",
    "NAME": "狂暴",
    "NAME_VN": "Cuồng Bạo",
    "ADDITION": 2,
    "CHAPERID": 6,
    "LAST": 0,
    "WEIGHT": 1
  },
  "301": {
    "NATUREID": "pskidam",
    "TYPE": 1,
    "REMARKS": "ST Kỹ Năng",
    "BPATH": "buff_icon_01",
    "NAME": "智慧祝福",
    "NAME_VN": "Chúc Phúc Trí Tuệ",
    "ADDITION": 0.5,
    "CHAPERID": 3,
    "LAST": 0,
    "WEIGHT": 1
  },
  "1004": {
    "NATUREID": "atk",
    "TYPE": 1,
    "REMARKS": "Chúc Phúc Sức Mạnh",
    "BPATH": "buff_icon_04",
    "NAME": "力量祝福",
    "NAME_VN": "Chúc Phúc Sức Mạnh",
    "ADDITION": 1,
    "CHAPERID": 10,
    "LAST": 0,
    "WEIGHT": 1
  },
  "1020": {
    "NATUREID": "pcrid",
    "TYPE": 8,
    "REMARKS": "ST Bạo Kích",
    "BPATH": "buff_icon_02",
    "NAME": "残忍",
    "NAME_VN": "Tàn Nhẫn",
    "ADDITION": 15,
    "CHAPERID": 10,
    "LAST": 1,
    "WEIGHT": 1
  },
  "1523": {
    "NATUREID": "ppthr",
    "TYPE": 8,
    "REMARKS": "Phá Giáp",
    "BPATH": "buff_icon_05",
    "NAME": "破甲攻击",
    "NAME_VN": "Tấn Công Phá Giáp",
    "ADDITION": 15,
    "CHAPERID": 15,
    "LAST": 1,
    "WEIGHT": 1
  },
  "623": {
    "NATUREID": "ppthr",
    "TYPE": 8,
    "REMARKS": "Phá Giáp",
    "BPATH": "buff_icon_05",
    "NAME": "破甲攻击",
    "NAME_VN": "Tấn Công Phá Giáp",
    "ADDITION": 15,
    "CHAPERID": 6,
    "LAST": 1,
    "WEIGHT": 1
  },
  "718": {
    "NATUREID": "pmthr",
    "TYPE": 3,
    "REMARKS": "Xuyên Phép",
    "BPATH": "buff_icon_06",
    "NAME": "法术穿透",
    "NAME_VN": "Xuyên Phép",
    "ADDITION": 2,
    "CHAPERID": 7,
    "LAST": 0,
    "WEIGHT": 1
  },
  "1309": {
    "NATUREID": "pcri",
    "TYPE": 2,
    "REMARKS": "Tỷ Lệ Bạo Kích",
    "BPATH": "buff_icon_03",
    "NAME": "狂暴",
    "NAME_VN": "Cuồng Bạo",
    "ADDITION": 1,
    "CHAPERID": 13,
    "LAST": 0,
    "WEIGHT": 1
  },
  "1421": {
    "NATUREID": "pcri",
    "TYPE": 8,
    "REMARKS": "Tỷ Lệ Bạo Kích",
    "BPATH": "buff_icon_03",
    "NAME": "狂暴",
    "NAME_VN": "Cuồng Bạo",
    "ADDITION": 10,
    "CHAPERID": 14,
    "LAST": 1,
    "WEIGHT": 1
  },
  "1122": {
    "NATUREID": "atk",
    "TYPE": 8,
    "REMARKS": "Tấn Công",
    "BPATH": "buff_icon_04",
    "NAME": "力量祝福",
    "NAME_VN": "Chúc Phúc Sức Mạnh",
    "ADDITION": 30,
    "CHAPERID": 11,
    "LAST": 1,
    "WEIGHT": 1
  },
  "1419": {
    "NATUREID": "pskidam",
    "TYPE": 8,
    "REMARKS": "ST Kỹ Năng",
    "BPATH": "buff_icon_01",
    "NAME": "智慧祝福",
    "NAME_VN": "Chúc Phúc Trí Tuệ",
    "ADDITION": 15,
    "CHAPERID": 14,
    "LAST": 1,
    "WEIGHT": 1
  },
  "1224": {
    "NATUREID": "pmthr",
    "TYPE": 8,
    "REMARKS": "Xuyên Phép",
    "BPATH": "buff_icon_06",
    "NAME": "法术穿透",
    "NAME_VN": "Xuyên Phép",
    "ADDITION": 15,
    "CHAPERID": 12,
    "LAST": 1,
    "WEIGHT": 1
  },
  "222": {
    "NATUREID": "atk",
    "TYPE": 8,
    "REMARKS": "Tấn Công",
    "BPATH": "buff_icon_04",
    "NAME": "力量祝福",
    "NAME_VN": "Chúc Phúc Sức Mạnh",
    "ADDITION": 30,
    "CHAPERID": 2,
    "LAST": 1,
    "WEIGHT": 1
  },
  "606": {
    "NATUREID": "pmthr",
    "TYPE": 1,
    "REMARKS": "Xuyên Phép",
    "BPATH": "buff_icon_06",
    "NAME": "法术穿透",
    "NAME_VN": "Xuyên Phép",
    "ADDITION": 0.5,
    "CHAPERID": 6,
    "LAST": 0,
    "WEIGHT": 1
  },
  "1508": {
    "NATUREID": "pcrid",
    "TYPE": 2,
    "REMARKS": "ST Bạo Kích",
    "BPATH": "buff_icon_02",
    "NAME": "残忍",
    "NAME_VN": "Tàn Nhẫn",
    "ADDITION": 1,
    "CHAPERID": 15,
    "LAST": 0,
    "WEIGHT": 1
  },
  "1503": {
    "NATUREID": "pcri",
    "TYPE": 1,
    "REMARKS": "Tỷ Lệ Bạo Kích",
    "BPATH": "buff_icon_03",
    "NAME": "狂暴",
    "NAME_VN": "Cuồng Bạo",
    "ADDITION": 0.5,
    "CHAPERID": 15,
    "LAST": 0,
    "WEIGHT": 1
  },
  "1505": {
    "NATUREID": "ppthr",
    "TYPE": 1,
    "REMARKS": "Phá Giáp",
    "BPATH": "buff_icon_05",
    "NAME": "破甲攻击",
    "NAME_VN": "Tấn Công Phá Giáp",
    "ADDITION": 0.5,
    "CHAPERID": 15,
    "LAST": 0,
    "WEIGHT": 1
  },
  "1221": {
    "NATUREID": "pcri",
    "TYPE": 8,
    "REMARKS": "Tỷ Lệ Bạo Kích",
    "BPATH": "buff_icon_03",
    "NAME": "狂暴",
    "NAME_VN": "Cuồng Bạo",
    "ADDITION": 10,
    "CHAPERID": 12,
    "LAST": 1,
    "WEIGHT": 1
  },
  "724": {
    "NATUREID": "pmthr",
    "TYPE": 8,
    "REMARKS": "Xuyên Phép",
    "BPATH": "buff_icon_06",
    "NAME": "法术穿透",
    "NAME_VN": "Xuyên Phép",
    "ADDITION": 15,
    "CHAPERID": 7,
    "LAST": 1,
    "WEIGHT": 1
  },
  "1308": {
    "NATUREID": "pcrid",
    "TYPE": 2,
    "REMARKS": "ST Bạo Kích",
    "BPATH": "buff_icon_02",
    "NAME": "残忍",
    "NAME_VN": "Tàn Nhẫn",
    "ADDITION": 1,
    "CHAPERID": 13,
    "LAST": 0,
    "WEIGHT": 1
  },
  "1123": {
    "NATUREID": "ppthr",
    "TYPE": 8,
    "REMARKS": "Phá Giáp",
    "BPATH": "buff_icon_05",
    "NAME": "破甲攻击",
    "NAME_VN": "Tấn Công Phá Giáp",
    "ADDITION": 15,
    "CHAPERID": 11,
    "LAST": 1,
    "WEIGHT": 1
  },
  "1412": {
    "NATUREID": "pmthr",
    "TYPE": 2,
    "REMARKS": "Xuyên Phép",
    "BPATH": "buff_icon_06",
    "NAME": "法术穿透",
    "NAME_VN": "Xuyên Phép",
    "ADDITION": 1,
    "CHAPERID": 14,
    "LAST": 0,
    "WEIGHT": 1
  },
  "1507": {
    "NATUREID": "pskidam",
    "TYPE": 2,
    "REMARKS": "ST Kỹ Năng",
    "BPATH": "buff_icon_01",
    "NAME": "智慧祝福",
    "NAME_VN": "Chúc Phúc Trí Tuệ",
    "ADDITION": 1,
    "CHAPERID": 15,
    "LAST": 0,
    "WEIGHT": 1
  },
  "310": {
    "NATUREID": "atk",
    "TYPE": 2,
    "REMARKS": "Tấn Công",
    "BPATH": "buff_icon_04",
    "NAME": "力量祝福",
    "NAME_VN": "Chúc Phúc Sức Mạnh",
    "ADDITION": 2,
    "CHAPERID": 3,
    "LAST": 0,
    "WEIGHT": 1
  },
  "1023": {
    "NATUREID": "ppthr",
    "TYPE": 8,
    "REMARKS": "Phá Giáp",
    "BPATH": "buff_icon_05",
    "NAME": "破甲攻击",
    "NAME_VN": "Tấn Công Phá Giáp",
    "ADDITION": 15,
    "CHAPERID": 10,
    "LAST": 1,
    "WEIGHT": 1
  },
  "714": {
    "NATUREID": "pcrid",
    "TYPE": 3,
    "REMARKS": "ST Bạo Kích",
    "BPATH": "buff_icon_02",
    "NAME": "残忍",
    "NAME_VN": "Tàn Nhẫn",
    "ADDITION": 2,
    "CHAPERID": 7,
    "LAST": 0,
    "WEIGHT": 1
  },
  "824": {
    "NATUREID": "pmthr",
    "TYPE": 8,
    "REMARKS": "Xuyên Phép",
    "BPATH": "buff_icon_06",
    "NAME": "法术穿透",
    "NAME_VN": "Xuyên Phép",
    "ADDITION": 15,
    "CHAPERID": 8,
    "LAST": 1,
    "WEIGHT": 1
  },
  "213": {
    "NATUREID": "pskidam",
    "TYPE": 3,
    "REMARKS": "ST Kỹ Năng",
    "BPATH": "buff_icon_01",
    "NAME": "智慧祝福",
    "NAME_VN": "Chúc Phúc Trí Tuệ",
    "ADDITION": 2,
    "CHAPERID": 2,
    "LAST": 0,
    "WEIGHT": 1
  },
  "711": {
    "NATUREID": "ppthr",
    "TYPE": 2,
    "REMARKS": "Phá Giáp",
    "BPATH": "buff_icon_05",
    "NAME": "破甲攻击",
    "NAME_VN": "Tấn Công Phá Giáp",
    "ADDITION": 1,
    "CHAPERID": 7,
    "LAST": 0,
    "WEIGHT": 1
  },
  "402": {
    "NATUREID": "pcrid",
    "TYPE": 1,
    "REMARKS": "ST Bạo Kích",
    "BPATH": "buff_icon_02",
    "NAME": "残忍",
    "NAME_VN": "Tàn Nhẫn",
    "ADDITION": 0.5,
    "CHAPERID": 4,
    "LAST": 0,
    "WEIGHT": 1
  },
  "1521": {
    "NATUREID": "pcri",
    "TYPE": 8,
    "REMARKS": "Tỷ Lệ Bạo Kích",
    "BPATH": "buff_icon_03",
    "NAME": "狂暴",
    "NAME_VN": "Cuồng Bạo",
    "ADDITION": 10,
    "CHAPERID": 15,
    "LAST": 1,
    "WEIGHT": 1
  },
  "812": {
    "NATUREID": "pmthr",
    "TYPE": 2,
    "REMARKS": "Xuyên Phép",
    "BPATH": "buff_icon_06",
    "NAME": "法术穿透",
    "NAME_VN": "Xuyên Phép",
    "ADDITION": 1,
    "CHAPERID": 8,
    "LAST": 0,
    "WEIGHT": 1
  },
  "707": {
    "NATUREID": "pskidam",
    "TYPE": 2,
    "REMARKS": "ST Kỹ Năng",
    "BPATH": "buff_icon_01",
    "NAME": "智慧祝福",
    "NAME_VN": "Chúc Phúc Trí Tuệ",
    "ADDITION": 1,
    "CHAPERID": 7,
    "LAST": 0,
    "WEIGHT": 1
  },
  "1102": {
    "NATUREID": "pcrid",
    "TYPE": 1,
    "REMARKS": "ST Bạo Kích",
    "BPATH": "buff_icon_02",
    "NAME": "残忍",
    "NAME_VN": "Tàn Nhẫn",
    "ADDITION": 0.5,
    "CHAPERID": 11,
    "LAST": 0,
    "WEIGHT": 1
  },
  "416": {
    "NATUREID": "atk",
    "TYPE": 3,
    "REMARKS": "Tấn Công",
    "BPATH": "buff_icon_04",
    "NAME": "力量祝福",
    "NAME_VN": "Chúc Phúc Sức Mạnh",
    "ADDITION": 4,
    "CHAPERID": 4,
    "LAST": 0,
    "WEIGHT": 1
  },
  "421": {
    "NATUREID": "pcri",
    "TYPE": 8,
    "REMARKS": "Tỷ Lệ Bạo Kích",
    "BPATH": "buff_icon_03",
    "NAME": "狂暴",
    "NAME_VN": "Cuồng Bạo",
    "ADDITION": 10,
    "CHAPERID": 4,
    "LAST": 1,
    "WEIGHT": 1
  },
  "217": {
    "NATUREID": "ppthr",
    "TYPE": 3,
    "REMARKS": "Phá Giáp",
    "BPATH": "buff_icon_05",
    "NAME": "破甲攻击",
    "NAME_VN": "Tấn Công Phá Giáp",
    "ADDITION": 2,
    "CHAPERID": 2,
    "LAST": 0,
    "WEIGHT": 1
  },
  "911": {
    "NATUREID": "ppthr",
    "TYPE": 2,
    "REMARKS": "Phá Giáp",
    "BPATH": "buff_icon_05",
    "NAME": "破甲攻击",
    "NAME_VN": "Tấn Công Phá Giáp",
    "ADDITION": 1,
    "CHAPERID": 9,
    "LAST": 0,
    "WEIGHT": 1
  },
  "316": {
    "NATUREID": "atk",
    "TYPE": 3,
    "REMARKS": "Tấn Công",
    "BPATH": "buff_icon_04",
    "NAME": "力量祝福",
    "NAME_VN": "Chúc Phúc Sức Mạnh",
    "ADDITION": 4,
    "CHAPERID": 3,
    "LAST": 0,
    "WEIGHT": 1
  },
  "706": {
    "NATUREID": "pmthr",
    "TYPE": 1,
    "REMARKS": "Xuyên Phép",
    "BPATH": "buff_icon_06",
    "NAME": "法术穿透",
    "NAME_VN": "Xuyên Phép",
    "ADDITION": 0.5,
    "CHAPERID": 7,
    "LAST": 0,
    "WEIGHT": 1
  },
  "1110": {
    "NATUREID": "atk",
    "TYPE": 2,
    "REMARKS": "Tấn Công",
    "BPATH": "buff_icon_04",
    "NAME": "力量祝福",
    "NAME_VN": "Chúc Phúc Sức Mạnh",
    "ADDITION": 2,
    "CHAPERID": 11,
    "LAST": 0,
    "WEIGHT": 1
  },
  "1115": {
    "NATUREID": "pcri",
    "TYPE": 3,
    "REMARKS": "Tỷ Lệ Bạo Kích",
    "BPATH": "buff_icon_03",
    "NAME": "狂暴",
    "NAME_VN": "Cuồng Bạo",
    "ADDITION": 2,
    "CHAPERID": 11,
    "LAST": 0,
    "WEIGHT": 1
  },
  "1006": {
    "NATUREID": "pmthr",
    "TYPE": 1,
    "REMARKS": "Xuyên Phép",
    "BPATH": "buff_icon_06",
    "NAME": "法术穿透",
    "NAME_VN": "Xuyên Phép",
    "ADDITION": 0.5,
    "CHAPERID": 10,
    "LAST": 0,
    "WEIGHT": 1
  },
  "1010": {
    "NATUREID": "atk",
    "TYPE": 2,
    "REMARKS": "Tấn Công",
    "BPATH": "buff_icon_04",
    "NAME": "力量祝福",
    "NAME_VN": "Chúc Phúc Sức Mạnh",
    "ADDITION": 2,
    "CHAPERID": 10,
    "LAST": 0,
    "WEIGHT": 1
  },
  "109": {
    "NATUREID": "pcri",
    "TYPE": 2,
    "REMARKS": "Tỷ Lệ Bạo Kích",
    "BPATH": "buff_icon_03",
    "NAME": "狂暴",
    "NAME_VN": "Cuồng Bạo",
    "ADDITION": 1,
    "CHAPERID": 1,
    "LAST": 0,
    "WEIGHT": 1
  },
  "206": {
    "NATUREID": "pmthr",
    "TYPE": 1,
    "REMARKS": "Xuyên Phép",
    "BPATH": "buff_icon_06",
    "NAME": "法术穿透",
    "NAME_VN": "Xuyên Phép",
    "ADDITION": 0.5,
    "CHAPERID": 2,
    "LAST": 0,
    "WEIGHT": 1
  },
  "113": {
    "NATUREID": "pskidam",
    "TYPE": 3,
    "REMARKS": "ST Kỹ Năng",
    "BPATH": "buff_icon_01",
    "NAME": "智慧祝福",
    "NAME_VN": "Chúc Phúc Trí Tuệ",
    "ADDITION": 2,
    "CHAPERID": 1,
    "LAST": 0,
    "WEIGHT": 1
  },
  "323": {
    "NATUREID": "ppthr",
    "TYPE": 8,
    "REMARKS": "Phá Giáp",
    "BPATH": "buff_icon_05",
    "NAME": "破甲攻击",
    "NAME_VN": "Tấn Công Phá Giáp",
    "ADDITION": 15,
    "CHAPERID": 3,
    "LAST": 1,
    "WEIGHT": 1
  },
  "913": {
    "NATUREID": "pskidam",
    "TYPE": 3,
    "REMARKS": "ST Kỹ Năng",
    "BPATH": "buff_icon_01",
    "NAME": "智慧祝福",
    "NAME_VN": "Chúc Phúc Trí Tuệ",
    "ADDITION": 2,
    "CHAPERID": 9,
    "LAST": 0,
    "WEIGHT": 1
  },
  "116": {
    "NATUREID": "atk",
    "TYPE": 3,
    "REMARKS": "Tấn Công",
    "BPATH": "buff_icon_04",
    "NAME": "力量祝福",
    "NAME_VN": "Chúc Phúc Sức Mạnh",
    "ADDITION": 4,
    "CHAPERID": 1,
    "LAST": 0,
    "WEIGHT": 1
  },
  "1208": {
    "NATUREID": "pcrid",
    "TYPE": 2,
    "REMARKS": "ST Bạo Kích",
    "BPATH": "buff_icon_02",
    "NAME": "残忍",
    "NAME_VN": "Tàn Nhẫn",
    "ADDITION": 1,
    "CHAPERID": 12,
    "LAST": 0,
    "WEIGHT": 1
  },
  "1121": {
    "NATUREID": "pcri",
    "TYPE": 8,
    "REMARKS": "Tỷ Lệ Bạo Kích",
    "BPATH": "buff_icon_03",
    "NAME": "狂暴",
    "NAME_VN": "Cuồng Bạo",
    "ADDITION": 10,
    "CHAPERID": 11,
    "LAST": 1,
    "WEIGHT": 1
  },
  "1415": {
    "NATUREID": "pcri",
    "TYPE": 3,
    "REMARKS": "Tỷ Lệ Bạo Kích",
    "BPATH": "buff_icon_03",
    "NAME": "狂暴",
    "NAME_VN": "Cuồng Bạo",
    "ADDITION": 2,
    "CHAPERID": 14,
    "LAST": 0,
    "WEIGHT": 1
  },
  "1117": {
    "NATUREID": "ppthr",
    "TYPE": 3,
    "REMARKS": "Phá Giáp",
    "BPATH": "buff_icon_05",
    "NAME": "破甲攻击",
    "NAME_VN": "Tấn Công Phá Giáp",
    "ADDITION": 2,
    "CHAPERID": 11,
    "LAST": 0,
    "WEIGHT": 1
  },
  "407": {
    "NATUREID": "pskidam",
    "TYPE": 2,
    "REMARKS": "ST Kỹ Năng",
    "BPATH": "buff_icon_01",
    "NAME": "智慧祝福",
    "NAME_VN": "Chúc Phúc Trí Tuệ",
    "ADDITION": 1,
    "CHAPERID": 4,
    "LAST": 0,
    "WEIGHT": 1
  },
  "813": {
    "NATUREID": "pskidam",
    "TYPE": 3,
    "REMARKS": "ST Kỹ Năng",
    "BPATH": "buff_icon_01",
    "NAME": "智慧祝福",
    "NAME_VN": "Chúc Phúc Trí Tuệ",
    "ADDITION": 2,
    "CHAPERID": 8,
    "LAST": 0,
    "WEIGHT": 1
  },
  "1510": {
    "NATUREID": "atk",
    "TYPE": 2,
    "REMARKS": "Tấn Công",
    "BPATH": "buff_icon_04",
    "NAME": "力量祝福",
    "NAME_VN": "Chúc Phúc Sức Mạnh",
    "ADDITION": 2,
    "CHAPERID": 15,
    "LAST": 0,
    "WEIGHT": 1
  },
  "808": {
    "NATUREID": "pcrid",
    "TYPE": 2,
    "REMARKS": "ST Bạo Kích",
    "BPATH": "buff_icon_02",
    "NAME": "残忍",
    "NAME_VN": "Tàn Nhẫn",
    "ADDITION": 1,
    "CHAPERID": 8,
    "LAST": 0,
    "WEIGHT": 1
  },
  "418": {
    "NATUREID": "pmthr",
    "TYPE": 3,
    "REMARKS": "Xuyên Phép",
    "BPATH": "buff_icon_06",
    "NAME": "法术穿透",
    "NAME_VN": "Xuyên Phép",
    "ADDITION": 2,
    "CHAPERID": 4,
    "LAST": 0,
    "WEIGHT": 1
  },
  "1209": {
    "NATUREID": "pcri",
    "TYPE": 2,
    "REMARKS": "Tỷ Lệ Bạo Kích",
    "BPATH": "buff_icon_03",
    "NAME": "狂暴",
    "NAME_VN": "Cuồng Bạo",
    "ADDITION": 1,
    "CHAPERID": 12,
    "LAST": 0,
    "WEIGHT": 1
  },
  "201": {
    "NATUREID": "pskidam",
    "TYPE": 1,
    "REMARKS": "ST Kỹ Năng",
    "BPATH": "buff_icon_01",
    "NAME": "智慧祝福",
    "NAME_VN": "Chúc Phúc Trí Tuệ",
    "ADDITION": 0.5,
    "CHAPERID": 2,
    "LAST": 0,
    "WEIGHT": 1
  },
  "1119": {
    "NATUREID": "pskidam",
    "TYPE": 8,
    "REMARKS": "ST Kỹ Năng",
    "BPATH": "buff_icon_01",
    "NAME": "智慧祝福",
    "NAME_VN": "Chúc Phúc Trí Tuệ",
    "ADDITION": 15,
    "CHAPERID": 11,
    "LAST": 1,
    "WEIGHT": 1
  },
  "411": {
    "NATUREID": "ppthr",
    "TYPE": 2,
    "REMARKS": "Phá Giáp",
    "BPATH": "buff_icon_05",
    "NAME": "破甲攻击",
    "NAME_VN": "Tấn Công Phá Giáp",
    "ADDITION": 1,
    "CHAPERID": 4,
    "LAST": 0,
    "WEIGHT": 1
  },
  "1414": {
    "NATUREID": "pcrid",
    "TYPE": 3,
    "REMARKS": "ST Bạo Kích",
    "BPATH": "buff_icon_02",
    "NAME": "残忍",
    "NAME_VN": "Tàn Nhẫn",
    "ADDITION": 2,
    "CHAPERID": 14,
    "LAST": 0,
    "WEIGHT": 1
  },
  "821": {
    "NATUREID": "pcri",
    "TYPE": 8,
    "REMARKS": "Tỷ Lệ Bạo Kích",
    "BPATH": "buff_icon_03",
    "NAME": "狂暴",
    "NAME_VN": "Cuồng Bạo",
    "ADDITION": 10,
    "CHAPERID": 8,
    "LAST": 1,
    "WEIGHT": 1
  },
  "1314": {
    "NATUREID": "pcrid",
    "TYPE": 3,
    "REMARKS": "ST Bạo Kích",
    "BPATH": "buff_icon_02",
    "NAME": "残忍",
    "NAME_VN": "Tàn Nhẫn",
    "ADDITION": 2,
    "CHAPERID": 13,
    "LAST": 0,
    "WEIGHT": 1
  },
  "1310": {
    "NATUREID": "atk",
    "TYPE": 2,
    "REMARKS": "Tấn Công",
    "BPATH": "buff_icon_04",
    "NAME": "力量祝福",
    "NAME_VN": "Chúc Phúc Sức Mạnh",
    "ADDITION": 2,
    "CHAPERID": 13,
    "LAST": 0,
    "WEIGHT": 1
  },
  "1417": {
    "NATUREID": "ppthr",
    "TYPE": 3,
    "REMARKS": "Phá Giáp",
    "BPATH": "buff_icon_05",
    "NAME": "破甲攻击",
    "NAME_VN": "Tấn Công Phá Giáp",
    "ADDITION": 2,
    "CHAPERID": 14,
    "LAST": 0,
    "WEIGHT": 1
  },
  "1423": {
    "NATUREID": "ppthr",
    "TYPE": 8,
    "REMARKS": "Phá Giáp",
    "BPATH": "buff_icon_05",
    "NAME": "破甲攻击",
    "NAME_VN": "Tấn Công Phá Giáp",
    "ADDITION": 15,
    "CHAPERID": 14,
    "LAST": 1,
    "WEIGHT": 1
  },
  "1422": {
    "NATUREID": "atk",
    "TYPE": 8,
    "REMARKS": "Tấn Công",
    "BPATH": "buff_icon_04",
    "NAME": "力量祝福",
    "NAME_VN": "Chúc Phúc Sức Mạnh",
    "ADDITION": 30,
    "CHAPERID": 14,
    "LAST": 1,
    "WEIGHT": 1
  },
  "624": {
    "NATUREID": "pmthr",
    "TYPE": 8,
    "REMARKS": "Xuyên Phép",
    "BPATH": "buff_icon_06",
    "NAME": "法术穿透",
    "NAME_VN": "Xuyên Phép",
    "ADDITION": 15,
    "CHAPERID": 6,
    "LAST": 1,
    "WEIGHT": 1
  },
  "1001": {
    "NATUREID": "pskidam",
    "TYPE": 1,
    "REMARKS": "ST Kỹ Năng",
    "BPATH": "buff_icon_01",
    "NAME": "智慧祝福",
    "NAME_VN": "Chúc Phúc Trí Tuệ",
    "ADDITION": 0.5,
    "CHAPERID": 10,
    "LAST": 0,
    "WEIGHT": 1
  },
  "1011": {
    "NATUREID": "ppthr",
    "TYPE": 2,
    "REMARKS": "Phá Giáp",
    "BPATH": "buff_icon_05",
    "NAME": "破甲攻击",
    "NAME_VN": "Tấn Công Phá Giáp",
    "ADDITION": 1,
    "CHAPERID": 10,
    "LAST": 0,
    "WEIGHT": 1
  },
  "612": {
    "NATUREID": "pmthr",
    "TYPE": 2,
    "REMARKS": "Xuyên Phép",
    "BPATH": "buff_icon_06",
    "NAME": "法术穿透",
    "NAME_VN": "Xuyên Phép",
    "ADDITION": 1,
    "CHAPERID": 6,
    "LAST": 0,
    "WEIGHT": 1
  },
  "1005": {
    "NATUREID": "ppthr",
    "TYPE": 1,
    "REMARKS": "Phá Giáp",
    "BPATH": "buff_icon_05",
    "NAME": "破甲攻击",
    "NAME_VN": "Tấn Công Phá Giáp",
    "ADDITION": 0.5,
    "CHAPERID": 10,
    "LAST": 0,
    "WEIGHT": 1
  },
  "702": {
    "NATUREID": "pcrid",
    "TYPE": 1,
    "REMARKS": "ST Bạo Kích",
    "BPATH": "buff_icon_02",
    "NAME": "残忍",
    "NAME_VN": "Tàn Nhẫn",
    "ADDITION": 0.5,
    "CHAPERID": 7,
    "LAST": 0,
    "WEIGHT": 1
  },
  "1413": {
    "NATUREID": "pskidam",
    "TYPE": 3,
    "REMARKS": "ST Kỹ Năng",
    "BPATH": "buff_icon_01",
    "NAME": "智慧祝福",
    "NAME_VN": "Chúc Phúc Trí Tuệ",
    "ADDITION": 2,
    "CHAPERID": 14,
    "LAST": 0,
    "WEIGHT": 1
  },
  "1519": {
    "NATUREID": "pskidam",
    "TYPE": 8,
    "REMARKS": "ST Kỹ Năng",
    "BPATH": "buff_icon_01",
    "NAME": "智慧祝福",
    "NAME_VN": "Chúc Phúc Trí Tuệ",
    "ADDITION": 15,
    "CHAPERID": 15,
    "LAST": 1,
    "WEIGHT": 1
  },
  "819": {
    "NATUREID": "pskidam",
    "TYPE": 8,
    "REMARKS": "ST Kỹ Năng",
    "BPATH": "buff_icon_01",
    "NAME": "智慧祝福",
    "NAME_VN": "Chúc Phúc Trí Tuệ",
    "ADDITION": 15,
    "CHAPERID": 8,
    "LAST": 1,
    "WEIGHT": 1
  },
  "1322": {
    "NATUREID": "atk",
    "TYPE": 8,
    "REMARKS": "Tấn Công",
    "BPATH": "buff_icon_04",
    "NAME": "力量祝福",
    "NAME_VN": "Chúc Phúc Sức Mạnh",
    "ADDITION": 30,
    "CHAPERID": 13,
    "LAST": 1,
    "WEIGHT": 1
  },
  "1219": {
    "NATUREID": "pskidam",
    "TYPE": 8,
    "REMARKS": "ST Kỹ Năng",
    "BPATH": "buff_icon_01",
    "NAME": "智慧祝福",
    "NAME_VN": "Chúc Phúc Trí Tuệ",
    "ADDITION": 15,
    "CHAPERID": 12,
    "LAST": 1,
    "WEIGHT": 1
  },
  "505": {
    "NATUREID": "ppthr",
    "TYPE": 1,
    "REMARKS": "Phá Giáp",
    "BPATH": "buff_icon_05",
    "NAME": "破甲攻击",
    "NAME_VN": "Tấn Công Phá Giáp",
    "ADDITION": 0.5,
    "CHAPERID": 5,
    "LAST": 0,
    "WEIGHT": 1
  },
  "613": {
    "NATUREID": "pskidam",
    "TYPE": 3,
    "REMARKS": "ST Kỹ Năng",
    "BPATH": "buff_icon_01",
    "NAME": "智慧祝福",
    "NAME_VN": "Chúc Phúc Trí Tuệ",
    "ADDITION": 2,
    "CHAPERID": 6,
    "LAST": 0,
    "WEIGHT": 1
  },
  "703": {
    "NATUREID": "pcri",
    "TYPE": 1,
    "REMARKS": "Tỷ Lệ Bạo Kích",
    "BPATH": "buff_icon_03",
    "NAME": "狂暴",
    "NAME_VN": "Cuồng Bạo",
    "ADDITION": 0.5,
    "CHAPERID": 7,
    "LAST": 0,
    "WEIGHT": 1
  },
  "901": {
    "NATUREID": "pskidam",
    "TYPE": 1,
    "REMARKS": "ST Kỹ Năng",
    "BPATH": "buff_icon_01",
    "NAME": "智慧祝福",
    "NAME_VN": "Chúc Phúc Trí Tuệ",
    "ADDITION": 0.5,
    "CHAPERID": 9,
    "LAST": 0,
    "WEIGHT": 1
  },
  "218": {
    "NATUREID": "pmthr",
    "TYPE": 3,
    "REMARKS": "Xuyên Phép",
    "BPATH": "buff_icon_06",
    "NAME": "法术穿透",
    "NAME_VN": "Xuyên Phép",
    "ADDITION": 2,
    "CHAPERID": 2,
    "LAST": 0,
    "WEIGHT": 1
  },
  "803": {
    "NATUREID": "pcri",
    "TYPE": 1,
    "REMARKS": "Tỷ Lệ Bạo Kích",
    "BPATH": "buff_icon_03",
    "NAME": "狂暴",
    "NAME_VN": "Cuồng Bạo",
    "ADDITION": 0.5,
    "CHAPERID": 8,
    "LAST": 0,
    "WEIGHT": 1
  },
  "1512": {
    "NATUREID": "pmthr",
    "TYPE": 2,
    "REMARKS": "Xuyên Phép",
    "BPATH": "buff_icon_06",
    "NAME": "法术穿透",
    "NAME_VN": "Xuyên Phép",
    "ADDITION": 1,
    "CHAPERID": 15,
    "LAST": 0,
    "WEIGHT": 1
  },
  "924": {
    "NATUREID": "pmthr",
    "TYPE": 8,
    "REMARKS": "Xuyên Phép",
    "BPATH": "buff_icon_06",
    "NAME": "法术穿透",
    "NAME_VN": "Xuyên Phép",
    "ADDITION": 15,
    "CHAPERID": 9,
    "LAST": 1,
    "WEIGHT": 1
  },
  "102": {
    "NATUREID": "pcrid",
    "TYPE": 1,
    "REMARKS": "ST Bạo Kích",
    "BPATH": "buff_icon_02",
    "NAME": "残忍",
    "NAME_VN": "Tàn Nhẫn",
    "ADDITION": 0.5,
    "CHAPERID": 1,
    "LAST": 0,
    "WEIGHT": 1
  },
  "918": {
    "NATUREID": "pmthr",
    "TYPE": 3,
    "REMARKS": "Xuyên Phép",
    "BPATH": "buff_icon_06",
    "NAME": "法术穿透",
    "NAME_VN": "Xuyên Phép",
    "ADDITION": 2,
    "CHAPERID": 9,
    "LAST": 0,
    "WEIGHT": 1
  },
  "1012": {
    "NATUREID": "pmthr",
    "TYPE": 2,
    "REMARKS": "Xuyên Phép",
    "BPATH": "buff_icon_06",
    "NAME": "法术穿透",
    "NAME_VN": "Xuyên Phép",
    "ADDITION": 1,
    "CHAPERID": 10,
    "LAST": 0,
    "WEIGHT": 1
  },
  "504": {
    "NATUREID": "atk",
    "TYPE": 1,
    "REMARKS": "Tấn Công",
    "BPATH": "buff_icon_04",
    "NAME": "力量祝福",
    "NAME_VN": "Chúc Phúc Sức Mạnh",
    "ADDITION": 1,
    "CHAPERID": 5,
    "LAST": 0,
    "WEIGHT": 1
  },
  "1222": {
    "NATUREID": "atk",
    "TYPE": 8,
    "REMARKS": "Tấn Công",
    "BPATH": "buff_icon_04",
    "NAME": "力量祝福",
    "NAME_VN": "Chúc Phúc Sức Mạnh",
    "ADDITION": 30,
    "CHAPERID": 12,
    "LAST": 1,
    "WEIGHT": 1
  },
  "223": {
    "NATUREID": "ppthr",
    "TYPE": 8,
    "REMARKS": "Phá Giáp",
    "BPATH": "buff_icon_05",
    "NAME": "破甲攻击",
    "NAME_VN": "Tấn Công Phá Giáp",
    "ADDITION": 15,
    "CHAPERID": 2,
    "LAST": 1,
    "WEIGHT": 1
  },
  "1014": {
    "NATUREID": "pcrid",
    "TYPE": 3,
    "REMARKS": "ST Bạo Kích",
    "BPATH": "buff_icon_02",
    "NAME": "残忍",
    "NAME_VN": "Tàn Nhẫn",
    "ADDITION": 2,
    "CHAPERID": 10,
    "LAST": 0,
    "WEIGHT": 1
  },
  "1109": {
    "NATUREID": "pcri",
    "TYPE": 2,
    "REMARKS": "Tỷ Lệ Bạo Kích",
    "BPATH": "buff_icon_03",
    "NAME": "狂暴",
    "NAME_VN": "Cuồng Bạo",
    "ADDITION": 1,
    "CHAPERID": 11,
    "LAST": 0,
    "WEIGHT": 1
  },
  "302": {
    "NATUREID": "pcrid",
    "TYPE": 1,
    "REMARKS": "ST Bạo Kích",
    "BPATH": "buff_icon_02",
    "NAME": "残忍",
    "NAME_VN": "Tàn Nhẫn",
    "ADDITION": 0.5,
    "CHAPERID": 3,
    "LAST": 0,
    "WEIGHT": 1
  },
  "408": {
    "NATUREID": "pcrid",
    "TYPE": 2,
    "REMARKS": "ST Bạo Kích",
    "BPATH": "buff_icon_02",
    "NAME": "残忍",
    "NAME_VN": "Tàn Nhẫn",
    "ADDITION": 1,
    "CHAPERID": 4,
    "LAST": 0,
    "WEIGHT": 1
  },
  "915": {
    "NATUREID": "pcri",
    "TYPE": 3,
    "REMARKS": "Tỷ Lệ Bạo Kích",
    "BPATH": "buff_icon_03",
    "NAME": "狂暴",
    "NAME_VN": "Cuồng Bạo",
    "ADDITION": 2,
    "CHAPERID": 9,
    "LAST": 0,
    "WEIGHT": 1
  },
  "1323": {
    "NATUREID": "ppthr",
    "TYPE": 8,
    "REMARKS": "Phá Giáp",
    "BPATH": "buff_icon_05",
    "NAME": "破甲攻击",
    "NAME_VN": "Tấn Công Phá Giáp",
    "ADDITION": 15,
    "CHAPERID": 13,
    "LAST": 1,
    "WEIGHT": 1
  },
  "1324": {
    "NATUREID": "pmthr",
    "TYPE": 8,
    "REMARKS": "Xuyên Phép",
    "BPATH": "buff_icon_06",
    "NAME": "法术穿透",
    "NAME_VN": "Xuyên Phép",
    "ADDITION": 15,
    "CHAPERID": 13,
    "LAST": 1,
    "WEIGHT": 1
  },
  "312": {
    "NATUREID": "pmthr",
    "TYPE": 2,
    "REMARKS": "Xuyên Phép",
    "BPATH": "buff_icon_06",
    "NAME": "法术穿透",
    "NAME_VN": "Xuyên Phép",
    "ADDITION": 1,
    "CHAPERID": 3,
    "LAST": 0,
    "WEIGHT": 1
  },
  "1319": {
    "NATUREID": "pskidam",
    "TYPE": 8,
    "REMARKS": "ST Kỹ Năng",
    "BPATH": "buff_icon_01",
    "NAME": "智慧祝福",
    "NAME_VN": "Chúc Phúc Trí Tuệ",
    "ADDITION": 15,
    "CHAPERID": 13,
    "LAST": 1,
    "WEIGHT": 1
  },
  "1101": {
    "NATUREID": "pskidam",
    "TYPE": 1,
    "REMARKS": "ST Kỹ Năng",
    "BPATH": "buff_icon_01",
    "NAME": "智慧祝福",
    "NAME_VN": "Chúc Phúc Trí Tuệ",
    "ADDITION": 0.5,
    "CHAPERID": 11,
    "LAST": 0,
    "WEIGHT": 1
  },
  "621": {
    "NATUREID": "pcri",
    "TYPE": 8,
    "REMARKS": "Tỷ Lệ Bạo Kích",
    "BPATH": "buff_icon_03",
    "NAME": "狂暴",
    "NAME_VN": "Cuồng Bạo",
    "ADDITION": 10,
    "CHAPERID": 6,
    "LAST": 1,
    "WEIGHT": 1
  },
  "321": {
    "NATUREID": "pcri",
    "TYPE": 8,
    "REMARKS": "Tỷ Lệ Bạo Kích",
    "BPATH": "buff_icon_03",
    "NAME": "狂暴",
    "NAME_VN": "Cuồng Bạo",
    "ADDITION": 10,
    "CHAPERID": 3,
    "LAST": 1,
    "WEIGHT": 1
  },
  "815": {
    "NATUREID": "pcri",
    "TYPE": 3,
    "REMARKS": "Tỷ Lệ Bạo Kích",
    "BPATH": "buff_icon_03",
    "NAME": "狂暴",
    "NAME_VN": "Cuồng Bạo",
    "ADDITION": 2,
    "CHAPERID": 8,
    "LAST": 0,
    "WEIGHT": 1
  },
  "622": {
    "NATUREID": "atk",
    "TYPE": 8,
    "REMARKS": "Tấn Công",
    "BPATH": "buff_icon_04",
    "NAME": "力量祝福",
    "NAME_VN": "Chúc Phúc Sức Mạnh",
    "ADDITION": 30,
    "CHAPERID": 6,
    "LAST": 1,
    "WEIGHT": 1
  },
  "320": {
    "NATUREID": "pcrid",
    "TYPE": 8,
    "REMARKS": "ST Bạo Kích",
    "BPATH": "buff_icon_02",
    "NAME": "残忍",
    "NAME_VN": "Tàn Nhẫn",
    "ADDITION": 15,
    "CHAPERID": 3,
    "LAST": 1,
    "WEIGHT": 1
  },
  "904": {
    "NATUREID": "atk",
    "TYPE": 1,
    "REMARKS": "Tấn Công",
    "BPATH": "buff_icon_04",
    "NAME": "力量祝福",
    "NAME_VN": "Chúc Phúc Sức Mạnh",
    "ADDITION": 1,
    "CHAPERID": 9,
    "LAST": 0,
    "WEIGHT": 1
  },
  "117": {
    "NATUREID": "ppthr",
    "TYPE": 3,
    "REMARKS": "Phá Giáp",
    "BPATH": "buff_icon_05",
    "NAME": "破甲攻击",
    "NAME_VN": "Tấn Công Phá Giáp",
    "ADDITION": 2,
    "CHAPERID": 1,
    "LAST": 0,
    "WEIGHT": 1
  },
  "420": {
    "NATUREID": "pcrid",
    "TYPE": 8,
    "REMARKS": "ST Bạo Kích",
    "BPATH": "buff_icon_02",
    "NAME": "残忍",
    "NAME_VN": "Tàn Nhẫn",
    "ADDITION": 15,
    "CHAPERID": 4,
    "LAST": 1,
    "WEIGHT": 1
  },
  "817": {
    "NATUREID": "ppthr",
    "TYPE": 3,
    "REMARKS": "Phá Giáp",
    "BPATH": "buff_icon_05",
    "NAME": "破甲攻击",
    "NAME_VN": "Tấn Công Phá Giáp",
    "ADDITION": 2,
    "CHAPERID": 8,
    "LAST": 0,
    "WEIGHT": 1
  },
  "610": {
    "NATUREID": "atk",
    "TYPE": 2,
    "REMARKS": "Tấn Công",
    "BPATH": "buff_icon_04",
    "NAME": "力量祝福",
    "NAME_VN": "Chúc Phúc Sức Mạnh",
    "ADDITION": 2,
    "CHAPERID": 6,
    "LAST": 0,
    "WEIGHT": 1
  },
  "709": {
    "NATUREID": "pcri",
    "TYPE": 2,
    "REMARKS": "Tỷ Lệ Bạo Kích",
    "BPATH": "buff_icon_03",
    "NAME": "狂暴",
    "NAME_VN": "Cuồng Bạo",
    "ADDITION": 1,
    "CHAPERID": 7,
    "LAST": 0,
    "WEIGHT": 1
  },
  "520": {
    "NATUREID": "pcrid",
    "TYPE": 8,
    "REMARKS": "ST Bạo Kích",
    "BPATH": "buff_icon_02",
    "NAME": "残忍",
    "NAME_VN": "Tàn Nhẫn",
    "ADDITION": 15,
    "CHAPERID": 5,
    "LAST": 1,
    "WEIGHT": 1
  },
  "111": {
    "NATUREID": "ppthr",
    "TYPE": 2,
    "REMARKS": "Phá Giáp",
    "BPATH": "buff_icon_05",
    "NAME": "破甲攻击",
    "NAME_VN": "Tấn Công Phá Giáp",
    "ADDITION": 1,
    "CHAPERID": 1,
    "LAST": 0,
    "WEIGHT": 1
  },
  "1210": {
    "NATUREID": "atk",
    "TYPE": 2,
    "REMARKS": "Tấn Công",
    "BPATH": "buff_icon_04",
    "NAME": "力量祝福",
    "NAME_VN": "Chúc Phúc Sức Mạnh",
    "ADDITION": 2,
    "CHAPERID": 12,
    "LAST": 0,
    "WEIGHT": 1
  },
  "1113": {
    "NATUREID": "pskidam",
    "TYPE": 3,
    "REMARKS": "ST Kỹ Năng",
    "BPATH": "buff_icon_01",
    "NAME": "智慧祝福",
    "NAME_VN": "Chúc Phúc Trí Tuệ",
    "ADDITION": 2,
    "CHAPERID": 11,
    "LAST": 0,
    "WEIGHT": 1
  },
  "224": {
    "NATUREID": "pmthr",
    "TYPE": 8,
    "REMARKS": "Xuyên Phép",
    "BPATH": "buff_icon_06",
    "NAME": "法术穿透",
    "NAME_VN": "Xuyên Phép",
    "ADDITION": 15,
    "CHAPERID": 2,
    "LAST": 1,
    "WEIGHT": 1
  },
  "907": {
    "NATUREID": "pskidam",
    "TYPE": 2,
    "REMARKS": "ST Kỹ Năng",
    "BPATH": "buff_icon_01",
    "NAME": "智慧祝福",
    "NAME_VN": "Chúc Phúc Trí Tuệ",
    "ADDITION": 1,
    "CHAPERID": 9,
    "LAST": 0,
    "WEIGHT": 1
  },
  "519": {
    "NATUREID": "pskidam",
    "TYPE": 8,
    "REMARKS": "ST Kỹ Năng",
    "BPATH": "buff_icon_01",
    "NAME": "智慧祝福",
    "NAME_VN": "Chúc Phúc Trí Tuệ",
    "ADDITION": 15,
    "CHAPERID": 5,
    "LAST": 1,
    "WEIGHT": 1
  },
  "1202": {
    "NATUREID": "pcrid",
    "TYPE": 1,
    "REMARKS": "ST Bạo Kích",
    "BPATH": "buff_icon_02",
    "NAME": "残忍",
    "NAME_VN": "Tàn Nhẫn",
    "ADDITION": 0.5,
    "CHAPERID": 12,
    "LAST": 0,
    "WEIGHT": 1
  },
  "1404": {
    "NATUREID": "atk",
    "TYPE": 1,
    "REMARKS": "Tấn Công",
    "BPATH": "buff_icon_04",
    "NAME": "力量祝福",
    "NAME_VN": "Chúc Phúc Sức Mạnh",
    "ADDITION": 1,
    "CHAPERID": 14,
    "LAST": 0,
    "WEIGHT": 1
  },
  "810": {
    "NATUREID": "atk",
    "TYPE": 2,
    "REMARKS": "Tấn Công",
    "BPATH": "buff_icon_04",
    "NAME": "力量祝福",
    "NAME_VN": "Chúc Phúc Sức Mạnh",
    "ADDITION": 2,
    "CHAPERID": 8,
    "LAST": 0,
    "WEIGHT": 1
  },
  "105": {
    "NATUREID": "ppthr",
    "TYPE": 1,
    "REMARKS": "Phá Giáp",
    "BPATH": "buff_icon_05",
    "NAME": "破甲攻击",
    "NAME_VN": "Tấn Công Phá Giáp",
    "ADDITION": 0.5,
    "CHAPERID": 1,
    "LAST": 0,
    "WEIGHT": 1
  },
  "619": {
    "NATUREID": "pskidam",
    "TYPE": 8,
    "REMARKS": "ST Kỹ Năng",
    "BPATH": "buff_icon_01",
    "NAME": "智慧祝福",
    "NAME_VN": "Chúc Phúc Trí Tuệ",
    "ADDITION": 15,
    "CHAPERID": 6,
    "LAST": 1,
    "WEIGHT": 1
  },
  "221": {
    "NATUREID": "pcri",
    "TYPE": 8,
    "REMARKS": "Tỷ Lệ Bạo Kích",
    "BPATH": "buff_icon_03",
    "NAME": "狂暴",
    "NAME_VN": "Cuồng Bạo",
    "ADDITION": 10,
    "CHAPERID": 2,
    "LAST": 1,
    "WEIGHT": 1
  },
  "1518": {
    "NATUREID": "pmthr",
    "TYPE": 3,
    "REMARKS": "Xuyên Phép",
    "BPATH": "buff_icon_06",
    "NAME": "法术穿透",
    "NAME_VN": "Xuyên Phép",
    "ADDITION": 2,
    "CHAPERID": 15,
    "LAST": 0,
    "WEIGHT": 1
  },
  "722": {
    "NATUREID": "atk",
    "TYPE": 8,
    "REMARKS": "Tấn Công",
    "BPATH": "buff_icon_04",
    "NAME": "力量祝福",
    "NAME_VN": "Chúc Phúc Sức Mạnh",
    "ADDITION": 30,
    "CHAPERID": 7,
    "LAST": 1,
    "WEIGHT": 1
  },
  "1216": {
    "NATUREID": "atk",
    "TYPE": 3,
    "REMARKS": "Tấn Công",
    "BPATH": "buff_icon_04",
    "NAME": "力量祝福",
    "NAME_VN": "Chúc Phúc Sức Mạnh",
    "ADDITION": 4,
    "CHAPERID": 12,
    "LAST": 0,
    "WEIGHT": 1
  },
  "1424": {
    "NATUREID": "pmthr",
    "TYPE": 8,
    "REMARKS": "Xuyên Phép",
    "BPATH": "buff_icon_06",
    "NAME": "法术穿透",
    "NAME_VN": "Xuyên Phép",
    "ADDITION": 15,
    "CHAPERID": 14,
    "LAST": 1,
    "WEIGHT": 1
  },
  "905": {
    "NATUREID": "ppthr",
    "TYPE": 1,
    "REMARKS": "Phá Giáp",
    "BPATH": "buff_icon_05",
    "NAME": "破甲攻击",
    "NAME_VN": "Tấn Công Phá Giáp",
    "ADDITION": 0.5,
    "CHAPERID": 9,
    "LAST": 0,
    "WEIGHT": 1
  },
  "611": {
    "NATUREID": "ppthr",
    "TYPE": 2,
    "REMARKS": "Phá Giáp",
    "BPATH": "buff_icon_05",
    "NAME": "破甲攻击",
    "NAME_VN": "Tấn Công Phá Giáp",
    "ADDITION": 1,
    "CHAPERID": 6,
    "LAST": 0,
    "WEIGHT": 1
  },
  "1522": {
    "NATUREID": "atk",
    "TYPE": 8,
    "REMARKS": "Tấn Công",
    "BPATH": "buff_icon_04",
    "NAME": "力量祝福",
    "NAME_VN": "Chúc Phúc Sức Mạnh",
    "ADDITION": 30,
    "CHAPERID": 15,
    "LAST": 1,
    "WEIGHT": 1
  },
  "1403": {
    "NATUREID": "pcri",
    "TYPE": 1,
    "REMARKS": "Tỷ Lệ Bạo Kích",
    "BPATH": "buff_icon_03",
    "NAME": "狂暴",
    "NAME_VN": "Cuồng Bạo",
    "ADDITION": 0.5,
    "CHAPERID": 14,
    "LAST": 0,
    "WEIGHT": 1
  },
  "114": {
    "NATUREID": "pcrid",
    "TYPE": 3,
    "REMARKS": "ST Bạo Kích",
    "BPATH": "buff_icon_02",
    "NAME": "残忍",
    "NAME_VN": "Tàn Nhẫn",
    "ADDITION": 2,
    "CHAPERID": 1,
    "LAST": 0,
    "WEIGHT": 1
  },
  "507": {
    "NATUREID": "pskidam",
    "TYPE": 2,
    "REMARKS": "ST Kỹ Năng",
    "BPATH": "buff_icon_01",
    "NAME": "智慧祝福",
    "NAME_VN": "Chúc Phúc Trí Tuệ",
    "ADDITION": 1,
    "CHAPERID": 5,
    "LAST": 0,
    "WEIGHT": 1
  },
  "705": {
    "NATUREID": "ppthr",
    "TYPE": 1,
    "REMARKS": "Phá Giáp",
    "BPATH": "buff_icon_05",
    "NAME": "破甲攻击",
    "NAME_VN": "Tấn Công Phá Giáp",
    "ADDITION": 0.5,
    "CHAPERID": 7,
    "LAST": 0,
    "WEIGHT": 1
  },
  "101": {
    "NATUREID": "pskidam",
    "TYPE": 1,
    "REMARKS": "ST Kỹ Năng",
    "BPATH": "buff_icon_01",
    "NAME": "智慧祝福",
    "NAME_VN": "Chúc Phúc Trí Tuệ",
    "ADDITION": 0.5,
    "CHAPERID": 1,
    "LAST": 0,
    "WEIGHT": 1
  },
  "1002": {
    "NATUREID": "pcrid",
    "TYPE": 1,
    "REMARKS": "ST Bạo Kích",
    "BPATH": "buff_icon_02",
    "NAME": "残忍",
    "NAME_VN": "Tàn Nhẫn",
    "ADDITION": 0.5,
    "CHAPERID": 10,
    "LAST": 0,
    "WEIGHT": 1
  },
  "515": {
    "NATUREID": "pcri",
    "TYPE": 3,
    "REMARKS": "Tỷ Lệ Bạo Kích",
    "BPATH": "buff_icon_03",
    "NAME": "狂暴",
    "NAME_VN": "Cuồng Bạo",
    "ADDITION": 2,
    "CHAPERID": 5,
    "LAST": 0,
    "WEIGHT": 1
  },
  "1016": {
    "NATUREID": "atk",
    "TYPE": 3,
    "REMARKS": "Tấn Công",
    "BPATH": "buff_icon_04",
    "NAME": "力量祝福",
    "NAME_VN": "Chúc Phúc Sức Mạnh",
    "ADDITION": 4,
    "CHAPERID": 10,
    "LAST": 0,
    "WEIGHT": 1
  },
  "1302": {
    "NATUREID": "pcrid",
    "TYPE": 1,
    "REMARKS": "ST Bạo Kích",
    "BPATH": "buff_icon_02",
    "NAME": "残忍",
    "NAME_VN": "Tàn Nhẫn",
    "ADDITION": 0.5,
    "CHAPERID": 13,
    "LAST": 0,
    "WEIGHT": 1
  },
  "1515": {
    "NATUREID": "pcri",
    "TYPE": 3,
    "REMARKS": "Tỷ Lệ Bạo Kích",
    "BPATH": "buff_icon_03",
    "NAME": "狂暴",
    "NAME_VN": "Cuồng Bạo",
    "ADDITION": 2,
    "CHAPERID": 15,
    "LAST": 0,
    "WEIGHT": 1
  },
  "922": {
    "NATUREID": "atk",
    "TYPE": 8,
    "REMARKS": "Tấn Công",
    "BPATH": "buff_icon_04",
    "NAME": "力量祝福",
    "NAME_VN": "Chúc Phúc Sức Mạnh",
    "ADDITION": 30,
    "CHAPERID": 9,
    "LAST": 1,
    "WEIGHT": 1
  },
  "220": {
    "NATUREID": "pcrid",
    "TYPE": 8,
    "REMARKS": "ST Bạo Kích",
    "BPATH": "buff_icon_02",
    "NAME": "残忍",
    "NAME_VN": "Tàn Nhẫn",
    "ADDITION": 15,
    "CHAPERID": 2,
    "LAST": 1,
    "WEIGHT": 1
  },
  "209": {
    "NATUREID": "pcri",
    "TYPE": 2,
    "REMARKS": "Tỷ Lệ Bạo Kích",
    "BPATH": "buff_icon_03",
    "NAME": "狂暴",
    "NAME_VN": "Cuồng Bạo",
    "ADDITION": 1,
    "CHAPERID": 2,
    "LAST": 0,
    "WEIGHT": 1
  },
  "618": {
    "NATUREID": "pmthr",
    "TYPE": 3,
    "REMARKS": "Xuyên Phép",
    "BPATH": "buff_icon_06",
    "NAME": "法术穿透",
    "NAME_VN": "Xuyên Phép",
    "ADDITION": 2,
    "CHAPERID": 6,
    "LAST": 0,
    "WEIGHT": 1
  },
  "419": {
    "NATUREID": "pskidam",
    "TYPE": 8,
    "REMARKS": "ST Kỹ Năng",
    "BPATH": "buff_icon_01",
    "NAME": "智慧祝福",
    "NAME_VN": "Chúc Phúc Trí Tuệ",
    "ADDITION": 15,
    "CHAPERID": 4,
    "LAST": 1,
    "WEIGHT": 1
  },
  "1213": {
    "NATUREID": "pskidam",
    "TYPE": 3,
    "REMARKS": "ST Kỹ Năng",
    "BPATH": "buff_icon_01",
    "NAME": "智慧祝福",
    "NAME_VN": "Chúc Phúc Trí Tuệ",
    "ADDITION": 2,
    "CHAPERID": 12,
    "LAST": 0,
    "WEIGHT": 1
  },
  "816": {
    "NATUREID": "atk",
    "TYPE": 3,
    "REMARKS": "Tấn Công",
    "BPATH": "buff_icon_04",
    "NAME": "力量祝福",
    "NAME_VN": "Chúc Phúc Sức Mạnh",
    "ADDITION": 4,
    "CHAPERID": 8,
    "LAST": 0,
    "WEIGHT": 1
  },
  "502": {
    "NATUREID": "pcrid",
    "TYPE": 1,
    "REMARKS": "ST Bạo Kích",
    "BPATH": "buff_icon_02",
    "NAME": "残忍",
    "NAME_VN": "Tàn Nhẫn",
    "ADDITION": 0.5,
    "CHAPERID": 5,
    "LAST": 0,
    "WEIGHT": 1
  },
  "423": {
    "NATUREID": "ppthr",
    "TYPE": 8,
    "REMARKS": "Phá Giáp",
    "BPATH": "buff_icon_05",
    "NAME": "破甲攻击",
    "NAME_VN": "Tấn Công Phá Giáp",
    "ADDITION": 15,
    "CHAPERID": 4,
    "LAST": 1,
    "WEIGHT": 1
  },
  "1305": {
    "NATUREID": "ppthr",
    "TYPE": 1,
    "REMARKS": "Phá Giáp",
    "BPATH": "buff_icon_05",
    "NAME": "破甲攻击",
    "NAME_VN": "Tấn Công Phá Giáp",
    "ADDITION": 0.5,
    "CHAPERID": 13,
    "LAST": 0,
    "WEIGHT": 1
  },
  "1015": {
    "NATUREID": "pcri",
    "TYPE": 3,
    "REMARKS": "Tỷ Lệ Bạo Kích",
    "BPATH": "buff_icon_03",
    "NAME": "狂暴",
    "NAME_VN": "Cuồng Bạo",
    "ADDITION": 2,
    "CHAPERID": 10,
    "LAST": 0,
    "WEIGHT": 1
  },
  "919": {
    "NATUREID": "pskidam",
    "TYPE": 8,
    "REMARKS": "ST Kỹ Năng",
    "BPATH": "buff_icon_01",
    "NAME": "智慧祝福",
    "NAME_VN": "Chúc Phúc Trí Tuệ",
    "ADDITION": 15,
    "CHAPERID": 9,
    "LAST": 1,
    "WEIGHT": 1
  },
  "207": {
    "NATUREID": "pskidam",
    "TYPE": 2,
    "REMARKS": "ST Kỹ Năng",
    "BPATH": "buff_icon_01",
    "NAME": "智慧祝福",
    "NAME_VN": "Chúc Phúc Trí Tuệ",
    "ADDITION": 1,
    "CHAPERID": 2,
    "LAST": 0,
    "WEIGHT": 1
  },
  "1520": {
    "NATUREID": "pcrid",
    "TYPE": 8,
    "REMARKS": "ST Bạo Kích",
    "BPATH": "buff_icon_02",
    "NAME": "残忍",
    "NAME_VN": "Tàn Nhẫn",
    "ADDITION": 15,
    "CHAPERID": 15,
    "LAST": 1,
    "WEIGHT": 1
  },
  "1111": {
    "NATUREID": "ppthr",
    "TYPE": 2,
    "REMARKS": "Phá Giáp",
    "BPATH": "buff_icon_05",
    "NAME": "破甲攻击",
    "NAME_VN": "Tấn Công Phá Giáp",
    "ADDITION": 1,
    "CHAPERID": 11,
    "LAST": 0,
    "WEIGHT": 1
  },
  "602": {
    "NATUREID": "pcrid",
    "TYPE": 1,
    "REMARKS": "ST Bạo Kích",
    "BPATH": "buff_icon_02",
    "NAME": "残忍",
    "NAME_VN": "Tàn Nhẫn",
    "ADDITION": 0.5,
    "CHAPERID": 6,
    "LAST": 0,
    "WEIGHT": 1
  },
  "413": {
    "NATUREID": "pskidam",
    "TYPE": 3,
    "REMARKS": "ST Kỹ Năng",
    "BPATH": "buff_icon_01",
    "NAME": "智慧祝福",
    "NAME_VN": "Chúc Phúc Trí Tuệ",
    "ADDITION": 2,
    "CHAPERID": 4,
    "LAST": 0,
    "WEIGHT": 1
  },
  "412": {
    "NATUREID": "pmthr",
    "TYPE": 2,
    "REMARKS": "Xuyên Phép",
    "BPATH": "buff_icon_06",
    "NAME": "法术穿透",
    "NAME_VN": "Xuyên Phép",
    "ADDITION": 1,
    "CHAPERID": 4,
    "LAST": 0,
    "WEIGHT": 1
  },
  "1206": {
    "NATUREID": "pmthr",
    "TYPE": 1,
    "REMARKS": "Xuyên Phép",
    "BPATH": "buff_icon_06",
    "NAME": "法术穿透",
    "NAME_VN": "Xuyên Phép",
    "ADDITION": 0.5,
    "CHAPERID": 12,
    "LAST": 0,
    "WEIGHT": 1
  },
  "710": {
    "NATUREID": "atk",
    "TYPE": 2,
    "REMARKS": "Tấn Công",
    "BPATH": "buff_icon_04",
    "NAME": "力量祝福",
    "NAME_VN": "Chúc Phúc Sức Mạnh",
    "ADDITION": 2,
    "CHAPERID": 7,
    "LAST": 0,
    "WEIGHT": 1
  },
  "404": {
    "NATUREID": "atk",
    "TYPE": 1,
    "REMARKS": "Tấn Công",
    "BPATH": "buff_icon_04",
    "NAME": "力量祝福",
    "NAME_VN": "Chúc Phúc Sức Mạnh",
    "ADDITION": 1,
    "CHAPERID": 4,
    "LAST": 0,
    "WEIGHT": 1
  },
  "1201": {
    "NATUREID": "pskidam",
    "TYPE": 1,
    "REMARKS": "ST Kỹ Năng",
    "BPATH": "buff_icon_01",
    "NAME": "智慧祝福",
    "NAME_VN": "Chúc Phúc Trí Tuệ",
    "ADDITION": 0.5,
    "CHAPERID": 12,
    "LAST": 0,
    "WEIGHT": 1
  },
  "523": {
    "NATUREID": "ppthr",
    "TYPE": 8,
    "REMARKS": "Phá Giáp",
    "BPATH": "buff_icon_05",
    "NAME": "破甲攻击",
    "NAME_VN": "Tấn Công Phá Giáp",
    "ADDITION": 15,
    "CHAPERID": 5,
    "LAST": 1,
    "WEIGHT": 1
  },
  "1513": {
    "NATUREID": "pskidam",
    "TYPE": 3,
    "REMARKS": "ST Kỹ Năng",
    "BPATH": "buff_icon_01",
    "NAME": "智慧祝福",
    "NAME_VN": "Chúc Phúc Trí Tuệ",
    "ADDITION": 2,
    "CHAPERID": 15,
    "LAST": 0,
    "WEIGHT": 1
  },
  "508": {
    "NATUREID": "pcrid",
    "TYPE": 2,
    "REMARKS": "ST Bạo Kích",
    "BPATH": "buff_icon_02",
    "NAME": "残忍",
    "NAME_VN": "Tàn Nhẫn",
    "ADDITION": 1,
    "CHAPERID": 5,
    "LAST": 0,
    "WEIGHT": 1
  },
  "119": {
    "NATUREID": "pskidam",
    "TYPE": 8,
    "REMARKS": "ST Kỹ Năng",
    "BPATH": "buff_icon_01",
    "NAME": "智慧祝福",
    "NAME_VN": "Chúc Phúc Trí Tuệ",
    "ADDITION": 15,
    "CHAPERID": 1,
    "LAST": 1,
    "WEIGHT": 1
  },
  "807": {
    "NATUREID": "pskidam",
    "TYPE": 2,
    "REMARKS": "ST Kỹ Năng",
    "BPATH": "buff_icon_01",
    "NAME": "智慧祝福",
    "NAME_VN": "Chúc Phúc Trí Tuệ",
    "ADDITION": 1,
    "CHAPERID": 8,
    "LAST": 0,
    "WEIGHT": 1
  },
  "1107": {
    "NATUREID": "pskidam",
    "TYPE": 2,
    "REMARKS": "ST Kỹ Năng",
    "BPATH": "buff_icon_01",
    "NAME": "智慧祝福",
    "NAME_VN": "Chúc Phúc Trí Tuệ",
    "ADDITION": 1,
    "CHAPERID": 11,
    "LAST": 0,
    "WEIGHT": 1
  },
  "313": {
    "NATUREID": "pskidam",
    "TYPE": 3,
    "REMARKS": "ST Kỹ Năng",
    "BPATH": "buff_icon_01",
    "NAME": "智慧祝福",
    "NAME_VN": "Chúc Phúc Trí Tuệ",
    "ADDITION": 2,
    "CHAPERID": 3,
    "LAST": 0,
    "WEIGHT": 1
  },
  "123": {
    "NATUREID": "ppthr",
    "TYPE": 8,
    "REMARKS": "Phá Giáp",
    "BPATH": "buff_icon_05",
    "NAME": "破甲攻击",
    "NAME_VN": "Tấn Công Phá Giáp",
    "ADDITION": 15,
    "CHAPERID": 1,
    "LAST": 1,
    "WEIGHT": 1
  },
  "1021": {
    "NATUREID": "pcri",
    "TYPE": 8,
    "REMARKS": "Tỷ Lệ Bạo Kích",
    "BPATH": "buff_icon_03",
    "NAME": "狂暴",
    "NAME_VN": "Cuồng Bạo",
    "ADDITION": 10,
    "CHAPERID": 10,
    "LAST": 1,
    "WEIGHT": 1
  },
  "1108": {
    "NATUREID": "pcrid",
    "TYPE": 2,
    "REMARKS": "ST Bạo Kích",
    "BPATH": "buff_icon_02",
    "NAME": "残忍",
    "NAME_VN": "Tàn Nhẫn",
    "ADDITION": 1,
    "CHAPERID": 11,
    "LAST": 0,
    "WEIGHT": 1
  },
  "1211": {
    "NATUREID": "ppthr",
    "TYPE": 2,
    "REMARKS": "Phá Giáp",
    "BPATH": "buff_icon_05",
    "NAME": "破甲攻击",
    "NAME_VN": "Tấn Công Phá Giáp",
    "ADDITION": 1,
    "CHAPERID": 12,
    "LAST": 0,
    "WEIGHT": 1
  },
  "406": {
    "NATUREID": "pmthr",
    "TYPE": 1,
    "REMARKS": "Xuyên Phép",
    "BPATH": "buff_icon_06",
    "NAME": "法术穿透",
    "NAME_VN": "Xuyên Phép",
    "ADDITION": 0.5,
    "CHAPERID": 4,
    "LAST": 0,
    "WEIGHT": 1
  },
  "514": {
    "NATUREID": "pcrid",
    "TYPE": 3,
    "REMARKS": "ST Bạo Kích",
    "BPATH": "buff_icon_02",
    "NAME": "残忍",
    "NAME_VN": "Tàn Nhẫn",
    "ADDITION": 2,
    "CHAPERID": 5,
    "LAST": 0,
    "WEIGHT": 1
  },
  "814": {
    "NATUREID": "pcrid",
    "TYPE": 3,
    "REMARKS": "ST Bạo Kích",
    "BPATH": "buff_icon_02",
    "NAME": "残忍",
    "NAME_VN": "Tàn Nhẫn",
    "ADDITION": 2,
    "CHAPERID": 8,
    "LAST": 0,
    "WEIGHT": 1
  },
  "822": {
    "NATUREID": "atk",
    "TYPE": 8,
    "REMARKS": "Tấn Công",
    "BPATH": "buff_icon_04",
    "NAME": "力量祝福",
    "NAME_VN": "Chúc Phúc Sức Mạnh",
    "ADDITION": 30,
    "CHAPERID": 8,
    "LAST": 1,
    "WEIGHT": 1
  },
  "1313": {
    "NATUREID": "pskidam",
    "TYPE": 3,
    "REMARKS": "ST Kỹ Năng",
    "BPATH": "buff_icon_01",
    "NAME": "智慧祝福",
    "NAME_VN": "Chúc Phúc Trí Tuệ",
    "ADDITION": 2,
    "CHAPERID": 13,
    "LAST": 0,
    "WEIGHT": 1
  },
  "908": {
    "NATUREID": "pcrid",
    "TYPE": 2,
    "REMARKS": "ST Bạo Kích",
    "BPATH": "buff_icon_02",
    "NAME": "残忍",
    "NAME_VN": "Tàn Nhẫn",
    "ADDITION": 1,
    "CHAPERID": 9,
    "LAST": 0,
    "WEIGHT": 1
  },
  "1204": {
    "NATUREID": "atk",
    "TYPE": 1,
    "REMARKS": "Tấn Công",
    "BPATH": "buff_icon_04",
    "NAME": "力量祝福",
    "NAME_VN": "Chúc Phúc Sức Mạnh",
    "ADDITION": 1,
    "CHAPERID": 12,
    "LAST": 0,
    "WEIGHT": 1
  },
  "1307": {
    "NATUREID": "pskidam",
    "TYPE": 2,
    "REMARKS": "ST Kỹ Năng",
    "BPATH": "buff_icon_01",
    "NAME": "智慧祝福",
    "NAME_VN": "Chúc Phúc Trí Tuệ",
    "ADDITION": 1,
    "CHAPERID": 13,
    "LAST": 0,
    "WEIGHT": 1
  },
  "311": {
    "NATUREID": "ppthr",
    "TYPE": 2,
    "REMARKS": "Phá Giáp",
    "BPATH": "buff_icon_05",
    "NAME": "破甲攻击",
    "NAME_VN": "Tấn Công Phá Giáp",
    "ADDITION": 1,
    "CHAPERID": 3,
    "LAST": 0,
    "WEIGHT": 1
  },
  "424": {
    "NATUREID": "pmthr",
    "TYPE": 8,
    "REMARKS": "Xuyên Phép",
    "BPATH": "buff_icon_06",
    "NAME": "法术穿透",
    "NAME_VN": "Xuyên Phép",
    "ADDITION": 15,
    "CHAPERID": 4,
    "LAST": 1,
    "WEIGHT": 1
  },
  "1009": {
    "NATUREID": "pcri",
    "TYPE": 2,
    "REMARKS": "Tỷ Lệ Bạo Kích",
    "BPATH": "buff_icon_03",
    "NAME": "狂暴",
    "NAME_VN": "Cuồng Bạo",
    "ADDITION": 1,
    "CHAPERID": 10,
    "LAST": 0,
    "WEIGHT": 1
  },
  "1205": {
    "NATUREID": "ppthr",
    "TYPE": 1,
    "REMARKS": "Phá Giáp",
    "BPATH": "buff_icon_05",
    "NAME": "破甲攻击",
    "NAME_VN": "Tấn Công Phá Giáp",
    "ADDITION": 0.5,
    "CHAPERID": 12,
    "LAST": 0,
    "WEIGHT": 1
  },
  "122": {
    "NATUREID": "atk",
    "TYPE": 8,
    "REMARKS": "Tấn Công",
    "BPATH": "buff_icon_04",
    "NAME": "力量祝福",
    "NAME_VN": "Chúc Phúc Sức Mạnh",
    "ADDITION": 30,
    "CHAPERID": 1,
    "LAST": 1,
    "WEIGHT": 1
  },
  "1506": {
    "NATUREID": "pmthr",
    "TYPE": 1,
    "REMARKS": "Xuyên Phép",
    "BPATH": "buff_icon_06",
    "NAME": "法术穿透",
    "NAME_VN": "Xuyên Phép",
    "ADDITION": 0.5,
    "CHAPERID": 15,
    "LAST": 0,
    "WEIGHT": 1
  }
}