[
  [
    {
      "NATUREID": "pskidam",
      "TYPE": 8,
      "REMARKS": "ST Kỹ Năng",
      "BPATH": "buff_icon_01",
      "ADDITION": 15,
      "BUFFID": 119,
      "NAME": "智慧祝福",
      "NAME_VN": "Chúc Phúc Trí Tuệ",
      "CHAPERID": 1,
      "LAST": 1,
      "WEIGHT": 1
    },
    {
      "NATUREID": "pcrid",
      "TYPE": 8,
      "REMARKS": "ST Bạo Kích",
      "BPATH": "buff_icon_02",
      "ADDITION": 15,
      "BUFFID": 120,
      "NAME": "残忍",
      "NAME_VN": "Tàn Nhẫn",
      "CHAPERID": 1,
      "LAST": 1,
      "WEIGHT": 1
    },
    {
      "NATUREID": "pcri",
      "TYPE": 8,
      "REMARKS": "Tỷ Lệ Bạo Kích",
      "BPATH": "buff_icon_03",
      "ADDITION": 10,
      "BUFFID": 121,
      "NAME": "狂暴",
      "NAME_VN": "Cuồng Bạo",
      "CHAPERID": 1,
      "LAST": 1,
      "WEIGHT": 1
    },
    {
      "NATUREID": "atk",
      "TYPE": 8,
      "REMARKS": "Tấn Công",
      "BPATH": "buff_icon_04",
      "ADDITION": 30,
      "BUFFID": 122,
      "NAME": "力量祝福",
      "NAME_VN": "Chúc Phúc Sức Mạnh",
      "CHAPERID": 1,
      "LAST": 1,
      "WEIGHT": 1
    },
    {
      "NATUREID": "ppthr",
      "TYPE": 8,
      "REMARKS": "Phá Giáp",
      "BPATH": "buff_icon_05",
      "ADDITION": 15,
      "BUFFID": 123,
      "NAME": "破甲攻击",
      "NAME_VN": "Tấn Công Phá Giáp",
      "CHAPERID": 1,
      "LAST": 1,
      "WEIGHT": 1
    },
    {
      "NATUREID": "pmthr",
      "TYPE": 8,
      "REMARKS": "Xuyên Phép",
      "BPATH": "buff_icon_06",
      "ADDITION": 15,
      "BUFFID": 124,
      "NAME": "法术穿透",
      "NAME_VN": "Xuyên Phép",
      "CHAPERID": 1,
      "LAST": 1,
      "WEIGHT": 1
    }
  ],
  [
    {
      "NATUREID": "pskidam",
      "TYPE": 8,
      "REMARKS": "ST Kỹ Năng",
      "BPATH": "buff_icon_01",
      "ADDITION": 15,
      "BUFFID": 219,
      "NAME": "智慧祝福",
      "NAME_VN": "Chúc Phúc Trí Tuệ",
      "CHAPERID": 2,
      "LAST": 1,
      "WEIGHT": 1
    },
    {
      "NATUREID": "pcrid",
      "TYPE": 8,
      "REMARKS": "ST Bạo Kích",
      "BPATH": "buff_icon_02",
      "ADDITION": 15,
      "BUFFID": 220,
      "NAME": "残忍",
      "NAME_VN": "Tàn Nhẫn",
      "CHAPERID": 2,
      "LAST": 1,
      "WEIGHT": 1
    },
    {
      "NATUREID": "pcri",
      "TYPE": 8,
      "REMARKS": "Tỷ Lệ Bạo Kích",
      "BPATH": "buff_icon_03",
      "ADDITION": 10,
      "BUFFID": 221,
      "NAME": "狂暴",
      "NAME_VN": "Cuồng Bạo",
      "CHAPERID": 2,
      "LAST": 1,
      "WEIGHT": 1
    },
    {
      "NATUREID": "atk",
      "TYPE": 8,
      "REMARKS": "Tấn Công",
      "BPATH": "buff_icon_04",
      "ADDITION": 30,
      "BUFFID": 222,
      "NAME": "力量祝福",
      "NAME_VN": "Chúc Phúc Sức Mạnh",
      "CHAPERID": 2,
      "LAST": 1,
      "WEIGHT": 1
    },
    {
      "NATUREID": "ppthr",
      "TYPE": 8,
      "REMARKS": "Phá Giáp",
      "BPATH": "buff_icon_05",
      "ADDITION": 15,
      "BUFFID": 223,
      "NAME": "破甲攻击",
      "NAME_VN": "Tấn Công Phá Giáp",
      "CHAPERID": 2,
      "LAST": 1,
      "WEIGHT": 1
    },
    {
      "NATUREID": "pmthr",
      "TYPE": 8,
      "REMARKS": "Xuyên Phép",
      "BPATH": "buff_icon_06",
      "ADDITION": 15,
      "BUFFID": 224,
      "NAME": "法术穿透",
      "NAME_VN": "Xuyên Phép",
      "CHAPERID": 2,
      "LAST": 1,
      "WEIGHT": 1
    }
  ],
  [
    {
      "NATUREID": "pskidam",
      "TYPE": 8,
      "REMARKS": "ST Kỹ Năng",
      "BPATH": "buff_icon_01",
      "ADDITION": 15,
      "BUFFID": 319,
      "NAME": "智慧祝福",
      "NAME_VN": "Chúc Phúc Trí Tuệ",
      "CHAPERID": 3,
      "LAST": 1,
      "WEIGHT": 1
    },
    {
      "NATUREID": "pcrid",
      "TYPE": 8,
      "REMARKS": "ST Bạo Kích",
      "BPATH": "buff_icon_02",
      "ADDITION": 15,
      "BUFFID": 320,
      "NAME": "残忍",
      "NAME_VN": "Tàn Nhẫn",
      "CHAPERID": 3,
      "LAST": 1,
      "WEIGHT": 1
    },
    {
      "NATUREID": "pcri",
      "TYPE": 8,
      "REMARKS": "Tỷ Lệ Bạo Kích",
      "BPATH": "buff_icon_03",
      "ADDITION": 10,
      "BUFFID": 321,
      "NAME": "狂暴",
      "NAME_VN": "Cuồng Bạo",
      "CHAPERID": 3,
      "LAST": 1,
      "WEIGHT": 1
    },
    {
      "NATUREID": "atk",
      "TYPE": 8,
      "REMARKS": "Tấn Công",
      "BPATH": "buff_icon_04",
      "ADDITION": 30,
      "BUFFID": 322,
      "NAME": "力量祝福",
      "NAME_VN": "Chúc Phúc Sức Mạnh",
      "CHAPERID": 3,
      "LAST": 1,
      "WEIGHT": 1
    },
    {
      "NATUREID": "ppthr",
      "TYPE": 8,
      "REMARKS": "Phá Giáp",
      "BPATH": "buff_icon_05",
      "ADDITION": 15,
      "BUFFID": 323,
      "NAME": "破甲攻击",
      "NAME_VN": "Tấn Công Phá Giáp",
      "CHAPERID": 3,
      "LAST": 1,
      "WEIGHT": 1
    },
    {
      "NATUREID": "pmthr",
      "TYPE": 8,
      "REMARKS": "Xuyên Phép",
      "BPATH": "buff_icon_06",
      "ADDITION": 15,
      "BUFFID": 324,
      "NAME": "法术穿透",
      "NAME_VN": "Xuyên Phép",
      "CHAPERID": 3,
      "LAST": 1,
      "WEIGHT": 1
    }
  ],
  [
    {
      "NATUREID": "pskidam",
      "TYPE": 8,
      "REMARKS": "ST Kỹ Năng",
      "BPATH": "buff_icon_01",
      "ADDITION": 15,
      "BUFFID": 419,
      "NAME": "智慧祝福",
      "NAME_VN": "Chúc Phúc Trí Tuệ",
      "CHAPERID": 4,
      "LAST": 1,
      "WEIGHT": 1
    },
    {
      "NATUREID": "pcrid",
      "TYPE": 8,
      "REMARKS": "ST Bạo Kích",
      "BPATH": "buff_icon_02",
      "ADDITION": 15,
      "BUFFID": 420,
      "NAME": "残忍",
      "NAME_VN": "Tàn Nhẫn",
      "CHAPERID": 4,
      "LAST": 1,
      "WEIGHT": 1
    },
    {
      "NATUREID": "pcri",
      "TYPE": 8,
      "REMARKS": "Tỷ Lệ Bạo Kích",
      "BPATH": "buff_icon_03",
      "ADDITION": 10,
      "BUFFID": 421,
      "NAME": "狂暴",
      "NAME_VN": "Cuồng Bạo",
      "CHAPERID": 4,
      "LAST": 1,
      "WEIGHT": 1
    },
    {
      "NATUREID": "atk",
      "TYPE": 8,
      "REMARKS": "Tấn Công",
      "BPATH": "buff_icon_04",
      "ADDITION": 30,
      "BUFFID": 422,
      "NAME": "力量祝福",
      "NAME_VN": "Chúc Phúc Sức Mạnh",
      "CHAPERID": 4,
      "LAST": 1,
      "WEIGHT": 1
    },
    {
      "NATUREID": "ppthr",
      "TYPE": 8,
      "REMARKS": "Phá Giáp",
      "BPATH": "buff_icon_05",
      "ADDITION": 15,
      "BUFFID": 423,
      "NAME": "破甲攻击",
      "NAME_VN": "Tấn Công Phá Giáp",
      "CHAPERID": 4,
      "LAST": 1,
      "WEIGHT": 1
    },
    {
      "NATUREID": "pmthr",
      "TYPE": 8,
      "REMARKS": "Xuyên Phép",
      "BPATH": "buff_icon_06",
      "ADDITION": 15,
      "BUFFID": 424,
      "NAME": "法术穿透",
      "NAME_VN": "Xuyên Phép",
      "CHAPERID": 4,
      "LAST": 1,
      "WEIGHT": 1
    }
  ],
  [
    {
      "NATUREID": "pskidam",
      "TYPE": 8,
      "REMARKS": "ST Kỹ Năng",
      "BPATH": "buff_icon_01",
      "ADDITION": 15,
      "BUFFID": 519,
      "NAME": "智慧祝福",
      "NAME_VN": "Chúc Phúc Trí Tuệ",
      "CHAPERID": 5,
      "LAST": 1,
      "WEIGHT": 1
    },
    {
      "NATUREID": "pcrid",
      "TYPE": 8,
      "REMARKS": "ST Bạo Kích",
      "BPATH": "buff_icon_02",
      "ADDITION": 15,
      "BUFFID": 520,
      "NAME": "残忍",
      "NAME_VN": "Tàn Nhẫn",
      "CHAPERID": 5,
      "LAST": 1,
      "WEIGHT": 1
    },
    {
      "NATUREID": "pcri",
      "TYPE": 8,
      "REMARKS": "Tỷ Lệ Bạo Kích",
      "BPATH": "buff_icon_03",
      "ADDITION": 10,
      "BUFFID": 521,
      "NAME": "狂暴",
      "NAME_VN": "Cuồng Bạo",
      "CHAPERID": 5,
      "LAST": 1,
      "WEIGHT": 1
    },
    {
      "NATUREID": "atk",
      "TYPE": 8,
      "REMARKS": "Tấn Công",
      "BPATH": "buff_icon_04",
      "ADDITION": 30,
      "BUFFID": 522,
      "NAME": "力量祝福",
      "NAME_VN": "Chúc Phúc Sức Mạnh",
      "CHAPERID": 5,
      "LAST": 1,
      "WEIGHT": 1
    },
    {
      "NATUREID": "ppthr",
      "TYPE": 8,
      "REMARKS": "Phá Giáp",
      "BPATH": "buff_icon_05",
      "ADDITION": 15,
      "BUFFID": 523,
      "NAME": "破甲攻击",
      "NAME_VN": "Tấn Công Phá Giáp",
      "CHAPERID": 5,
      "LAST": 1,
      "WEIGHT": 1
    },
    {
      "NATUREID": "pmthr",
      "TYPE": 8,
      "REMARKS": "Xuyên Phép",
      "BPATH": "buff_icon_06",
      "ADDITION": 15,
      "BUFFID": 524,
      "NAME": "法术穿透",
      "NAME_VN": "Xuyên Phép",
      "CHAPERID": 5,
      "LAST": 1,
      "WEIGHT": 1
    }
  ],
  [
    {
      "NATUREID": "pskidam",
      "TYPE": 8,
      "REMARKS": "ST Kỹ Năng",
      "BPATH": "buff_icon_01",
      "ADDITION": 15,
      "BUFFID": 619,
      "NAME": "智慧祝福",
      "NAME_VN": "Chúc Phúc Trí Tuệ",
      "CHAPERID": 6,
      "LAST": 1,
      "WEIGHT": 1
    },
    {
      "NATUREID": "pcrid",
      "TYPE": 8,
      "REMARKS": "ST Bạo Kích",
      "BPATH": "buff_icon_02",
      "ADDITION": 15,
      "BUFFID": 620,
      "NAME": "残忍",
      "NAME_VN": "Tàn Nhẫn",
      "CHAPERID": 6,
      "LAST": 1,
      "WEIGHT": 1
    },
    {
      "NATUREID": "pcri",
      "TYPE": 8,
      "REMARKS": "Tỷ Lệ Bạo Kích",
      "BPATH": "buff_icon_03",
      "ADDITION": 10,
      "BUFFID": 621,
      "NAME": "狂暴",
      "NAME_VN": "Cuồng Bạo",
      "CHAPERID": 6,
      "LAST": 1,
      "WEIGHT": 1
    },
    {
      "NATUREID": "atk",
      "TYPE": 8,
      "REMARKS": "Tấn Công",
      "BPATH": "buff_icon_04",
      "ADDITION": 30,
      "BUFFID": 622,
      "NAME": "力量祝福",
      "NAME_VN": "Chúc Phúc Sức Mạnh",
      "CHAPERID": 6,
      "LAST": 1,
      "WEIGHT": 1
    },
    {
      "NATUREID": "ppthr",
      "TYPE": 8,
      "REMARKS": "Phá Giáp",
      "BPATH": "buff_icon_05",
      "ADDITION": 15,
      "BUFFID": 623,
      "NAME": "破甲攻击",
      "NAME_VN": "Tấn Công Phá Giáp",
      "CHAPERID": 6,
      "LAST": 1,
      "WEIGHT": 1
    },
    {
      "NATUREID": "pmthr",
      "TYPE": 8,
      "REMARKS": "Xuyên Phép",
      "BPATH": "buff_icon_06",
      "ADDITION": 15,
      "BUFFID": 624,
      "NAME": "法术穿透",
      "NAME_VN": "Xuyên Phép",
      "CHAPERID": 6,
      "LAST": 1,
      "WEIGHT": 1
    }
  ],
  [
    {
      "NATUREID": "pskidam",
      "TYPE": 8,
      "REMARKS": "ST Kỹ Năng",
      "BPATH": "buff_icon_01",
      "ADDITION": 15,
      "BUFFID": 719,
      "NAME": "智慧祝福",
      "NAME_VN": "Chúc Phúc Trí Tuệ",
      "CHAPERID": 7,
      "LAST": 1,
      "WEIGHT": 1
    },
    {
      "NATUREID": "pcrid",
      "TYPE": 8,
      "REMARKS": "ST Bạo Kích",
      "BPATH": "buff_icon_02",
      "ADDITION": 15,
      "BUFFID": 720,
      "NAME": "残忍",
      "NAME_VN": "Tàn Nhẫn",
      "CHAPERID": 7,
      "LAST": 1,
      "WEIGHT": 1
    },
    {
      "NATUREID": "pcri",
      "TYPE": 8,
      "REMARKS": "Tỷ Lệ Bạo Kích",
      "BPATH": "buff_icon_03",
      "ADDITION": 10,
      "BUFFID": 721,
      "NAME": "狂暴",
      "NAME_VN": "Cuồng Bạo",
      "CHAPERID": 7,
      "LAST": 1,
      "WEIGHT": 1
    },
    {
      "NATUREID": "atk",
      "TYPE": 8,
      "REMARKS": "Tấn Công",
      "BPATH": "buff_icon_04",
      "ADDITION": 30,
      "BUFFID": 722,
      "NAME": "力量祝福",
      "NAME_VN": "Chúc Phúc Sức Mạnh",
      "CHAPERID": 7,
      "LAST": 1,
      "WEIGHT": 1
    },
    {
      "NATUREID": "ppthr",
      "TYPE": 8,
      "REMARKS": "Phá Giáp",
      "BPATH": "buff_icon_05",
      "ADDITION": 15,
      "BUFFID": 723,
      "NAME": "破甲攻击",
      "NAME_VN": "Tấn Công Phá Giáp",
      "CHAPERID": 7,
      "LAST": 1,
      "WEIGHT": 1
    },
    {
      "NATUREID": "pmthr",
      "TYPE": 8,
      "REMARKS": "Xuyên Phép",
      "BPATH": "buff_icon_06",
      "ADDITION": 15,
      "BUFFID": 724,
      "NAME": "法术穿透",
      "NAME_VN": "Xuyên Phép",
      "CHAPERID": 7,
      "LAST": 1,
      "WEIGHT": 1
    }
  ],
  [
    {
      "NATUREID": "pskidam",
      "TYPE": 8,
      "REMARKS": "ST Kỹ Năng",
      "BPATH": "buff_icon_01",
      "ADDITION": 15,
      "BUFFID": 819,
      "NAME": "智慧祝福",
      "NAME_VN": "Chúc Phúc Trí Tuệ",
      "CHAPERID": 8,
      "LAST": 1,
      "WEIGHT": 1
    },
    {
      "NATUREID": "pcrid",
      "TYPE": 8,
      "REMARKS": "ST Bạo Kích",
      "BPATH": "buff_icon_02",
      "ADDITION": 15,
      "BUFFID": 820,
      "NAME": "残忍",
      "NAME_VN": "Tàn Nhẫn",
      "CHAPERID": 8,
      "LAST": 1,
      "WEIGHT": 1
    },
    {
      "NATUREID": "pcri",
      "TYPE": 8,
      "REMARKS": "Tỷ Lệ Bạo Kích",
      "BPATH": "buff_icon_03",
      "ADDITION": 10,
      "BUFFID": 821,
      "NAME": "狂暴",
      "NAME_VN": "Cuồng Bạo",
      "CHAPERID": 8,
      "LAST": 1,
      "WEIGHT": 1
    },
    {
      "NATUREID": "atk",
      "TYPE": 8,
      "REMARKS": "Tấn Công",
      "BPATH": "buff_icon_04",
      "ADDITION": 30,
      "BUFFID": 822,
      "NAME": "力量祝福",
      "NAME_VN": "Chúc Phúc Sức Mạnh",
      "CHAPERID": 8,
      "LAST": 1,
      "WEIGHT": 1
    },
    {
      "NATUREID": "ppthr",
      "TYPE": 8,
      "REMARKS": "Phá Giáp",
      "BPATH": "buff_icon_05",
      "ADDITION": 15,
      "BUFFID": 823,
      "NAME": "破甲攻击",
      "NAME_VN": "Tấn Công Phá Giáp",
      "CHAPERID": 8,
      "LAST": 1,
      "WEIGHT": 1
    },
    {
      "NATUREID": "pmthr",
      "TYPE": 8,
      "REMARKS": "Xuyên Phép",
      "BPATH": "buff_icon_06",
      "ADDITION": 15,
      "BUFFID": 824,
      "NAME": "法术穿透",
      "NAME_VN": "Xuyên Phép",
      "CHAPERID": 8,
      "LAST": 1,
      "WEIGHT": 1
    }
  ],
  [
    {
      "NATUREID": "pskidam",
      "TYPE": 8,
      "REMARKS": "ST Kỹ Năng",
      "BPATH": "buff_icon_01",
      "ADDITION": 15,
      "BUFFID": 919,
      "NAME": "智慧祝福",
      "NAME_VN": "Chúc Phúc Trí Tuệ",
      "CHAPERID": 9,
      "LAST": 1,
      "WEIGHT": 1
    },
    {
      "NATUREID": "pcrid",
      "TYPE": 8,
      "REMARKS": "ST Bạo Kích",
      "BPATH": "buff_icon_02",
      "ADDITION": 15,
      "BUFFID": 920,
      "NAME": "残忍",
      "NAME_VN": "Tàn Nhẫn",
      "CHAPERID": 9,
      "LAST": 1,
      "WEIGHT": 1
    },
    {
      "NATUREID": "pcri",
      "TYPE": 8,
      "REMARKS": "Tỷ Lệ Bạo Kích",
      "BPATH": "buff_icon_03",
      "ADDITION": 10,
      "BUFFID": 921,
      "NAME": "狂暴",
      "NAME_VN": "Cuồng Bạo",
      "CHAPERID": 9,
      "LAST": 1,
      "WEIGHT": 1
    },
    {
      "NATUREID": "atk",
      "TYPE": 8,
      "REMARKS": "Tấn Công",
      "BPATH": "buff_icon_04",
      "ADDITION": 30,
      "BUFFID": 922,
      "NAME": "力量祝福",
      "NAME_VN": "Chúc Phúc Sức Mạnh",
      "CHAPERID": 9,
      "LAST": 1,
      "WEIGHT": 1
    },
    {
      "NATUREID": "ppthr",
      "TYPE": 8,
      "REMARKS": "Phá Giáp",
      "BPATH": "buff_icon_05",
      "ADDITION": 15,
      "BUFFID": 923,
      "NAME": "破甲攻击",
      "NAME_VN": "Tấn Công Phá Giáp",
      "CHAPERID": 9,
      "LAST": 1,
      "WEIGHT": 1
    },
    {
      "NATUREID": "pmthr",
      "TYPE": 8,
      "REMARKS": "Xuyên Phép",
      "BPATH": "buff_icon_06",
      "ADDITION": 15,
      "BUFFID": 924,
      "NAME": "法术穿透",
      "NAME_VN": "Xuyên Phép",
      "CHAPERID": 9,
      "LAST": 1,
      "WEIGHT": 1
    }
  ],
  [
    {
      "NATUREID": "pskidam",
      "TYPE": 8,
      "REMARKS": "ST Kỹ Năng",
      "BPATH": "buff_icon_01",
      "ADDITION": 15,
      "BUFFID": 1019,
      "NAME": "智慧祝福",
      "NAME_VN": "Chúc Phúc Trí Tuệ",
      "CHAPERID": 10,
      "LAST": 1,
      "WEIGHT": 1
    },
    {
      "NATUREID": "pcrid",
      "TYPE": 8,
      "REMARKS": "ST Bạo Kích",
      "BPATH": "buff_icon_02",
      "ADDITION": 15,
      "BUFFID": 1020,
      "NAME": "残忍",
      "NAME_VN": "Tàn Nhẫn",
      "CHAPERID": 10,
      "LAST": 1,
      "WEIGHT": 1
    },
    {
      "NATUREID": "pcri",
      "TYPE": 8,
      "REMARKS": "Tỷ Lệ Bạo Kích",
      "BPATH": "buff_icon_03",
      "ADDITION": 10,
      "BUFFID": 1021,
      "NAME": "狂暴",
      "NAME_VN": "Cuồng Bạo",
      "CHAPERID": 10,
      "LAST": 1,
      "WEIGHT": 1
    },
    {
      "NATUREID": "atk",
      "TYPE": 8,
      "REMARKS": "Tấn Công",
      "BPATH": "buff_icon_04",
      "ADDITION": 30,
      "BUFFID": 1022,
      "NAME": "力量祝福",
      "NAME_VN": "Chúc Phúc Sức Mạnh",
      "CHAPERID": 10,
      "LAST": 1,
      "WEIGHT": 1
    },
    {
      "NATUREID": "ppthr",
      "TYPE": 8,
      "REMARKS": "Phá Giáp",
      "BPATH": "buff_icon_05",
      "ADDITION": 15,
      "BUFFID": 1023,
      "NAME": "破甲攻击",
      "NAME_VN": "Tấn Công Phá Giáp",
      "CHAPERID": 10,
      "LAST": 1,
      "WEIGHT": 1
    },
    {
      "NATUREID": "pmthr",
      "TYPE": 8,
      "REMARKS": "Xuyên Phép",
      "BPATH": "buff_icon_06",
      "ADDITION": 15,
      "BUFFID": 1024,
      "NAME": "法术穿透",
      "NAME_VN": "Xuyên Phép",
      "CHAPERID": 10,
      "LAST": 1,
      "WEIGHT": 1
    }
  ],
  [
    {
      "NATUREID": "pskidam",
      "TYPE": 8,
      "REMARKS": "ST Kỹ Năng",
      "BPATH": "buff_icon_01",
      "ADDITION": 15,
      "BUFFID": 1119,
      "NAME": "智慧祝福",
      "NAME_VN": "Chúc Phúc Trí Tuệ",
      "CHAPERID": 11,
      "LAST": 1,
      "WEIGHT": 1
    },
    {
      "NATUREID": "pcrid",
      "TYPE": 8,
      "REMARKS": "ST Bạo Kích",
      "BPATH": "buff_icon_02",
      "ADDITION": 15,
      "BUFFID": 1120,
      "NAME": "残忍",
      "NAME_VN": "Tàn Nhẫn",
      "CHAPERID": 11,
      "LAST": 1,
      "WEIGHT": 1
    },
    {
      "NATUREID": "pcri",
      "TYPE": 8,
      "REMARKS": "Tỷ Lệ Bạo Kích",
      "BPATH": "buff_icon_03",
      "ADDITION": 10,
      "BUFFID": 1121,
      "NAME": "狂暴",
      "NAME_VN": "Cuồng Bạo",
      "CHAPERID": 11,
      "LAST": 1,
      "WEIGHT": 1
    },
    {
      "NATUREID": "atk",
      "TYPE": 8,
      "REMARKS": "Tấn Công",
      "BPATH": "buff_icon_04",
      "ADDITION": 30,
      "BUFFID": 1122,
      "NAME": "力量祝福",
      "NAME_VN": "Chúc Phúc Sức Mạnh",
      "CHAPERID": 11,
      "LAST": 1,
      "WEIGHT": 1
    },
    {
      "NATUREID": "ppthr",
      "TYPE": 8,
      "REMARKS": "Phá Giáp",
      "BPATH": "buff_icon_05",
      "ADDITION": 15,
      "BUFFID": 1123,
      "NAME": "破甲攻击",
      "NAME_VN": "Tấn Công Phá Giáp",
      "CHAPERID": 11,
      "LAST": 1,
      "WEIGHT": 1
    },
    {
      "NATUREID": "pmthr",
      "TYPE": 8,
      "REMARKS": "Xuyên Phép",
      "BPATH": "buff_icon_06",
      "ADDITION": 15,
      "BUFFID": 1124,
      "NAME": "法术穿透",
      "NAME_VN": "Xuyên Phép",
      "CHAPERID": 11,
      "LAST": 1,
      "WEIGHT": 1
    }
  ],
  [
    {
      "NATUREID": "pskidam",
      "TYPE": 8,
      "REMARKS": "ST Kỹ Năng",
      "BPATH": "buff_icon_01",
      "ADDITION": 15,
      "BUFFID": 1219,
      "NAME": "智慧祝福",
      "NAME_VN": "Chúc Phúc Trí Tuệ",
      "CHAPERID": 12,
      "LAST": 1,
      "WEIGHT": 1
    },
    {
      "NATUREID": "pcrid",
      "TYPE": 8,
      "REMARKS": "ST Bạo Kích",
      "BPATH": "buff_icon_02",
      "ADDITION": 15,
      "BUFFID": 1220,
      "NAME": "残忍",
      "NAME_VN": "Tàn Nhẫn",
      "CHAPERID": 12,
      "LAST": 1,
      "WEIGHT": 1
    },
    {
      "NATUREID": "pcri",
      "TYPE": 8,
      "REMARKS": "Tỷ Lệ Bạo Kích",
      "BPATH": "buff_icon_03",
      "ADDITION": 10,
      "BUFFID": 1221,
      "NAME": "狂暴",
      "NAME_VN": "Cuồng Bạo",
      "CHAPERID": 12,
      "LAST": 1,
      "WEIGHT": 1
    },
    {
      "NATUREID": "atk",
      "TYPE": 8,
      "REMARKS": "Tấn Công",
      "BPATH": "buff_icon_04",
      "ADDITION": 30,
      "BUFFID": 1222,
      "NAME": "力量祝福",
      "NAME_VN": "Chúc Phúc Sức Mạnh",
      "CHAPERID": 12,
      "LAST": 1,
      "WEIGHT": 1
    },
    {
      "NATUREID": "ppthr",
      "TYPE": 8,
      "REMARKS": "Phá Giáp",
      "BPATH": "buff_icon_05",
      "ADDITION": 15,
      "BUFFID": 1223,
      "NAME": "破甲攻击",
      "NAME_VN": "Tấn Công Phá Giáp",
      "CHAPERID": 12,
      "LAST": 1,
      "WEIGHT": 1
    },
    {
      "NATUREID": "pmthr",
      "TYPE": 8,
      "REMARKS": "Xuyên Phép",
      "BPATH": "buff_icon_06",
      "ADDITION": 15,
      "BUFFID": 1224,
      "NAME": "法术穿透",
      "NAME_VN": "Xuyên Phép",
      "CHAPERID": 12,
      "LAST": 1,
      "WEIGHT": 1
    }
  ],
  [
    {
      "NATUREID": "pskidam",
      "TYPE": 8,
      "REMARKS": "ST Kỹ Năng",
      "BPATH": "buff_icon_01",
      "ADDITION": 15,
      "BUFFID": 1319,
      "NAME": "智慧祝福",
      "NAME_VN": "Chúc Phúc Trí Tuệ",
      "CHAPERID": 13,
      "LAST": 1,
      "WEIGHT": 1
    },
    {
      "NATUREID": "pcrid",
      "TYPE": 8,
      "REMARKS": "ST Bạo Kích",
      "BPATH": "buff_icon_02",
      "ADDITION": 15,
      "BUFFID": 1320,
      "NAME": "残忍",
      "NAME_VN": "Tàn Nhẫn",
      "CHAPERID": 13,
      "LAST": 1,
      "WEIGHT": 1
    },
    {
      "NATUREID": "pcri",
      "TYPE": 8,
      "REMARKS": "Tỷ Lệ Bạo Kích",
      "BPATH": "buff_icon_03",
      "ADDITION": 10,
      "BUFFID": 1321,
      "NAME": "狂暴",
      "NAME_VN": "Cuồng Bạo",
      "CHAPERID": 13,
      "LAST": 1,
      "WEIGHT": 1
    },
    {
      "NATUREID": "atk",
      "TYPE": 8,
      "REMARKS": "Tấn Công",
      "BPATH": "buff_icon_04",
      "ADDITION": 30,
      "BUFFID": 1322,
      "NAME": "力量祝福",
      "NAME_VN": "Chúc Phúc Sức Mạnh",
      "CHAPERID": 13,
      "LAST": 1,
      "WEIGHT": 1
    },
    {
      "NATUREID": "ppthr",
      "TYPE": 8,
      "REMARKS": "Phá Giáp",
      "BPATH": "buff_icon_05",
      "ADDITION": 15,
      "BUFFID": 1323,
      "NAME": "破甲攻击",
      "NAME_VN": "Tấn Công Phá Giáp",
      "CHAPERID": 13,
      "LAST": 1,
      "WEIGHT": 1
    },
    {
      "NATUREID": "pmthr",
      "TYPE": 8,
      "REMARKS": "Xuyên Phép",
      "BPATH": "buff_icon_06",
      "ADDITION": 15,
      "BUFFID": 1324,
      "NAME": "法术穿透",
      "NAME_VN": "Xuyên Phép",
      "CHAPERID": 13,
      "LAST": 1,
      "WEIGHT": 1
    }
  ],
  [
    {
      "NATUREID": "pskidam",
      "TYPE": 8,
      "REMARKS": "ST Kỹ Năng",
      "BPATH": "buff_icon_01",
      "ADDITION": 15,
      "BUFFID": 1419,
      "NAME": "智慧祝福",
      "NAME_VN": "Chúc Phúc Trí Tuệ",
      "CHAPERID": 14,
      "LAST": 1,
      "WEIGHT": 1
    },
    {
      "NATUREID": "pcrid",
      "TYPE": 8,
      "REMARKS": "ST Bạo Kích",
      "BPATH": "buff_icon_02",
      "ADDITION": 15,
      "BUFFID": 1420,
      "NAME": "残忍",
      "NAME_VN": "Tàn Nhẫn",
      "CHAPERID": 14,
      "LAST": 1,
      "WEIGHT": 1
    },
    {
      "NATUREID": "pcri",
      "TYPE": 8,
      "REMARKS": "Tỷ Lệ Bạo Kích",
      "BPATH": "buff_icon_03",
      "ADDITION": 10,
      "BUFFID": 1421,
      "NAME": "狂暴",
      "NAME_VN": "Cuồng Bạo",
      "CHAPERID": 14,
      "LAST": 1,
      "WEIGHT": 1
    },
    {
      "NATUREID": "atk",
      "TYPE": 8,
      "REMARKS": "Tấn Công",
      "BPATH": "buff_icon_04",
      "ADDITION": 30,
      "BUFFID": 1422,
      "NAME": "力量祝福",
      "NAME_VN": "Chúc Phúc Sức Mạnh",
      "CHAPERID": 14,
      "LAST": 1,
      "WEIGHT": 1
    },
    {
      "NATUREID": "ppthr",
      "TYPE": 8,
      "REMARKS": "Phá Giáp",
      "BPATH": "buff_icon_05",
      "ADDITION": 15,
      "BUFFID": 1423,
      "NAME": "破甲攻击",
      "NAME_VN": "Tấn Công Phá Giáp",
      "CHAPERID": 14,
      "LAST": 1,
      "WEIGHT": 1
    },
    {
      "NATUREID": "pmthr",
      "TYPE": 8,
      "REMARKS": "Xuyên Phép",
      "BPATH": "buff_icon_06",
      "ADDITION": 15,
      "BUFFID": 1424,
      "NAME": "法术穿透",
      "NAME_VN": "Xuyên Phép",
      "CHAPERID": 14,
      "LAST": 1,
      "WEIGHT": 1
    }
  ],
  [
    {
      "NATUREID": "pskidam",
      "TYPE": 8,
      "REMARKS": "ST Kỹ Năng",
      "BPATH": "buff_icon_01",
      "ADDITION": 15,
      "BUFFID": 1519,
      "NAME": "智慧祝福",
      "NAME_VN": "Chúc Phúc Trí Tuệ",
      "CHAPERID": 15,
      "LAST": 1,
      "WEIGHT": 1
    },
    {
      "NATUREID": "pcrid",
      "TYPE": 8,
      "REMARKS": "ST Bạo Kích",
      "BPATH": "buff_icon_02",
      "ADDITION": 15,
      "BUFFID": 1520,
      "NAME": "残忍",
      "NAME_VN": "Tàn Nhẫn",
      "CHAPERID": 15,
      "LAST": 1,
      "WEIGHT": 1
    },
    {
      "NATUREID": "pcri",
      "TYPE": 8,
      "REMARKS": "Tỷ Lệ Bạo Kích",
      "BPATH": "buff_icon_03",
      "ADDITION": 10,
      "BUFFID": 1521,
      "NAME": "狂暴",
      "NAME_VN": "Cuồng Bạo",
      "CHAPERID": 15,
      "LAST": 1,
      "WEIGHT": 1
    },
    {
      "NATUREID": "atk",
      "TYPE": 8,
      "REMARKS": "Tấn Công",
      "BPATH": "buff_icon_04",
      "ADDITION": 30,
      "BUFFID": 1522,
      "NAME": "力量祝福",
      "NAME_VN": "Chúc Phúc Sức Mạnh",
      "CHAPERID": 15,
      "LAST": 1,
      "WEIGHT": 1
    },
    {
      "NATUREID": "ppthr",
      "TYPE": 8,
      "REMARKS": "Phá Giáp",
      "BPATH": "buff_icon_05",
      "ADDITION": 15,
      "BUFFID": 1523,
      "NAME": "破甲攻击",
      "NAME_VN": "Tấn Công Phá Giáp",
      "CHAPERID": 15,
      "LAST": 1,
      "WEIGHT": 1
    },
    {
      "NATUREID": "pmthr",
      "TYPE": 8,
      "REMARKS": "Xuyên Phép",
      "BPATH": "buff_icon_06",
      "ADDITION": 15,
      "BUFFID": 1524,
      "NAME": "法术穿透",
      "NAME_VN": "Xuyên Phép",
      "CHAPERID": 15,
      "LAST": 1,
      "WEIGHT": 1
    }
  ]
]