{
  "33315": [
    {
      "COUNT": 3,
      "GSID": 33314
    },
    {
      "COUNT": 1120000,
      "GSID": 38006
    }
  ],
  "33114": [
    {
      "COUNT": 3,
      "GSID": 33113
    },
    {
      "COUNT": 960000,
      "GSID": 38006
    }
  ],
  "33309": [
    {
      "COUNT": 3,
      "GSID": 33308
    },
    {
      "COUNT": 160000,
      "GSID": 38006
    }
  ],
  "33106": [
    {
      "COUNT": 3,
      "GSID": 33105
    },
    {
      "COUNT": 16000,
      "GSID": 38006
    }
  ],
  "33003": [
    {
      "COUNT": 3,
      "GSID": 33002
    },
    {
      "COUNT": 1600,
      "GSID": 38006
    }
  ],
  "33202": [
    {
      "COUNT": 3,
      "GSID": 33201
    },
    {
      "COUNT": 800,
      "GSID": 38006
    }
  ],
  "33102": [
    {
      "COUNT": 3,
      "GSID": 33101
    },
    {
      "COUNT": 800,
      "GSID": 38006
    }
  ],
  "33304": [
    {
      "COUNT": 3,
      "GSID": 33303
    },
    {
      "COUNT": 4000,
      "GSID": 38006
    }
  ],
  "33016": [
    {
      "COUNT": 3,
      "GSID": 33015
    },
    {
      "COUNT": 1600000,
      "GSID": 38006
    }
  ],
  "33207": [
    {
      "COUNT": 3,
      "GSID": 33206
    },
    {
      "COUNT": 28000,
      "GSID": 38006
    }
  ],
  "33314": [
    {
      "COUNT": 3,
      "GSID": 33313
    },
    {
      "COUNT": 960000,
      "GSID": 38006
    }
  ],
  "33215": [
    {
      "COUNT": 3,
      "GSID": 33214
    },
    {
      "COUNT": 1120000,
      "GSID": 38006
    }
  ],
  "33203": [
    {
      "COUNT": 3,
      "GSID": 33202
    },
    {
      "COUNT": 1600,
      "GSID": 38006
    }
  ],
  "33204": [
    {
      "COUNT": 3,
      "GSID": 33203
    },
    {
      "COUNT": 4000,
      "GSID": 38006
    }
  ],
  "33013": [
    {
      "COUNT": 3,
      "GSID": 33012
    },
    {
      "COUNT": 800000,
      "GSID": 38006
    }
  ],
  "33104": [
    {
      "COUNT": 3,
      "GSID": 33103
    },
    {
      "COUNT": 4000,
      "GSID": 38006
    }
  ],
  "33110": [
    {
      "COUNT": 3,
      "GSID": 33109
    },
    {
      "COUNT": 320000,
      "GSID": 38006
    }
  ],
  "33108": [
    {
      "COUNT": 3,
      "GSID": 33107
    },
    {
      "COUNT": 80000,
      "GSID": 38006
    }
  ],
  "33310": [
    {
      "COUNT": 3,
      "GSID": 33309
    },
    {
      "COUNT": 320000,
      "GSID": 38006
    }
  ],
  "33317": [
    {
      "COUNT": 3,
      "GSID": 33316
    },
    {
      "COUNT": 2000000,
      "GSID": 38006
    }
  ],
  "33217": [
    {
      "COUNT": 3,
      "GSID": 33216
    },
    {
      "COUNT": 2000000,
      "GSID": 38006
    }
  ],
  "33213": [
    {
      "COUNT": 3,
      "GSID": 33212
    },
    {
      "COUNT": 800000,
      "GSID": 38006
    }
  ],
  "33011": [
    {
      "COUNT": 3,
      "GSID": 33010
    },
    {
      "COUNT": 480000,
      "GSID": 38006
    }
  ],
  "33115": [
    {
      "COUNT": 3,
      "GSID": 33114
    },
    {
      "COUNT": 1120000,
      "GSID": 38006
    }
  ],
  "33303": [
    {
      "COUNT": 3,
      "GSID": 33302
    },
    {
      "COUNT": 1600,
      "GSID": 38006
    }
  ],
  "33311": [
    {
      "COUNT": 3,
      "GSID": 33310
    },
    {
      "COUNT": 480000,
      "GSID": 38006
    }
  ],
  "33116": [
    {
      "COUNT": 3,
      "GSID": 33115
    },
    {
      "COUNT": 1600000,
      "GSID": 38006
    }
  ],
  "33307": [
    {
      "COUNT": 3,
      "GSID": 33306
    },
    {
      "COUNT": 28000,
      "GSID": 38006
    }
  ],
  "33216": [
    {
      "COUNT": 3,
      "GSID": 33215
    },
    {
      "COUNT": 1600000,
      "GSID": 38006
    }
  ],
  "33206": [
    {
      "COUNT": 3,
      "GSID": 33205
    },
    {
      "COUNT": 16000,
      "GSID": 38006
    }
  ],
  "33308": [
    {
      "COUNT": 3,
      "GSID": 33307
    },
    {
      "COUNT": 80000,
      "GSID": 38006
    }
  ],
  "33312": [
    {
      "COUNT": 3,
      "GSID": 33311
    },
    {
      "COUNT": 640000,
      "GSID": 38006
    }
  ],
  "33109": [
    {
      "COUNT": 3,
      "GSID": 33108
    },
    {
      "COUNT": 160000,
      "GSID": 38006
    }
  ],
  "33012": [
    {
      "COUNT": 3,
      "GSID": 33011
    },
    {
      "COUNT": 640000,
      "GSID": 38006
    }
  ],
  "33117": [
    {
      "COUNT": 3,
      "GSID": 33116
    },
    {
      "COUNT": 2000000,
      "GSID": 38006
    }
  ],
  "33113": [
    {
      "COUNT": 3,
      "GSID": 33112
    },
    {
      "COUNT": 800000,
      "GSID": 38006
    }
  ],
  "33015": [
    {
      "COUNT": 3,
      "GSID": 33014
    },
    {
      "COUNT": 1120000,
      "GSID": 38006
    }
  ],
  "33107": [
    {
      "COUNT": 3,
      "GSID": 33106
    },
    {
      "COUNT": 28000,
      "GSID": 38006
    }
  ],
  "33209": [
    {
      "COUNT": 3,
      "GSID": 33208
    },
    {
      "COUNT": 160000,
      "GSID": 38006
    }
  ],
  "33005": [
    {
      "COUNT": 3,
      "GSID": 33004
    },
    {
      "COUNT": 8000,
      "GSID": 38006
    }
  ],
  "33313": [
    {
      "COUNT": 3,
      "GSID": 33312
    },
    {
      "COUNT": 800000,
      "GSID": 38006
    }
  ],
  "33305": [
    {
      "COUNT": 3,
      "GSID": 33304
    },
    {
      "COUNT": 8000,
      "GSID": 38006
    }
  ],
  "33214": [
    {
      "COUNT": 3,
      "GSID": 33213
    },
    {
      "COUNT": 960000,
      "GSID": 38006
    }
  ],
  "33007": [
    {
      "COUNT": 3,
      "GSID": 33006
    },
    {
      "COUNT": 28000,
      "GSID": 38006
    }
  ],
  "33111": [
    {
      "COUNT": 3,
      "GSID": 33110
    },
    {
      "COUNT": 480000,
      "GSID": 38006
    }
  ],
  "33112": [
    {
      "COUNT": 3,
      "GSID": 33111
    },
    {
      "COUNT": 640000,
      "GSID": 38006
    }
  ],
  "33008": [
    {
      "COUNT": 3,
      "GSID": 33007
    },
    {
      "COUNT": 80000,
      "GSID": 38006
    }
  ],
  "33205": [
    {
      "COUNT": 3,
      "GSID": 33204
    },
    {
      "COUNT": 8000,
      "GSID": 38006
    }
  ],
  "33316": [
    {
      "COUNT": 3,
      "GSID": 33315
    },
    {
      "COUNT": 1600000,
      "GSID": 38006
    }
  ],
  "33010": [
    {
      "COUNT": 3,
      "GSID": 33009
    },
    {
      "COUNT": 320000,
      "GSID": 38006
    }
  ],
  "33006": [
    {
      "COUNT": 3,
      "GSID": 33005
    },
    {
      "COUNT": 16000,
      "GSID": 38006
    }
  ],
  "33302": [
    {
      "COUNT": 3,
      "GSID": 33301
    },
    {
      "COUNT": 800,
      "GSID": 38006
    }
  ],
  "33014": [
    {
      "COUNT": 3,
      "GSID": 33013
    },
    {
      "COUNT": 960000,
      "GSID": 38006
    }
  ],
  "33306": [
    {
      "COUNT": 3,
      "GSID": 33305
    },
    {
      "COUNT": 16000,
      "GSID": 38006
    }
  ],
  "33208": [
    {
      "COUNT": 3,
      "GSID": 33207
    },
    {
      "COUNT": 80000,
      "GSID": 38006
    }
  ],
  "33212": [
    {
      "COUNT": 3,
      "GSID": 33211
    },
    {
      "COUNT": 640000,
      "GSID": 38006
    }
  ],
  "33211": [
    {
      "COUNT": 3,
      "GSID": 33210
    },
    {
      "COUNT": 480000,
      "GSID": 38006
    }
  ],
  "33105": [
    {
      "COUNT": 3,
      "GSID": 33104
    },
    {
      "COUNT": 8000,
      "GSID": 38006
    }
  ],
  "33002": [
    {
      "COUNT": 3,
      "GSID": 33001
    },
    {
      "COUNT": 800,
      "GSID": 38006
    }
  ],
  "33210": [
    {
      "COUNT": 3,
      "GSID": 33209
    },
    {
      "COUNT": 320000,
      "GSID": 38006
    }
  ],
  "33103": [
    {
      "COUNT": 3,
      "GSID": 33102
    },
    {
      "COUNT": 1600,
      "GSID": 38006
    }
  ],
  "33009": [
    {
      "COUNT": 3,
      "GSID": 33008
    },
    {
      "COUNT": 160000,
      "GSID": 38006
    }
  ],
  "33017": [
    {
      "COUNT": 3,
      "GSID": 33016
    },
    {
      "COUNT": 2000000,
      "GSID": 38006
    }
  ],
  "33004": [
    {
      "COUNT": 3,
      "GSID": 33003
    },
    {
      "COUNT": 4000,
      "GSID": 38006
    }
  ]
}