{
  "1": {
    "REWARD": [
      {
        "COUNT": 30000,
        "GSID": 38006
      },
      {
        "COUNT": 50,
        "GSID": 30003
      }
    ],
    "TYPE": 1
  },
  "18": {
    "REWARD": [
      {
        "COUNT": 60000,
        "GSID": 38006
      },
      {
        "COUNT": 110,
        "GSID": 30003
      }
    ],
    "TYPE": 2
  },
  "20": {
    "REWARD": [
      {
        "COUNT": 70000,
        "GSID": 38006
      },
      {
        "COUNT": 120,
        "GSID": 30003
      }
    ],
    "TYPE": 1
  },
  "13": {
    "REWARD": [
      {
        "COUNT": 90000,
        "GSID": 38006
      },
      {
        "COUNT": 110,
        "GSID": 30003
      }
    ],
    "TYPE": 1
  },
  "15": {
    "REWARD": [
      {
        "COUNT": 100000,
        "GSID": 38006
      },
      {
        "COUNT": 120,
        "GSID": 30003
      }
    ],
    "TYPE": 3
  },
  "21": {
    "REWARD": [
      {
        "COUNT": 75000,
        "GSID": 38006
      },
      {
        "COUNT": 125,
        "GSID": 30003
      }
    ],
    "TYPE": 2
  },
  "8": {
    "REWARD": [
      {
        "COUNT": 65000,
        "GSID": 38006
      },
      {
        "COUNT": 85,
        "GSID": 30003
      }
    ],
    "TYPE": 1
  },
  "2": {
    "REWARD": [
      {
        "COUNT": 35000,
        "GSID": 38006
      },
      {
        "COUNT": 55,
        "GSID": 30003
      }
    ],
    "TYPE": 1
  },
  "12": {
    "REWARD": [
      {
        "COUNT": 85000,
        "GSID": 38006
      },
      {
        "COUNT": 105,
        "GSID": 30003
      }
    ],
    "TYPE": 2
  },
  "4": {
    "REWARD": [
      {
        "COUNT": 45000,
        "GSID": 38006
      },
      {
        "COUNT": 65,
        "GSID": 30003
      }
    ],
    "TYPE": 1
  },
  "28": {
    "REWARD": [
      {
        "COUNT": 110000,
        "GSID": 38006
      },
      {
        "COUNT": 160,
        "GSID": 30003
      }
    ],
    "TYPE": 1
  },
  "10": {
    "REWARD": [
      {
        "COUNT": 75000,
        "GSID": 38006
      },
      {
        "COUNT": 95,
        "GSID": 30003
      }
    ],
    "TYPE": 1
  },
  "27": {
    "REWARD": [
      {
        "COUNT": 105000,
        "GSID": 38006
      },
      {
        "COUNT": 155,
        "GSID": 30003
      }
    ],
    "TYPE": 2
  },
  "30": {
    "REWARD": [
      {
        "COUNT": 120000,
        "GSID": 38006
      },
      {
        "COUNT": 170,
        "GSID": 30003
      }
    ],
    "TYPE": 3
  },
  "24": {
    "REWARD": [
      {
        "COUNT": 90000,
        "GSID": 38006
      },
      {
        "COUNT": 140,
        "GSID": 30003
      }
    ],
    "TYPE": 2
  },
  "7": {
    "REWARD": [
      {
        "COUNT": 60000,
        "GSID": 38006
      },
      {
        "COUNT": 80,
        "GSID": 30003
      }
    ],
    "TYPE": 1
  },
  "6": {
    "REWARD": [
      {
        "COUNT": 55000,
        "GSID": 38006
      },
      {
        "COUNT": 75,
        "GSID": 30003
      }
    ],
    "TYPE": 2
  },
  "29": {
    "REWARD": [
      {
        "COUNT": 115000,
        "GSID": 38006
      },
      {
        "COUNT": 165,
        "GSID": 30003
      }
    ],
    "TYPE": 1
  },
  "14": {
    "REWARD": [
      {
        "COUNT": 95000,
        "GSID": 38006
      },
      {
        "COUNT": 115,
        "GSID": 30003
      }
    ],
    "TYPE": 1
  },
  "5": {
    "REWARD": [
      {
        "COUNT": 50000,
        "GSID": 38006
      },
      {
        "COUNT": 70,
        "GSID": 30003
      }
    ],
    "TYPE": 1
  },
  "25": {
    "REWARD": [
      {
        "COUNT": 95000,
        "GSID": 38006
      },
      {
        "COUNT": 145,
        "GSID": 30003
      }
    ],
    "TYPE": 1
  },
  "19": {
    "REWARD": [
      {
        "COUNT": 65000,
        "GSID": 38006
      },
      {
        "COUNT": 115,
        "GSID": 30003
      }
    ],
    "TYPE": 1
  },
  "9": {
    "REWARD": [
      {
        "COUNT": 70000,
        "GSID": 38006
      },
      {
        "COUNT": 90,
        "GSID": 30003
      }
    ],
    "TYPE": 2
  },
  "22": {
    "REWARD": [
      {
        "COUNT": 80000,
        "GSID": 38006
      },
      {
        "COUNT": 130,
        "GSID": 30003
      }
    ],
    "TYPE": 1
  },
  "3": {
    "REWARD": [
      {
        "COUNT": 40000,
        "GSID": 38006
      },
      {
        "COUNT": 60,
        "GSID": 30003
      }
    ],
    "TYPE": 2
  },
  "26": {
    "REWARD": [
      {
        "COUNT": 100000,
        "GSID": 38006
      },
      {
        "COUNT": 150,
        "GSID": 30003
      }
    ],
    "TYPE": 1
  },
  "23": {
    "REWARD": [
      {
        "COUNT": 85000,
        "GSID": 38006
      },
      {
        "COUNT": 135,
        "GSID": 30003
      }
    ],
    "TYPE": 1
  },
  "17": {
    "REWARD": [
      {
        "COUNT": 55000,
        "GSID": 38006
      },
      {
        "COUNT": 105,
        "GSID": 30003
      }
    ],
    "TYPE": 1
  },
  "16": {
    "REWARD": [
      {
        "COUNT": 50000,
        "GSID": 38006
      },
      {
        "COUNT": 100,
        "GSID": 30003
      }
    ],
    "TYPE": 1
  },
  "11": {
    "REWARD": [
      {
        "COUNT": 80000,
        "GSID": 38006
      },
      {
        "COUNT": 100,
        "GSID": 30003
      }
    ],
    "TYPE": 1
  }
}