[
  {
    "ITEMS": [
      {
        "COUNT": 0,
        "GSID": 38006
      }
    ]
  },
  {
    "ITEMS": [
      {
        "COUNT": 10000,
        "GSID": 38006
      },
      {
        "COUNT": 36,
        "GSID": 30026
      }
    ],
    "LOCK": [
      {
        "COUNT": 5,
        "GSID": 38005
      }
    ]
  },
  {
    "ITEMS": [
      {
        "COUNT": 20000,
        "GSID": 38006
      },
      {
        "COUNT": 108,
        "GSID": 30026
      }
    ],
    "LOCK": [
      {
        "COUNT": 20,
        "GSID": 38005
      }
    ]
  },
  {
    "ITEMS": [
      {
        "COUNT": 40000,
        "GSID": 38006
      },
      {
        "COUNT": 180,
        "GSID": 30026
      }
    ],
    "LOCK": [
      {
        "COUNT": 40,
        "GSID": 38005
      }
    ]
  },
  {
    "ITEMS": [
      {
        "COUNT": 80000,
        "GSID": 38006
      },
      {
        "COUNT": 360,
        "GSID": 30026
      }
    ],
    "LOCK": [
      {
        "COUNT": 120,
        "GSID": 38005
      }
    ]
  },
  {
    "ITEMS": [
      {
        "COUNT": 160000,
        "GSID": 38006
      },
      {
        "COUNT": 540,
        "GSID": 30026
      }
    ],
    "LOCK": [
      {
        "COUNT": 200,
        "GSID": 38005
      }
    ]
  },
  {
    "ITEMS": [
      {
        "COUNT": 320000,
        "GSID": 38006
      },
      {
        "COUNT": 720,
        "GSID": 30026
      }
    ],
    "LOCK": [
      {
        "COUNT": 250,
        "GSID": 38005
      }
    ]
  },
  {
    "ITEMS": [
      {
        "COUNT": 500000,
        "GSID": 38006
      },
      {
        "COUNT": 1440,
        "GSID": 30026
      }
    ],
    "LOCK": [
      {
        "COUNT": 400,
        "GSID": 38005
      }
    ]
  },
  {
    "ITEMS": [
      {
        "COUNT": 1200000,
        "GSID": 38006
      },
      {
        "COUNT": 1800,
        "GSID": 30026
      }
    ],
    "LOCK": [
      {
        "COUNT": 500,
        "GSID": 38005
      }
    ]
  },
  {
    "ITEMS": [
      {
        "COUNT": 1800000,
        "GSID": 38006
      },
      {
        "COUNT": 2160,
        "GSID": 30026
      }
    ],
    "LOCK": [
      {
        "COUNT": 600,
        "GSID": 38005
      }
    ]
  },
  {
    "ITEMS": [
      {
        "COUNT": 2500000,
        "GSID": 38006
      },
      {
        "COUNT": 4320,
        "GSID": 30026
      }
    ],
    "LOCK": [
      {
        "COUNT": 1200,
        "GSID": 38005
      }
    ]
  },
  {
    "ITEMS": [
      {
        "COUNT": 6000000,
        "GSID": 38006
      },
      {
        "COUNT": 5040,
        "GSID": 30026
      }
    ],
    "LOCK": [
      {
        "COUNT": 1500,
        "GSID": 38005
      }
    ]
  },
  {
    "ITEMS": [
      {
        "COUNT": 9000000,
        "GSID": 38006
      },
      {
        "COUNT": 5760,
        "GSID": 30026
      }
    ],
    "LOCK": [
      {
        "COUNT": 1800,
        "GSID": 38005
      }
    ]
  },
  {
    "ITEMS": [
      {
        "COUNT": 12000000,
        "GSID": 38006
      },
      {
        "COUNT": 6480,
        "GSID": 30026
      }
    ],
    "LOCK": [
      {
        "COUNT": 2000,
        "GSID": 38005
      }
    ]
  },
  {
    "ITEMS": [
      {
        "COUNT": 15000000,
        "GSID": 38006
      },
      {
        "COUNT": 8640,
        "GSID": 30026
      }
    ],
    "LOCK": [
      {
        "COUNT": 2500,
        "GSID": 38005
      }
    ]
  },
  {
    "ITEMS": [
      {
        "COUNT": 18000000,
        "GSID": 38006
      },
      {
        "COUNT": 9360,
        "GSID": 30026
      }
    ],
    "LOCK": [
      {
        "COUNT": 3000,
        "GSID": 38005
      }
    ]
  },
  {
    "ITEMS": [
      {
        "COUNT": 21000000,
        "GSID": 38006
      },
      {
        "COUNT": 12000,
        "GSID": 30026
      }
    ],
    "LOCK": [
      {
        "COUNT": 3000,
        "GSID": 38005
      }
    ]
  },
  {
    "ITEMS": [
      {
        "COUNT": 24000000,
        "GSID": 38006
      },
      {
        "COUNT": 15000,
        "GSID": 30026
      }
    ],
    "LOCK": [
      {
        "COUNT": 3000,
        "GSID": 38005
      }
    ]
  }
]