{
  "39000": [
    {
      "NAME": "黑马",
      "NAME_VN": "Hắc Mã",
      "INTRO": "Lông đen nhánh như mực, khó lòng bị phát hiện trong màn đêm là lựa chọn tuyệt vời để tập kích doanh trại!",
      "PARR": [
        1001
      ],
      "STAR": 1,
      "QUALITY": 1,
      "ICON": "heima",
      "SARR": []
    },
    {
      "NAME": "黑马",
      "NAME_VN": "Hắc Mã",
      "INTRO": "Lông đen nhánh như mực, khó lòng bị phát hiện trong màn đêm là lựa chọn tuyệt vời để tập kích doanh trại!",
      "PARR": [
        1002
      ],
      "STAR": 2,
      "QUALITY": 1,
      "ICON": "heima",
      "SARR": []
    },
    {
      "NAME": "黄骠马",
      "NAME_VN": "Hoàng Mã",
      "INTRO": "Ngựa chiến bình thường nhưng sức bền đáng nể, xuất sắc trong hành trình dài!",
      "PARR": [
        1003
      ],
      "STAR": 1,
      "QUALITY": 2,
      "ICON": "huangbiaoma",
      "SARR": []
    },
    {
      "NAME": "黄骠马",
      "NAME_VN": "Hoàng Mã",
      "INTRO": "Ngựa chiến bình thường nhưng sức bền đáng nể, xuất sắc trong hành trình dài!",
      "PARR": [
        1004,
        2001
      ],
      "STAR": 2,
      "QUALITY": 2,
      "ICON": "huangbiaoma",
      "SARR": []
    },
    {
      "NAME": "玉狮子",
      "NAME_VN": "Ngọc Sư Tử",
      "INTRO": "Sở hữu bờm ngựa như sư tử, dày dặn và óng ả, mang dáng vẻ uy phong lẫm liệt.",
      "PARR": [
        1005,
        2002
      ],
      "STAR": 1,
      "QUALITY": 3,
      "ICON": "zhaoyeyushizi",
      "SARR": [
        101
      ]
    },
    {
      "NAME": "玉狮子",
      "NAME_VN": "Ngọc Sư Tử",
      "INTRO": "Sở hữu bờm ngựa như sư tử, dày dặn và óng ả, mang dáng vẻ uy phong lẫm liệt.",
      "PARR": [
        1006,
        2003
      ],
      "STAR": 2,
      "QUALITY": 3,
      "ICON": "zhaoyeyushizi",
      "SARR": [
        101
      ]
    },
    {
      "NAME": "玉狮子",
      "NAME_VN": "Ngọc Sư Tử",
      "INTRO": "Sở hữu bờm ngựa như sư tử, dày dặn và óng ả, mang dáng vẻ uy phong lẫm liệt.",
      "PARR": [
        1007,
        2004
      ],
      "STAR": 3,
      "QUALITY": 3,
      "ICON": "zhaoyeyushizi",
      "SARR": [
        101
      ]
    },
    {
      "NAME": "的卢",
      "NAME_VN": "Đích Lư",
      "INTRO": "Ngựa Schrödinger, không cưỡi thì không biết nó sẽ là cứu chủ hay hại chủ!",
      "PARR": [
        1008,
        2005,
        3001
      ],
      "STAR": 1,
      "QUALITY": 4,
      "ICON": "dilu",
      "SARR": [
        102
      ]
    },
    {
      "NAME": "的卢",
      "NAME_VN": "Đích Lư",
      "INTRO": "Ngựa Schrödinger, không cưỡi thì không biết nó sẽ là cứu chủ hay hại chủ!",
      "PARR": [
        1009,
        2006,
        3002
      ],
      "STAR": 2,
      "QUALITY": 4,
      "ICON": "dilu",
      "SARR": [
        102
      ]
    },
    {
      "NAME": "的卢",
      "NAME_VN": "Đích Lư",
      "INTRO": "Ngựa Schrödinger, không cưỡi thì không biết nó sẽ là cứu chủ hay hại chủ!",
      "PARR": [
        1010,
        2007,
        3003
      ],
      "STAR": 3,
      "QUALITY": 4,
      "ICON": "dilu",
      "SARR": [
        102
      ]
    },
    {
      "NAME": "赤兔",
      "NAME_VN": "Xích Thố",
      "INTRO": "Nhân trung Lữ Bố mã trung Xích Thố, cưỡi lên nó bạn sẽ được tôn là 'không thua gì Lữ Bố'!",
      "PARR": [
        1011,
        2008,
        3004
      ],
      "STAR": 1,
      "QUALITY": 5,
      "ICON": "chitu",
      "SARR": [
        103,
        203
      ]
    },
    {
      "NAME": "赤兔",
      "NAME_VN": "Xích Thố",
      "INTRO": "Nhân trung Lữ Bố mã trung Xích Thố, cưỡi lên nó bạn sẽ được tôn là 'không thua gì Lữ Bố'!",
      "PARR": [
        1012,
        2009,
        3005
      ],
      "STAR": 2,
      "QUALITY": 5,
      "ICON": "chitu",
      "SARR": [
        103,
        203
      ]
    },
    {
      "NAME": "赤兔",
      "NAME_VN": "Xích Thố",
      "INTRO": "Nhân trung Lữ Bố mã trung Xích Thố, cưỡi lên nó bạn sẽ được tôn là 'không thua gì Lữ Bố'!",
      "PARR": [
        1013,
        2010,
        3006
      ],
      "STAR": 3,
      "QUALITY": 5,
      "ICON": "chitu",
      "SARR": [
        103,
        203
      ]
    },
    {
      "NAME": "赤兔",
      "NAME_VN": "Xích Thố",
      "INTRO": "Nhân trung Lữ Bố mã trung Xích Thố, cưỡi lên nó bạn sẽ được tôn là 'không thua gì Lữ Bố'!",
      "PARR": [
        1014,
        2011,
        3007
      ],
      "STAR": 4,
      "QUALITY": 5,
      "ICON": "chitu",
      "SARR": [
        103,
        203
      ]
    },
    {
      "NAME": "南蛮巨象",
      "NAME_VN": "Cự Tượng Nam Man",
      "INTRO": "Sức mạnh vô song, không gì cản nổi, là phương tiện không thể thiếu của người Man khi xuất hành!",
      "PARR": [
        1015,
        2012,
        3008
      ],
      "STAR": 1,
      "QUALITY": 6,
      "ICON": "nanmanjuxiang",
      "SARR": [
        104,
        204
      ]
    },
    {
      "NAME": "南蛮巨象",
      "NAME_VN": "Cự Tượng Nam Man",
      "INTRO": "Sức mạnh vô song, không gì cản nổi, là phương tiện không thể thiếu của người Man khi xuất hành!",
      "PARR": [
        1016,
        2013,
        3009
      ],
      "STAR": 2,
      "QUALITY": 6,
      "ICON": "nanmanjuxiang",
      "SARR": [
        104,
        204
      ]
    },
    {
      "NAME": "南蛮巨象",
      "NAME_VN": "Cự Tượng Nam Man",
      "INTRO": "Sức mạnh vô song, không gì cản nổi, là phương tiện không thể thiếu của người Man khi xuất hành!",
      "PARR": [
        1017,
        2014,
        3010
      ],
      "STAR": 3,
      "QUALITY": 6,
      "ICON": "nanmanjuxiang",
      "SARR": [
        104,
        204
      ]
    },
    {
      "NAME": "南蛮巨象",
      "NAME_VN": "Cự Tượng Nam Man",
      "INTRO": "Sức mạnh vô song, không gì cản nổi, là phương tiện không thể thiếu của người Man khi xuất hành!",
      "PARR": [
        1018,
        2015,
        3011
      ],
      "STAR": 4,
      "QUALITY": 6,
      "ICON": "nanmanjuxiang",
      "SARR": [
        104,
        204
      ]
    }
  ]
}