[
  [
    {
      "ITEMS": [
        {
          "COUNT": 20,
          "GSID": 30012
        }
      ],
      "STAR": 4
    },
    {
      "ITEMS": [
        {
          "COUNT": 100,
          "GSID": 30012
        }
      ],
      "STAR": 5
    }
  ],
  [
    {
      "ITEMS": [
        {
          "COUNT": 20,
          "GSID": 30012
        }
      ],
      "STAR": 4
    },
    {
      "ITEMS": [
        {
          "COUNT": 100,
          "GSID": 30012
        }
      ],
      "STAR": 5
    }
  ],
  [
    {
      "ITEMS": [
        {
          "COUNT": 20,
          "GSID": 30012
        }
      ],
      "STAR": 4
    },
    {
      "ITEMS": [
        {
          "COUNT": 100,
          "GSID": 30012
        }
      ],
      "STAR": 5
    }
  ],
  [
    {
      "ITEMS": [
        {
          "COUNT": 20,
          "GSID": 30012
        }
      ],
      "STAR": 4
    },
    {
      "ITEMS": [
        {
          "COUNT": 100,
          "GSID": 30012
        }
      ],
      "STAR": 5
    }
  ]
]