[
  {
    "EPID": 50101,
    "ID": 1,
    "MIN": 120,
    "DROPS": [
      {
        "ITEMS": [
          {
            "W": 100,
            "COUNT": 1,
            "GSID": 33005
          },
          {
            "W": 100,
            "COUNT": 1,
            "GSID": 33105
          },
          {
            "W": 100,
            "COUNT": 1,
            "GSID": 33205
          },
          {
            "W": 100,
            "COUNT": 1,
            "GSID": 33305
          }
        ],
        "NUM": 1
      }
    ],
    "POWER": 50000,
    "BOSSRATE": 150,
    "ITEMS": [
      {
        "COUNT": [
          50,
          50
        ],
        "GSID": 38005
      },
      {
        "COUNT": [
          100000,
          100000
        ],
        "GSID": 38006
      },
      {
        "COUNT": [
          50000,
          50000
        ],
        "GSID": 30001
      },
      {
        "COUNT": [
          10,
          20
        ],
        "GSID": 30015
      },
      {
        "COUNT": [
          5,
          10
        ],
        "GSID": 36041
      },
      {
        "COUNT": [
          1,
          3
        ],
        "GSID": 36021
      },
      {
        "COUNT": [
          5,
          10
        ],
        "GSID": 37006
      },
      {
        "COUNT": [
          5,
          10
        ],
        "GSID": 37005
      }
    ]
  },
  {
    "EPID": 50102,
    "ID": 2,
    "MIN": 120,
    "DROPS": [
      {
        "ITEMS": [
          {
            "W": 100,
            "COUNT": 1,
            "GSID": 33006
          },
          {
            "W": 100,
            "COUNT": 1,
            "GSID": 33106
          },
          {
            "W": 100,
            "COUNT": 1,
            "GSID": 33206
          },
          {
            "W": 100,
            "COUNT": 1,
            "GSID": 33306
          }
        ],
        "NUM": 1
      }
    ],
    "POWER": 200000,
    "BOSSRATE": 150,
    "ITEMS": [
      {
        "COUNT": [
          60,
          60
        ],
        "GSID": 38005
      },
      {
        "COUNT": [
          200000,
          200000
        ],
        "GSID": 38006
      },
      {
        "COUNT": [
          100000,
          100000
        ],
        "GSID": 30001
      },
      {
        "COUNT": [
          20,
          30
        ],
        "GSID": 30015
      },
      {
        "COUNT": [
          11,
          15
        ],
        "GSID": 36041
      },
      {
        "COUNT": [
          4,
          6
        ],
        "GSID": 36021
      },
      {
        "COUNT": [
          10,
          15
        ],
        "GSID": 37005
      },
      {
        "COUNT": [
          10,
          15
        ],
        "GSID": 37004
      }
    ]
  },
  {
    "EPID": 50103,
    "ID": 3,
    "MIN": 120,
    "DROPS": [
      {
        "ITEMS": [
          {
            "W": 100,
            "COUNT": 1,
            "GSID": 33007
          },
          {
            "W": 100,
            "COUNT": 1,
            "GSID": 33107
          },
          {
            "W": 100,
            "COUNT": 1,
            "GSID": 33207
          },
          {
            "W": 100,
            "COUNT": 1,
            "GSID": 33307
          }
        ],
        "NUM": 1
      }
    ],
    "POWER": 400000,
    "BOSSRATE": 150,
    "ITEMS": [
      {
        "COUNT": [
          70,
          70
        ],
        "GSID": 38005
      },
      {
        "COUNT": [
          300000,
          300000
        ],
        "GSID": 38006
      },
      {
        "COUNT": [
          150000,
          150000
        ],
        "GSID": 30001
      },
      {
        "COUNT": [
          30,
          40
        ],
        "GSID": 30015
      },
      {
        "COUNT": [
          16,
          20
        ],
        "GSID": 36041
      },
      {
        "COUNT": [
          7,
          9
        ],
        "GSID": 36021
      },
      {
        "COUNT": [
          10,
          15
        ],
        "GSID": 37004
      },
      {
        "COUNT": [
          1,
          5
        ],
        "GSID": 37003
      }
    ]
  },
  {
    "EPID": 50104,
    "ID": 4,
    "MIN": 120,
    "DROPS": [
      {
        "ITEMS": [
          {
            "W": 100,
            "COUNT": 1,
            "GSID": 33008
          },
          {
            "W": 100,
            "COUNT": 1,
            "GSID": 33108
          },
          {
            "W": 100,
            "COUNT": 1,
            "GSID": 33208
          },
          {
            "W": 100,
            "COUNT": 1,
            "GSID": 33308
          }
        ],
        "NUM": 1
      }
    ],
    "POWER": 800000,
    "BOSSRATE": 150,
    "ITEMS": [
      {
        "COUNT": [
          80,
          80
        ],
        "GSID": 38005
      },
      {
        "COUNT": [
          400000,
          400000
        ],
        "GSID": 38006
      },
      {
        "COUNT": [
          200000,
          200000
        ],
        "GSID": 30001
      },
      {
        "COUNT": [
          40,
          50
        ],
        "GSID": 30015
      },
      {
        "COUNT": [
          21,
          25
        ],
        "GSID": 36041
      },
      {
        "COUNT": [
          10,
          12
        ],
        "GSID": 36021
      },
      {
        "COUNT": [
          1,
          5
        ],
        "GSID": 37003
      },
      {
        "COUNT": [
          1,
          2
        ],
        "GSID": 37002
      }
    ]
  },
  {
    "EPID": 50105,
    "ID": 5,
    "MIN": 120,
    "DROPS": [
      {
        "ITEMS": [
          {
            "W": 100,
            "COUNT": 1,
            "GSID": 33009
          },
          {
            "W": 100,
            "COUNT": 1,
            "GSID": 33109
          },
          {
            "W": 100,
            "COUNT": 1,
            "GSID": 33209
          },
          {
            "W": 100,
            "COUNT": 1,
            "GSID": 33309
          }
        ],
        "NUM": 1
      }
    ],
    "POWER": 1200000,
    "BOSSRATE": 150,
    "ITEMS": [
      {
        "COUNT": [
          100,
          100
        ],
        "GSID": 38005
      },
      {
        "COUNT": [
          500000,
          500000
        ],
        "GSID": 38006
      },
      {
        "COUNT": [
          250000,
          250000
        ],
        "GSID": 30001
      },
      {
        "COUNT": [
          50,
          60
        ],
        "GSID": 30015
      },
      {
        "COUNT": [
          26,
          30
        ],
        "GSID": 36041
      },
      {
        "COUNT": [
          13,
          15
        ],
        "GSID": 36021
      },
      {
        "COUNT": [
          1,
          3
        ],
        "GSID": 37002
      },
      {
        "COUNT": [
          1,
          1
        ],
        "GSID": 37007
      }
    ]
  }
]