[
  [
    {
      "COUNT": 80,
      "GSID": 38006
    },
    {
      "COUNT": 20,
      "GSID": 30001
    }
  ],
  [
    {
      "COUNT": 100,
      "GSID": 38006
    },
    {
      "COUNT": 25,
      "GSID": 30001
    }
  ],
  [
    {
      "COUNT": 120,
      "GSID": 38006
    },
    {
      "COUNT": 30,
      "GSID": 30001
    }
  ],
  [
    {
      "COUNT": 140,
      "GSID": 38006
    },
    {
      "COUNT": 35,
      "GSID": 30001
    }
  ],
  [
    {
      "COUNT": 160,
      "GSID": 38006
    },
    {
      "COUNT": 40,
      "GSID": 30001
    }
  ],
  [
    {
      "COUNT": 180,
      "GSID": 38006
    },
    {
      "COUNT": 45,
      "GSID": 30001
    }
  ],
  [
    {
      "COUNT": 200,
      "GSID": 38006
    },
    {
      "COUNT": 50,
      "GSID": 30001
    }
  ],
  [
    {
      "COUNT": 220,
      "GSID": 38006
    },
    {
      "COUNT": 55,
      "GSID": 30001
    }
  ],
  [
    {
      "COUNT": 240,
      "GSID": 38006
    },
    {
      "COUNT": 60,
      "GSID": 30001
    }
  ],
  [
    {
      "COUNT": 575,
      "GSID": 38006
    },
    {
      "COUNT": 75,
      "GSID": 30001
    }
  ],
  [
    {
      "COUNT": 685,
      "GSID": 38006
    },
    {
      "COUNT": 125,
      "GSID": 30001
    }
  ],
  [
    {
      "COUNT": 765,
      "GSID": 38006
    },
    {
      "COUNT": 140,
      "GSID": 30001
    }
  ],
  [
    {
      "COUNT": 850,
      "GSID": 38006
    },
    {
      "COUNT": 155,
      "GSID": 30001
    }
  ],
  [
    {
      "COUNT": 930,
      "GSID": 38006
    },
    {
      "COUNT": 170,
      "GSID": 30001
    }
  ],
  [
    {
      "COUNT": 1000,
      "GSID": 38006
    },
    {
      "COUNT": 180,
      "GSID": 30001
    }
  ],
  [
    {
      "COUNT": 1100,
      "GSID": 38006
    },
    {
      "COUNT": 260,
      "GSID": 30001
    }
  ],
  [
    {
      "COUNT": 1170,
      "GSID": 38006
    },
    {
      "COUNT": 280,
      "GSID": 30001
    }
  ],
  [
    {
      "COUNT": 1250,
      "GSID": 38006
    },
    {
      "COUNT": 300,
      "GSID": 30001
    }
  ],
  [
    {
      "COUNT": 1330,
      "GSID": 38006
    },
    {
      "COUNT": 320,
      "GSID": 30001
    }
  ],
  [
    {
      "COUNT": 1410,
      "GSID": 38006
    },
    {
      "COUNT": 340,
      "GSID": 30001
    }
  ],
  [
    {
      "COUNT": 1690,
      "GSID": 38006
    },
    {
      "COUNT": 575,
      "GSID": 30001
    }
  ],
  [
    {
      "COUNT": 1900,
      "GSID": 38006
    },
    {
      "COUNT": 650,
      "GSID": 30001
    }
  ],
  [
    {
      "COUNT": 2120,
      "GSID": 38006
    },
    {
      "COUNT": 720,
      "GSID": 30001
    }
  ],
  [
    {
      "COUNT": 2320,
      "GSID": 38006
    },
    {
      "COUNT": 800,
      "GSID": 30001
    }
  ],
  [
    {
      "COUNT": 2530,
      "GSID": 38006
    },
    {
      "COUNT": 864,
      "GSID": 30001
    }
  ],
  [
    {
      "COUNT": 2750,
      "GSID": 38006
    },
    {
      "COUNT": 1250,
      "GSID": 30001
    }
  ],
  [
    {
      "COUNT": 2960,
      "GSID": 38006
    },
    {
      "COUNT": 1345,
      "GSID": 30001
    }
  ],
  [
    {
      "COUNT": 3170,
      "GSID": 38006
    },
    {
      "COUNT": 1440,
      "GSID": 30001
    }
  ],
  [
    {
      "COUNT": 3380,
      "GSID": 38006
    },
    {
      "COUNT": 1535,
      "GSID": 30001
    }
  ],
  [
    {
      "COUNT": 4300,
      "GSID": 38006
    },
    {
      "COUNT": 1635,
      "GSID": 30001
    }
  ],
  [
    {
      "COUNT": 4770,
      "GSID": 38006
    },
    {
      "COUNT": 2160,
      "GSID": 30001
    }
  ],
  [
    {
      "COUNT": 5035,
      "GSID": 38006
    },
    {
      "COUNT": 2280,
      "GSID": 30001
    }
  ],
  [
    {
      "COUNT": 5300,
      "GSID": 38006
    },
    {
      "COUNT": 2400,
      "GSID": 30001
    }
  ],
  [
    {
      "COUNT": 5565,
      "GSID": 38006
    },
    {
      "COUNT": 2520,
      "GSID": 30001
    }
  ],
  [
    {
      "COUNT": 5830,
      "GSID": 38006
    },
    {
      "COUNT": 2640,
      "GSID": 30001
    }
  ],
  [
    {
      "COUNT": 6095,
      "GSID": 38006
    },
    {
      "COUNT": 3312,
      "GSID": 30001
    }
  ],
  [
    {
      "COUNT": 6360,
      "GSID": 38006
    },
    {
      "COUNT": 3456,
      "GSID": 30001
    }
  ],
  [
    {
      "COUNT": 6625,
      "GSID": 38006
    },
    {
      "COUNT": 3600,
      "GSID": 30001
    }
  ],
  [
    {
      "COUNT": 6890,
      "GSID": 38006
    },
    {
      "COUNT": 3745,
      "GSID": 30001
    }
  ],
  [
    {
      "COUNT": 8345,
      "GSID": 38006
    },
    {
      "COUNT": 3888,
      "GSID": 30001
    }
  ],
  [
    {
      "COUNT": 9035,
      "GSID": 38006
    },
    {
      "COUNT": 4700,
      "GSID": 30001
    }
  ],
  [
    {
      "COUNT": 9355,
      "GSID": 38006
    },
    {
      "COUNT": 4875,
      "GSID": 30001
    }
  ],
  [
    {
      "COUNT": 9680,
      "GSID": 38006
    },
    {
      "COUNT": 5040,
      "GSID": 30001
    }
  ],
  [
    {
      "COUNT": 10000,
      "GSID": 38006
    },
    {
      "COUNT": 5200,
      "GSID": 30001
    }
  ],
  [
    {
      "COUNT": 10325,
      "GSID": 38006
    },
    {
      "COUNT": 5375,
      "GSID": 30001
    }
  ],
  [
    {
      "COUNT": 10645,
      "GSID": 38006
    },
    {
      "COUNT": 6435,
      "GSID": 30001
    }
  ],
  [
    {
      "COUNT": 10965,
      "GSID": 38006
    },
    {
      "COUNT": 6530,
      "GSID": 30001
    }
  ],
  [
    {
      "COUNT": 11290,
      "GSID": 38006
    },
    {
      "COUNT": 6720,
      "GSID": 30001
    }
  ],
  [
    {
      "COUNT": 11615,
      "GSID": 38006
    },
    {
      "COUNT": 6900,
      "GSID": 30001
    }
  ],
  [
    {
      "COUNT": 14000,
      "GSID": 38006
    },
    {
      "COUNT": 7300,
      "GSID": 30001
    }
  ],
  [
    {
      "COUNT": 15360,
      "GSID": 38006
    },
    {
      "COUNT": 8640,
      "GSID": 30001
    }
  ],
  [
    {
      "COUNT": 16130,
      "GSID": 38006
    },
    {
      "COUNT": 9072,
      "GSID": 30001
    }
  ],
  [
    {
      "COUNT": 16900,
      "GSID": 38006
    },
    {
      "COUNT": 10560,
      "GSID": 30001
    }
  ],
  [
    {
      "COUNT": 17665,
      "GSID": 38006
    },
    {
      "COUNT": 11040,
      "GSID": 30001
    }
  ],
  [
    {
      "COUNT": 18435,
      "GSID": 38006
    },
    {
      "COUNT": 11520,
      "GSID": 30001
    }
  ],
  [
    {
      "COUNT": 19200,
      "GSID": 38006
    },
    {
      "COUNT": 12000,
      "GSID": 30001
    }
  ],
  [
    {
      "COUNT": 19970,
      "GSID": 38006
    },
    {
      "COUNT": 12480,
      "GSID": 30001
    }
  ],
  [
    {
      "COUNT": 21565,
      "GSID": 38006
    },
    {
      "COUNT": 14255,
      "GSID": 30001
    }
  ],
  [
    {
      "COUNT": 22365,
      "GSID": 38006
    },
    {
      "COUNT": 14780,
      "GSID": 30001
    }
  ],
  [
    {
      "COUNT": 26060,
      "GSID": 38006
    },
    {
      "COUNT": 15300,
      "GSID": 30001
    }
  ],
  [
    {
      "COUNT": 27400,
      "GSID": 38006
    },
    {
      "COUNT": 16100,
      "GSID": 30001
    }
  ],
  [
    {
      "COUNT": 28755,
      "GSID": 38006
    },
    {
      "COUNT": 16900,
      "GSID": 30001
    }
  ],
  [
    {
      "COUNT": 30100,
      "GSID": 38006
    },
    {
      "COUNT": 19300,
      "GSID": 30001
    }
  ],
  [
    {
      "COUNT": 31450,
      "GSID": 38006
    },
    {
      "COUNT": 20160,
      "GSID": 30001
    }
  ],
  [
    {
      "COUNT": 32800,
      "GSID": 38006
    },
    {
      "COUNT": 21025,
      "GSID": 30001
    }
  ],
  [
    {
      "COUNT": 35460,
      "GSID": 38006
    },
    {
      "COUNT": 23715,
      "GSID": 30001
    }
  ],
  [
    {
      "COUNT": 36860,
      "GSID": 38006
    },
    {
      "COUNT": 24650,
      "GSID": 30001
    }
  ],
  [
    {
      "COUNT": 38260,
      "GSID": 38006
    },
    {
      "COUNT": 27550,
      "GSID": 30001
    }
  ],
  [
    {
      "COUNT": 39660,
      "GSID": 38006
    },
    {
      "COUNT": 28560,
      "GSID": 30001
    }
  ],
  [
    {
      "COUNT": 45620,
      "GSID": 38006
    },
    {
      "COUNT": 29570,
      "GSID": 30001
    }
  ],
  [
    {
      "COUNT": 47700,
      "GSID": 38006
    },
    {
      "COUNT": 30915,
      "GSID": 30001
    }
  ],
  [
    {
      "COUNT": 49765,
      "GSID": 38006
    },
    {
      "COUNT": 32260,
      "GSID": 30001
    }
  ],
  [
    {
      "COUNT": 53760,
      "GSID": 38006
    },
    {
      "COUNT": 36000,
      "GSID": 30001
    }
  ],
  [
    {
      "COUNT": 55910,
      "GSID": 38006
    },
    {
      "COUNT": 37440,
      "GSID": 30001
    }
  ],
  [
    {
      "COUNT": 58060,
      "GSID": 38006
    },
    {
      "COUNT": 38880,
      "GSID": 30001
    }
  ],
  [
    {
      "COUNT": 60210,
      "GSID": 38006
    },
    {
      "COUNT": 40320,
      "GSID": 30001
    }
  ],
  [
    {
      "COUNT": 62360,
      "GSID": 38006
    },
    {
      "COUNT": 41760,
      "GSID": 30001
    }
  ],
  [
    {
      "COUNT": 64510,
      "GSID": 38006
    },
    {
      "COUNT": 46080,
      "GSID": 30001
    }
  ],
  [
    {
      "COUNT": 66660,
      "GSID": 38006
    },
    {
      "COUNT": 47615,
      "GSID": 30001
    }
  ],
  [
    {
      "COUNT": 79135,
      "GSID": 38006
    },
    {
      "COUNT": 49155,
      "GSID": 30001
    }
  ],
  [
    {
      "COUNT": 85165,
      "GSID": 38006
    },
    {
      "COUNT": 54265,
      "GSID": 30001
    }
  ],
  [
    {
      "COUNT": 88365,
      "GSID": 38006
    },
    {
      "COUNT": 56300,
      "GSID": 30001
    }
  ],
  [
    {
      "COUNT": 91565,
      "GSID": 38006
    },
    {
      "COUNT": 61775,
      "GSID": 30001
    }
  ],
  [
    {
      "COUNT": 94765,
      "GSID": 38006
    },
    {
      "COUNT": 63940,
      "GSID": 30001
    }
  ],
  [
    {
      "COUNT": 98000,
      "GSID": 38006
    },
    {
      "COUNT": 66100,
      "GSID": 30001
    }
  ],
  [
    {
      "COUNT": 105000,
      "GSID": 38006
    },
    {
      "COUNT": 72050,
      "GSID": 30001
    }
  ],
  [
    {
      "COUNT": 108000,
      "GSID": 38006
    },
    {
      "COUNT": 74330,
      "GSID": 30001
    }
  ],
  [
    {
      "COUNT": 112000,
      "GSID": 38006
    },
    {
      "COUNT": 80640,
      "GSID": 30001
    }
  ],
  [
    {
      "COUNT": 115000,
      "GSID": 38006
    },
    {
      "COUNT": 83040,
      "GSID": 30001
    }
  ],
  [
    {
      "COUNT": 134000,
      "GSID": 38006
    },
    {
      "COUNT": 85440,
      "GSID": 30001
    }
  ],
  [
    {
      "COUNT": 143000,
      "GSID": 38006
    },
    {
      "COUNT": 92736,
      "GSID": 30001
    }
  ],
  [
    {
      "COUNT": 148000,
      "GSID": 38006
    },
    {
      "COUNT": 95760,
      "GSID": 30001
    }
  ],
  [
    {
      "COUNT": 152000,
      "GSID": 38006
    },
    {
      "COUNT": 104000,
      "GSID": 30001
    }
  ],
  [
    {
      "COUNT": 157000,
      "GSID": 38006
    },
    {
      "COUNT": 107000,
      "GSID": 30001
    }
  ],
  [
    {
      "COUNT": 161000,
      "GSID": 38006
    },
    {
      "COUNT": 110000,
      "GSID": 30001
    }
  ],
  [
    {
      "COUNT": 171000,
      "GSID": 38006
    },
    {
      "COUNT": 119000,
      "GSID": 30001
    }
  ],
  [
    {
      "COUNT": 176000,
      "GSID": 38006
    },
    {
      "COUNT": 122000,
      "GSID": 30001
    }
  ],
  [
    {
      "COUNT": 181000,
      "GSID": 38006
    },
    {
      "COUNT": 131000,
      "GSID": 30001
    }
  ],
  [
    {
      "COUNT": 186000,
      "GSID": 38006
    },
    {
      "COUNT": 134000,
      "GSID": 30001
    }
  ],
  [
    {
      "COUNT": 195000,
      "GSID": 38006
    },
    {
      "COUNT": 138000,
      "GSID": 30001
    }
  ],
  [
    {
      "COUNT": 203000,
      "GSID": 38006
    },
    {
      "COUNT": 149000,
      "GSID": 30001
    }
  ],
  [
    {
      "COUNT": 211000,
      "GSID": 38006
    },
    {
      "COUNT": 155000,
      "GSID": 30001
    }
  ],
  [
    {
      "COUNT": 219000,
      "GSID": 38006
    },
    {
      "COUNT": 167000,
      "GSID": 30001
    }
  ],
  [
    {
      "COUNT": 226000,
      "GSID": 38006
    },
    {
      "COUNT": 173000,
      "GSID": 30001
    }
  ],
  [
    {
      "COUNT": 242000,
      "GSID": 38006
    },
    {
      "COUNT": 178000,
      "GSID": 30001
    }
  ],
  [
    {
      "COUNT": 250000,
      "GSID": 38006
    },
    {
      "COUNT": 192000,
      "GSID": 30001
    }
  ],
  [
    {
      "COUNT": 258000,
      "GSID": 38006
    },
    {
      "COUNT": 197000,
      "GSID": 30001
    }
  ],
  [
    {
      "COUNT": 266000,
      "GSID": 38006
    },
    {
      "COUNT": 212000,
      "GSID": 30001
    }
  ],
  [
    {
      "COUNT": 274000,
      "GSID": 38006
    },
    {
      "COUNT": 218000,
      "GSID": 30001
    }
  ],
  [
    {
      "COUNT": 290000,
      "GSID": 38006
    },
    {
      "COUNT": 224000,
      "GSID": 30001
    }
  ],
  [
    {
      "COUNT": 299000,
      "GSID": 38006
    },
    {
      "COUNT": 239000,
      "GSID": 30001
    }
  ],
  [
    {
      "COUNT": 307000,
      "GSID": 38006
    },
    {
      "COUNT": 245000,
      "GSID": 30001
    }
  ],
  [
    {
      "COUNT": 315000,
      "GSID": 38006
    },
    {
      "COUNT": 261000,
      "GSID": 30001
    }
  ],
  [
    {
      "COUNT": 323000,
      "GSID": 38006
    },
    {
      "COUNT": 267000,
      "GSID": 30001
    }
  ],
  [
    {
      "COUNT": 342000,
      "GSID": 38006
    },
    {
      "COUNT": 274000,
      "GSID": 30001
    }
  ],
  [
    {
      "COUNT": 350000,
      "GSID": 38006
    },
    {
      "COUNT": 291000,
      "GSID": 30001
    }
  ],
  [
    {
      "COUNT": 359000,
      "GSID": 38006
    },
    {
      "COUNT": 298000,
      "GSID": 30001
    }
  ],
  [
    {
      "COUNT": 367000,
      "GSID": 38006
    },
    {
      "COUNT": 310000,
      "GSID": 30001
    }
  ],
  [
    {
      "COUNT": 376000,
      "GSID": 38006
    },
    {
      "COUNT": 311000,
      "GSID": 30001
    }
  ],
  [
    {
      "COUNT": 388000,
      "GSID": 38006
    },
    {
      "COUNT": 312000,
      "GSID": 30001
    }
  ],
  [
    {
      "COUNT": 390000,
      "GSID": 38006
    },
    {
      "COUNT": 324000,
      "GSID": 30001
    }
  ],
  [
    {
      "COUNT": 392000,
      "GSID": 38006
    },
    {
      "COUNT": 326000,
      "GSID": 30001
    }
  ],
  [
    {
      "COUNT": 394000,
      "GSID": 38006
    },
    {
      "COUNT": 338000,
      "GSID": 30001
    }
  ],
  [
    {
      "COUNT": 395000,
      "GSID": 38006
    },
    {
      "COUNT": 340000,
      "GSID": 30001
    }
  ],
  [
    {
      "COUNT": 408000,
      "GSID": 38006
    },
    {
      "COUNT": 341000,
      "GSID": 30001
    }
  ],
  [
    {
      "COUNT": 410000,
      "GSID": 38006
    },
    {
      "COUNT": 354000,
      "GSID": 30001
    }
  ],
  [
    {
      "COUNT": 412000,
      "GSID": 38006
    },
    {
      "COUNT": 355000,
      "GSID": 30001
    }
  ],
  [
    {
      "COUNT": 414000,
      "GSID": 38006
    },
    {
      "COUNT": 368000,
      "GSID": 30001
    }
  ],
  [
    {
      "COUNT": 416000,
      "GSID": 38006
    },
    {
      "COUNT": 370000,
      "GSID": 30001
    }
  ],
  [
    {
      "COUNT": 429000,
      "GSID": 38006
    },
    {
      "COUNT": 371000,
      "GSID": 30001
    }
  ],
  [
    {
      "COUNT": 431000,
      "GSID": 38006
    },
    {
      "COUNT": 384000,
      "GSID": 30001
    }
  ],
  [
    {
      "COUNT": 433000,
      "GSID": 38006
    },
    {
      "COUNT": 386000,
      "GSID": 30001
    }
  ],
  [
    {
      "COUNT": 435000,
      "GSID": 38006
    },
    {
      "COUNT": 399000,
      "GSID": 30001
    }
  ],
  [
    {
      "COUNT": 436000,
      "GSID": 38006
    },
    {
      "COUNT": 400000,
      "GSID": 30001
    }
  ],
  [
    {
      "COUNT": 450000,
      "GSID": 38006
    },
    {
      "COUNT": 402000,
      "GSID": 30001
    }
  ],
  [
    {
      "COUNT": 452000,
      "GSID": 38006
    },
    {
      "COUNT": 415000,
      "GSID": 30001
    }
  ],
  [
    {
      "COUNT": 454000,
      "GSID": 38006
    },
    {
      "COUNT": 416000,
      "GSID": 30001
    }
  ],
  [
    {
      "COUNT": 456000,
      "GSID": 38006
    },
    {
      "COUNT": 416000,
      "GSID": 30001
    }
  ],
  [
    {
      "COUNT": 417000,
      "GSID": 38006
    },
    {
      "COUNT": 417000,
      "GSID": 30001
    }
  ],
  [
    {
      "COUNT": 425000,
      "GSID": 38006
    },
    {
      "COUNT": 420000,
      "GSID": 30001
    }
  ],
  [
    {
      "COUNT": 430000,
      "GSID": 38006
    },
    {
      "COUNT": 425000,
      "GSID": 30001
    }
  ],
  [
    {
      "COUNT": 435000,
      "GSID": 38006
    },
    {
      "COUNT": 430000,
      "GSID": 30001
    }
  ],
  [
    {
      "COUNT": 440000,
      "GSID": 38006
    },
    {
      "COUNT": 435000,
      "GSID": 30001
    }
  ],
  [
    {
      "COUNT": 445000,
      "GSID": 38006
    },
    {
      "COUNT": 440000,
      "GSID": 30001
    }
  ],
  [
    {
      "COUNT": 450000,
      "GSID": 38006
    },
    {
      "COUNT": 445000,
      "GSID": 30001
    }
  ],
  [
    {
      "COUNT": 455000,
      "GSID": 38006
    },
    {
      "COUNT": 450000,
      "GSID": 30001
    }
  ],
  [
    {
      "COUNT": 460000,
      "GSID": 38006
    },
    {
      "COUNT": 455000,
      "GSID": 30001
    }
  ],
  [
    {
      "COUNT": 465000,
      "GSID": 38006
    },
    {
      "COUNT": 460000,
      "GSID": 30001
    }
  ],
  [
    {
      "COUNT": 470000,
      "GSID": 38006
    },
    {
      "COUNT": 465000,
      "GSID": 30001
    }
  ],
  [
    {
      "COUNT": 475000,
      "GSID": 38006
    },
    {
      "COUNT": 470000,
      "GSID": 30001
    }
  ],
  [
    {
      "COUNT": 480000,
      "GSID": 38006
    },
    {
      "COUNT": 475000,
      "GSID": 30001
    }
  ],
  [
    {
      "COUNT": 485000,
      "GSID": 38006
    },
    {
      "COUNT": 480000,
      "GSID": 30001
    }
  ],
  [
    {
      "COUNT": 490000,
      "GSID": 38006
    },
    {
      "COUNT": 485000,
      "GSID": 30001
    }
  ],
  [
    {
      "COUNT": 495000,
      "GSID": 38006
    },
    {
      "COUNT": 490000,
      "GSID": 30001
    }
  ],
  [
    {
      "COUNT": 500000,
      "GSID": 38006
    },
    {
      "COUNT": 495000,
      "GSID": 30001
    }
  ],
  [
    {
      "COUNT": 505000,
      "GSID": 38006
    },
    {
      "COUNT": 500000,
      "GSID": 30001
    }
  ],
  [
    {
      "COUNT": 510000,
      "GSID": 38006
    },
    {
      "COUNT": 505000,
      "GSID": 30001
    }
  ],
  [
    {
      "COUNT": 515000,
      "GSID": 38006
    },
    {
      "COUNT": 510000,
      "GSID": 30001
    }
  ],
  [
    {
      "COUNT": 520000,
      "GSID": 38006
    },
    {
      "COUNT": 515000,
      "GSID": 30001
    }
  ],
  [
    {
      "COUNT": 525000,
      "GSID": 38006
    },
    {
      "COUNT": 600000,
      "GSID": 30001
    }
  ],
  [
    {
      "COUNT": 530000,
      "GSID": 38006
    },
    {
      "COUNT": 610000,
      "GSID": 30001
    }
  ],
  [
    {
      "COUNT": 535000,
      "GSID": 38006
    },
    {
      "COUNT": 620000,
      "GSID": 30001
    }
  ],
  [
    {
      "COUNT": 540000,
      "GSID": 38006
    },
    {
      "COUNT": 630000,
      "GSID": 30001
    }
  ],
  [
    {
      "COUNT": 545000,
      "GSID": 38006
    },
    {
      "COUNT": 640000,
      "GSID": 30001
    }
  ],
  [
    {
      "COUNT": 550000,
      "GSID": 38006
    },
    {
      "COUNT": 650000,
      "GSID": 30001
    }
  ],
  [
    {
      "COUNT": 555000,
      "GSID": 38006
    },
    {
      "COUNT": 660000,
      "GSID": 30001
    }
  ],
  [
    {
      "COUNT": 560000,
      "GSID": 38006
    },
    {
      "COUNT": 670000,
      "GSID": 30001
    }
  ],
  [
    {
      "COUNT": 565000,
      "GSID": 38006
    },
    {
      "COUNT": 680000,
      "GSID": 30001
    }
  ],
  [
    {
      "COUNT": 570000,
      "GSID": 38006
    },
    {
      "COUNT": 690000,
      "GSID": 30001
    }
  ],
  [
    {
      "COUNT": 575000,
      "GSID": 38006
    },
    {
      "COUNT": 700000,
      "GSID": 30001
    }
  ],
  [
    {
      "COUNT": 580000,
      "GSID": 38006
    },
    {
      "COUNT": 710000,
      "GSID": 30001
    }
  ],
  [
    {
      "COUNT": 585000,
      "GSID": 38006
    },
    {
      "COUNT": 720000,
      "GSID": 30001
    }
  ],
  [
    {
      "COUNT": 590000,
      "GSID": 38006
    },
    {
      "COUNT": 730000,
      "GSID": 30001
    }
  ],
  [
    {
      "COUNT": 595000,
      "GSID": 38006
    },
    {
      "COUNT": 740000,
      "GSID": 30001
    }
  ],
  [
    {
      "COUNT": 600000,
      "GSID": 38006
    },
    {
      "COUNT": 750000,
      "GSID": 30001
    }
  ],
  [
    {
      "COUNT": 605000,
      "GSID": 38006
    },
    {
      "COUNT": 760000,
      "GSID": 30001
    }
  ],
  [
    {
      "COUNT": 610000,
      "GSID": 38006
    },
    {
      "COUNT": 770000,
      "GSID": 30001
    }
  ],
  [
    {
      "COUNT": 615000,
      "GSID": 38006
    },
    {
      "COUNT": 780000,
      "GSID": 30001
    }
  ],
  [
    {
      "COUNT": 620000,
      "GSID": 38006
    },
    {
      "COUNT": 790000,
      "GSID": 30001
    }
  ],
  [
    {
      "COUNT": 625000,
      "GSID": 38006
    },
    {
      "COUNT": 800000,
      "GSID": 30001
    }
  ],
  [
    {
      "COUNT": 630000,
      "GSID": 38006
    },
    {
      "COUNT": 810000,
      "GSID": 30001
    }
  ],
  [
    {
      "COUNT": 635000,
      "GSID": 38006
    },
    {
      "COUNT": 820000,
      "GSID": 30001
    }
  ],
  [
    {
      "COUNT": 640000,
      "GSID": 38006
    },
    {
      "COUNT": 830000,
      "GSID": 30001
    }
  ],
  [
    {
      "COUNT": 645000,
      "GSID": 38006
    },
    {
      "COUNT": 840000,
      "GSID": 30001
    }
  ],
  [
    {
      "COUNT": 650000,
      "GSID": 38006
    },
    {
      "COUNT": 850000,
      "GSID": 30001
    }
  ],
  [
    {
      "COUNT": 655000,
      "GSID": 38006
    },
    {
      "COUNT": 860000,
      "GSID": 30001
    }
  ],
  [
    {
      "COUNT": 660000,
      "GSID": 38006
    },
    {
      "COUNT": 870000,
      "GSID": 30001
    }
  ],
  [
    {
      "COUNT": 665000,
      "GSID": 38006
    },
    {
      "COUNT": 880000,
      "GSID": 30001
    }
  ],
  [
    {
      "COUNT": 670000,
      "GSID": 38006
    },
    {
      "COUNT": 890000,
      "GSID": 30001
    }
  ],
  [
    {
      "COUNT": 675000,
      "GSID": 38006
    },
    {
      "COUNT": 900000,
      "GSID": 30001
    }
  ],
  [
    {
      "COUNT": 680000,
      "GSID": 38006
    },
    {
      "COUNT": 910000,
      "GSID": 30001
    }
  ],
  [
    {
      "COUNT": 685000,
      "GSID": 38006
    },
    {
      "COUNT": 920000,
      "GSID": 30001
    }
  ],
  [
    {
      "COUNT": 690000,
      "GSID": 38006
    },
    {
      "COUNT": 930000,
      "GSID": 30001
    }
  ],
  [
    {
      "COUNT": 695000,
      "GSID": 38006
    },
    {
      "COUNT": 940000,
      "GSID": 30001
    }
  ],
  [
    {
      "COUNT": 700000,
      "GSID": 38006
    },
    {
      "COUNT": 950000,
      "GSID": 30001
    }
  ],
  [
    {
      "COUNT": 705000,
      "GSID": 38006
    },
    {
      "COUNT": 960000,
      "GSID": 30001
    }
  ],
  [
    {
      "COUNT": 710000,
      "GSID": 38006
    },
    {
      "COUNT": 970000,
      "GSID": 30001
    }
  ],
  [
    {
      "COUNT": 715000,
      "GSID": 38006
    },
    {
      "COUNT": 980000,
      "GSID": 30001
    }
  ],
  [
    {
      "COUNT": 720000,
      "GSID": 38006
    },
    {
      "COUNT": 990000,
      "GSID": 30001
    }
  ],
  [
    {
      "COUNT": 728000,
      "GSID": 38006
    },
    {
      "COUNT": 1000000,
      "GSID": 30001
    }
  ],
  [
    {
      "COUNT": 736000,
      "GSID": 38006
    },
    {
      "COUNT": 1030000,
      "GSID": 30001
    }
  ],
  [
    {
      "COUNT": 744000,
      "GSID": 38006
    },
    {
      "COUNT": 1060000,
      "GSID": 30001
    }
  ],
  [
    {
      "COUNT": 752000,
      "GSID": 38006
    },
    {
      "COUNT": 1090000,
      "GSID": 30001
    }
  ],
  [
    {
      "COUNT": 760000,
      "GSID": 38006
    },
    {
      "COUNT": 1120000,
      "GSID": 30001
    }
  ],
  [
    {
      "COUNT": 768000,
      "GSID": 38006
    },
    {
      "COUNT": 1150000,
      "GSID": 30001
    }
  ],
  [
    {
      "COUNT": 776000,
      "GSID": 38006
    },
    {
      "COUNT": 1180000,
      "GSID": 30001
    }
  ],
  [
    {
      "COUNT": 784000,
      "GSID": 38006
    },
    {
      "COUNT": 1210000,
      "GSID": 30001
    }
  ],
  [
    {
      "COUNT": 792000,
      "GSID": 38006
    },
    {
      "COUNT": 1240000,
      "GSID": 30001
    }
  ],
  [
    {
      "COUNT": 800000,
      "GSID": 38006
    },
    {
      "COUNT": 1270000,
      "GSID": 30001
    }
  ],
  [
    {
      "COUNT": 808000,
      "GSID": 38006
    },
    {
      "COUNT": 1300000,
      "GSID": 30001
    }
  ],
  [
    {
      "COUNT": 816000,
      "GSID": 38006
    },
    {
      "COUNT": 1330000,
      "GSID": 30001
    }
  ],
  [
    {
      "COUNT": 824000,
      "GSID": 38006
    },
    {
      "COUNT": 1360000,
      "GSID": 30001
    }
  ],
  [
    {
      "COUNT": 832000,
      "GSID": 38006
    },
    {
      "COUNT": 1390000,
      "GSID": 30001
    }
  ],
  [
    {
      "COUNT": 840000,
      "GSID": 38006
    },
    {
      "COUNT": 1420000,
      "GSID": 30001
    }
  ],
  [
    {
      "COUNT": 848000,
      "GSID": 38006
    },
    {
      "COUNT": 1450000,
      "GSID": 30001
    }
  ],
  [
    {
      "COUNT": 856000,
      "GSID": 38006
    },
    {
      "COUNT": 1480000,
      "GSID": 30001
    }
  ],
  [
    {
      "COUNT": 864000,
      "GSID": 38006
    },
    {
      "COUNT": 1510000,
      "GSID": 30001
    }
  ],
  [
    {
      "COUNT": 872000,
      "GSID": 38006
    },
    {
      "COUNT": 1540000,
      "GSID": 30001
    }
  ],
  [
    {
      "COUNT": 880000,
      "GSID": 38006
    },
    {
      "COUNT": 1570000,
      "GSID": 30001
    }
  ],
  [
    {
      "COUNT": 888000,
      "GSID": 38006
    },
    {
      "COUNT": 1600000,
      "GSID": 30001
    }
  ],
  [
    {
      "COUNT": 896000,
      "GSID": 38006
    },
    {
      "COUNT": 1630000,
      "GSID": 30001
    }
  ],
  [
    {
      "COUNT": 904000,
      "GSID": 38006
    },
    {
      "COUNT": 1660000,
      "GSID": 30001
    }
  ],
  [
    {
      "COUNT": 912000,
      "GSID": 38006
    },
    {
      "COUNT": 1690000,
      "GSID": 30001
    }
  ],
  [
    {
      "COUNT": 920000,
      "GSID": 38006
    },
    {
      "COUNT": 1720000,
      "GSID": 30001
    }
  ],
  [
    {
      "COUNT": 928000,
      "GSID": 38006
    },
    {
      "COUNT": 1750000,
      "GSID": 30001
    }
  ],
  [
    {
      "COUNT": 936000,
      "GSID": 38006
    },
    {
      "COUNT": 1780000,
      "GSID": 30001
    }
  ],
  [
    {
      "COUNT": 944000,
      "GSID": 38006
    },
    {
      "COUNT": 1810000,
      "GSID": 30001
    }
  ],
  [
    {
      "COUNT": 952000,
      "GSID": 38006
    },
    {
      "COUNT": 1840000,
      "GSID": 30001
    }
  ],
  [
    {
      "COUNT": 960000,
      "GSID": 38006
    },
    {
      "COUNT": 1870000,
      "GSID": 30001
    }
  ],
  [
    {
      "COUNT": 968000,
      "GSID": 38006
    },
    {
      "COUNT": 1900000,
      "GSID": 30001
    }
  ],
  [
    {
      "COUNT": 976000,
      "GSID": 38006
    },
    {
      "COUNT": 1930000,
      "GSID": 30001
    }
  ],
  [
    {
      "COUNT": 984000,
      "GSID": 38006
    },
    {
      "COUNT": 1960000,
      "GSID": 30001
    }
  ],
  [
    {
      "COUNT": 992000,
      "GSID": 38006
    },
    {
      "COUNT": 1990000,
      "GSID": 30001
    }
  ],
  [
    {
      "COUNT": 1000000,
      "GSID": 38006
    },
    {
      "COUNT": 2020000,
      "GSID": 30001
    }
  ],
  [
    {
      "COUNT": 1008000,
      "GSID": 38006
    },
    {
      "COUNT": 2050000,
      "GSID": 30001
    }
  ],
  [
    {
      "COUNT": 1016000,
      "GSID": 38006
    },
    {
      "COUNT": 2080000,
      "GSID": 30001
    }
  ],
  [
    {
      "COUNT": 1024000,
      "GSID": 38006
    },
    {
      "COUNT": 2110000,
      "GSID": 30001
    }
  ],
  [
    {
      "COUNT": 1032000,
      "GSID": 38006
    },
    {
      "COUNT": 2140000,
      "GSID": 30001
    }
  ],
  [
    {
      "COUNT": 1040000,
      "GSID": 38006
    },
    {
      "COUNT": 2170000,
      "GSID": 30001
    }
  ],
  [
    {
      "COUNT": 1048000,
      "GSID": 38006
    },
    {
      "COUNT": 2200000,
      "GSID": 30001
    }
  ],
  [
    {
      "COUNT": 1056000,
      "GSID": 38006
    },
    {
      "COUNT": 2230000,
      "GSID": 30001
    }
  ],
  [
    {
      "COUNT": 1064000,
      "GSID": 38006
    },
    {
      "COUNT": 2260000,
      "GSID": 30001
    }
  ],
  [
    {
      "COUNT": 1072000,
      "GSID": 38006
    },
    {
      "COUNT": 2290000,
      "GSID": 30001
    }
  ],
  [
    {
      "COUNT": 1080000,
      "GSID": 38006
    },
    {
      "COUNT": 2320000,
      "GSID": 30001
    }
  ],
  [
    {
      "COUNT": 1088000,
      "GSID": 38006
    },
    {
      "COUNT": 2350000,
      "GSID": 30001
    }
  ],
  [
    {
      "COUNT": 1096000,
      "GSID": 38006
    },
    {
      "COUNT": 2380000,
      "GSID": 30001
    }
  ],
  [
    {
      "COUNT": 1104000,
      "GSID": 38006
    },
    {
      "COUNT": 2410000,
      "GSID": 30001
    }
  ],
  [
    {
      "COUNT": 1112000,
      "GSID": 38006
    },
    {
      "COUNT": 2440000,
      "GSID": 30001
    }
  ],
  [
    {
      "COUNT": 1120000,
      "GSID": 38006
    },
    {
      "COUNT": 2470000,
      "GSID": 30001
    }
  ],
  [
    {
      "COUNT": 1200000,
      "GSID": 38006
    },
    {
      "COUNT": 3000000,
      "GSID": 30001
    }
  ],
  [
    {
      "COUNT": 1250000,
      "GSID": 38006
    },
    {
      "COUNT": 3100000,
      "GSID": 30001
    }
  ],
  [
    {
      "COUNT": 1300000,
      "GSID": 38006
    },
    {
      "COUNT": 3200000,
      "GSID": 30001
    }
  ],
  [
    {
      "COUNT": 1350000,
      "GSID": 38006
    },
    {
      "COUNT": 3300000,
      "GSID": 30001
    }
  ],
  [
    {
      "COUNT": 1400000,
      "GSID": 38006
    },
    {
      "COUNT": 3400000,
      "GSID": 30001
    }
  ],
  [
    {
      "COUNT": 1450000,
      "GSID": 38006
    },
    {
      "COUNT": 3500000,
      "GSID": 30001
    }
  ],
  [
    {
      "COUNT": 1500000,
      "GSID": 38006
    },
    {
      "COUNT": 3600000,
      "GSID": 30001
    }
  ],
  [
    {
      "COUNT": 1550000,
      "GSID": 38006
    },
    {
      "COUNT": 3700000,
      "GSID": 30001
    }
  ],
  [
    {
      "COUNT": 1600000,
      "GSID": 38006
    },
    {
      "COUNT": 3800000,
      "GSID": 30001
    }
  ],
  [
    {
      "COUNT": 1650000,
      "GSID": 38006
    },
    {
      "COUNT": 3900000,
      "GSID": 30001
    }
  ],
  [
    {
      "COUNT": 1750000,
      "GSID": 38006
    },
    {
      "COUNT": 4000000,
      "GSID": 30001
    }
  ],
  [
    {
      "COUNT": 1850000,
      "GSID": 38006
    },
    {
      "COUNT": 4200000,
      "GSID": 30001
    }
  ],
  [
    {
      "COUNT": 1950000,
      "GSID": 38006
    },
    {
      "COUNT": 4400000,
      "GSID": 30001
    }
  ],
  [
    {
      "COUNT": 2050000,
      "GSID": 38006
    },
    {
      "COUNT": 4600000,
      "GSID": 30001
    }
  ],
  [
    {
      "COUNT": 2150000,
      "GSID": 38006
    },
    {
      "COUNT": 4800000,
      "GSID": 30001
    }
  ],
  [
    {
      "COUNT": 2250000,
      "GSID": 38006
    },
    {
      "COUNT": 5000000,
      "GSID": 30001
    }
  ],
  [
    {
      "COUNT": 2350000,
      "GSID": 38006
    },
    {
      "COUNT": 5200000,
      "GSID": 30001
    }
  ],
  [
    {
      "COUNT": 2450000,
      "GSID": 38006
    },
    {
      "COUNT": 5400000,
      "GSID": 30001
    }
  ],
  [
    {
      "COUNT": 2550000,
      "GSID": 38006
    },
    {
      "COUNT": 5600000,
      "GSID": 30001
    }
  ],
  [
    {
      "COUNT": 2650000,
      "GSID": 38006
    },
    {
      "COUNT": 5800000,
      "GSID": 30001
    }
  ],
  [
    {
      "COUNT": 2750000,
      "GSID": 38006
    },
    {
      "COUNT": 6000000,
      "GSID": 30001
    }
  ],
  [
    {
      "COUNT": 2850000,
      "GSID": 38006
    },
    {
      "COUNT": 6200000,
      "GSID": 30001
    }
  ],
  [
    {
      "COUNT": 2950000,
      "GSID": 38006
    },
    {
      "COUNT": 6400000,
      "GSID": 30001
    }
  ],
  [
    {
      "COUNT": 3050000,
      "GSID": 38006
    },
    {
      "COUNT": 6600000,
      "GSID": 30001
    }
  ],
  [
    {
      "COUNT": 3150000,
      "GSID": 38006
    },
    {
      "COUNT": 6800000,
      "GSID": 30001
    }
  ],
  [
    {
      "COUNT": 3250000,
      "GSID": 38006
    },
    {
      "COUNT": 7000000,
      "GSID": 30001
    }
  ],
  [
    {
      "COUNT": 3350000,
      "GSID": 38006
    },
    {
      "COUNT": 7200000,
      "GSID": 30001
    }
  ],
  [
    {
      "COUNT": 3450000,
      "GSID": 38006
    },
    {
      "COUNT": 7400000,
      "GSID": 30001
    }
  ],
  [
    {
      "COUNT": 3550000,
      "GSID": 38006
    },
    {
      "COUNT": 7600000,
      "GSID": 30001
    }
  ],
  [
    {
      "COUNT": 3650000,
      "GSID": 38006
    },
    {
      "COUNT": 7800000,
      "GSID": 30001
    }
  ]
]