[
  [
    {
      "COUNT": 100,
      "GSID": 30001
    },
    {
      "COUNT": 2,
      "GSID": 30015
    }
  ],
  [
    {
      "COUNT": 500,
      "GSID": 30001
    },
    {
      "COUNT": 5,
      "GSID": 30015
    }
  ],
  [
    {
      "COUNT": 1000,
      "GSID": 30001
    },
    {
      "COUNT": 10,
      "GSID": 30015
    },
    {
      "COUNT": 10,
      "GSID": 30014
    }
  ],
  [
    {
      "COUNT": 10000,
      "GSID": 30001
    },
    {
      "COUNT": 25,
      "GSID": 30015
    },
    {
      "COUNT": 25,
      "GSID": 30014
    }
  ],
  [
    {
      "COUNT": 25000,
      "GSID": 30001
    },
    {
      "COUNT": 250,
      "GSID": 30015
    },
    {
      "COUNT": 250,
      "GSID": 30014
    }
  ],
  [
    {
      "COUNT": 50000,
      "GSID": 30001
    },
    {
      "COUNT": 1250,
      "GSID": 30015
    },
    {
      "COUNT": 1250,
      "GSID": 30014
    }
  ],
  [
    {
      "COUNT": 100000,
      "GSID": 30001
    },
    {
      "COUNT": 2250,
      "GSID": 30015
    },
    {
      "COUNT": 2000,
      "GSID": 30014
    }
  ],
  [
    {
      "COUNT": 200000,
      "GSID": 30001
    },
    {
      "COUNT": 3250,
      "GSID": 30015
    },
    {
      "COUNT": 3500,
      "GSID": 30014
    }
  ],
  [
    {
      "COUNT": 500000,
      "GSID": 30001
    },
    {
      "COUNT": 4250,
      "GSID": 30015
    },
    {
      "COUNT": 5000,
      "GSID": 30014
    }
  ],
  [
    {
      "COUNT": 100000,
      "GSID": 30001
    },
    {
      "COUNT": 6000,
      "GSID": 30015
    },
    {
      "COUNT": 10000,
      "GSID": 30014
    }
  ],
  [
    {
      "COUNT": 100000,
      "GSID": 30001
    },
    {
      "COUNT": 10000,
      "GSID": 30015
    },
    {
      "COUNT": 15000,
      "GSID": 30014
    }
  ],
  [
    {
      "COUNT": 100000,
      "GSID": 30001
    },
    {
      "COUNT": 15000,
      "GSID": 30015
    },
    {
      "COUNT": 20000,
      "GSID": 30014
    }
  ],
  [
    {
      "COUNT": 100000,
      "GSID": 30001
    },
    {
      "COUNT": 20000,
      "GSID": 30015
    },
    {
      "COUNT": 25000,
      "GSID": 30014
    }
  ]
]