{
  "1012": {
    "INTRO": "Tướng 12 Sao"
  },
  "2003": {
    "INTRO": "Tướng Ngô"
  },
  "1013": {
    "INTRO": "Tướng 13 Sao"
  },
  "1002": {
    "INTRO": "Tướng 2 Sao"
  },
  "1007": {
    "INTRO": "Tướng 7 Sao"
  },
  "1001": {
    "INTRO": "Tướng 1 Sao"
  },
  "1011": {
    "INTRO": "Tướng 11 Sao"
  },
  "3004": {
    "INTRO": "Pháp Sư"
  },
  "3005": {
    "INTRO": "Phụ Trợ"
  },
  "2004": {
    "INTRO": "Quần Hùng"
  },
  "3001": {
    "INTRO": "Chiến Binh"
  },
  "1004": {
    "INTRO": "Tướng 4 Sao"
  },
  "2005": {
    "INTRO": "Đế Vương"
  },
  "1003": {
    "INTRO": "Tướng 3 Sao"
  },
  "1005": {
    "INTRO": "Tướng 5 Sao"
  },
  "3002": {
    "INTRO": "Thích Khách"
  },
  "2002": {
    "INTRO": "Tướng Thục"
  },
  "2006": {
    "INTRO": "Ma Vương"
  },
  "1009": {
    "INTRO": "Tướng 9 Sao"
  },
  "1006": {
    "INTRO": "Tướng 6 Sao"
  },
  "1008": {
    "INTRO": "Tướng 8 Sao"
  },
  "1010": {
    "INTRO": "Tướng 10 Sao"
  },
  "2001": {
    "INTRO": "Tướng Ngụy"
  },
  "3003": {
    "INTRO": "Xạ Thủ"
  }
}