{
  "10401": {
    "HEADICON": "qiangnubing_1"
  },
  "12361": {
    "HEADICON": "daofushou_1"
  },
  "14141": {
    "HEADICON": "lusu_1"
  },
  "12221": {
    "HEADICON": "zhangxingcai_1"
  },
  "18081": {
    "HEADICON": "benduozhongsheng_1"
  },
  "16381": {
    "HEADICON": "liuzhang_1"
  },
  "14021": {
    "HEADICON": "ganning_1"
  },
  "12201": {
    "HEADICON": "weiyan_1"
  },
  "10061": {
    "HEADICON": "xiahoudun_1"
  },
  "16181": {
    "HEADICON": "diaochan_1"
  },
  "10201": {
    "HEADICON": "dianwei_1"
  },
  "10261": {
    "HEADICON": "yujin_1"
  },
  "16201": {
    "HEADICON": "huatuo_1"
  },
  "10361": {
    "HEADICON": "lejin_1"
  },
  "16001": {
    "HEADICON": "lvbu_1"
  },
  "12301": {
    "HEADICON": "xushu_1"
  },
  "12141": {
    "HEADICON": "zhugeliang_1"
  },
  "16301": {
    "HEADICON": "liubiao_1"
  },
  "16121": {
    "HEADICON": "caiwenji_1"
  },
  "17041": {
    "HEADICON": "hanxin_1"
  },
  "14101": {
    "HEADICON": "zhouyu_1"
  },
  "18001": {
    "HEADICON": "zhitianxinchang_1"
  },
  "12321": {
    "HEADICON": "wangping_1"
  },
  "14281": {
    "HEADICON": "daqiao_1"
  },
  "14121": {
    "HEADICON": "luxun_1"
  },
  "14061": {
    "HEADICON": "taishici_1"
  },
  "12381": {
    "HEADICON": "fazheng_1"
  },
  "16241": {
    "HEADICON": "gaoshun_1"
  },
  "16361": {
    "HEADICON": "mateng_1"
  },
  "12101": {
    "HEADICON": "huangzhong_1"
  },
  "17021": {
    "HEADICON": "xiangyu_1"
  },
  "18061": {
    "HEADICON": "mingzhiguangxiu_1"
  },
  "14201": {
    "HEADICON": "huanggai_1"
  },
  "10421": {
    "HEADICON": "zhanghe_1"
  },
  "14361": {
    "HEADICON": "zhugejin_1"
  },
  "14041": {
    "HEADICON": "lvmeng_1"
  },
  "10301": {
    "HEADICON": "zhenji_1"
  },
  "12241": {
    "HEADICON": "huangyueying_1"
  },
  "16161": {
    "HEADICON": "zhangjiao_1"
  },
  "18121": {
    "HEADICON": "fengchenxiuji_1"
  },
  "14221": {
    "HEADICON": "lingtong_1"
  },
  "14161": {
    "HEADICON": "bulianshi_1"
  },
  "12181": {
    "HEADICON": "guanxing_1"
  },
  "16081": {
    "HEADICON": "zhurong_1"
  },
  "12021": {
    "HEADICON": "liubei_1"
  },
  "10081": {
    "HEADICON": "caocao_1"
  },
  "12041": {
    "HEADICON": "guanyu_1"
  },
  "16261": {
    "HEADICON": "gongsunzan_1"
  },
  "10021": {
    "HEADICON": "xuchu_1"
  },
  "16061": {
    "HEADICON": "huaxiong_1"
  },
  "10341": {
    "HEADICON": "caozhi_1"
  },
  "17001": {
    "HEADICON": "liubang_1"
  },
  "16221": {
    "HEADICON": "dongzhuo_1"
  },
  "18041": {
    "HEADICON": "fububanzang_1"
  },
  "12281": {
    "HEADICON": "liufeng_1"
  },
  "18101": {
    "HEADICON": "langren_1"
  },
  "10281": {
    "HEADICON": "chengyu_1"
  },
  "12161": {
    "HEADICON": "pangtong_1"
  },
  "10001": {
    "HEADICON": "caoren_1"
  },
  "16021": {
    "HEADICON": "menghuo_1"
  },
  "17081": {
    "HEADICON": "simayan_1"
  },
  "16041": {
    "HEADICON": "lvlingqi_1"
  },
  "18021": {
    "HEADICON": "shangshanqianxin_1"
  },
  "12081": {
    "HEADICON": "machao_1"
  },
  "10161": {
    "HEADICON": "jiaxu_1"
  },
  "12061": {
    "HEADICON": "zhaoyun_1"
  },
  "16321": {
    "HEADICON": "wenpin_1"
  },
  "10221": {
    "HEADICON": "pangde_1"
  },
  "14401": {
    "HEADICON": "sunjian_1"
  },
  "10241": {
    "HEADICON": "dengai_1"
  },
  "14421": {
    "HEADICON": "chengpu_1"
  },
  "16341": {
    "HEADICON": "yuanshu_1"
  },
  "17101": {
    "HEADICON": "jinjun_1"
  },
  "12341": {
    "HEADICON": "jianyong_1"
  },
  "10441": {
    "HEADICON": "xvhuang_1"
  },
  "14341": {
    "HEADICON": "handang_1"
  },
  "17061": {
    "HEADICON": "hanxiandi_1"
  },
  "16101": {
    "HEADICON": "yuji_1"
  },
  "12401": {
    "HEADICON": "maliang_1"
  },
  "12121": {
    "HEADICON": "madai_1"
  },
  "14181": {
    "HEADICON": "sunquan_1"
  },
  "10121": {
    "HEADICON": "guojia_1"
  },
  "14261": {
    "HEADICON": "xiaoqiao_1"
  },
  "10041": {
    "HEADICON": "zhangliao_1"
  },
  "12261": {
    "HEADICON": "jiangwei_1"
  },
  "10141": {
    "HEADICON": "simayi_1"
  },
  "16441": {
    "HEADICON": "zuoci_1"
  },
  "14081": {
    "HEADICON": "sunshangxiang_1"
  },
  "10321": {
    "HEADICON": "caoxiu_1"
  },
  "16281": {
    "HEADICON": "yuanshao_1"
  },
  "14321": {
    "HEADICON": "sunxiu_1"
  },
  "17121": {
    "HEADICON": "liuxiu_1"
  },
  "10181": {
    "HEADICON": "xunyu_1"
  },
  "16401": {
    "HEADICON": "huangjinjun_1"
  },
  "16141": {
    "HEADICON": "chengong_1"
  },
  "14001": {
    "HEADICON": "sunce_1"
  },
  "14381": {
    "HEADICON": "xuezhe_1"
  },
  "10381": {
    "HEADICON": "liuye_1"
  },
  "14241": {
    "HEADICON": "lukang_1"
  },
  "16421": {
    "HEADICON": "liru_1"
  },
  "10101": {
    "HEADICON": "xiahouyuan_1"
  },
  "12001": {
    "HEADICON": "zhangfei_1"
  },
  "14301": {
    "HEADICON": "zhoutai_1"
  }
}