{
  "31003": {
    "QUALITY": 4,
    "INTRO": "Sử dụng nhận được 4 kiện Sử Thi Cửu Long",
    "EXID": "gift_31003",
    "ITEMS": [
      {
        "COUNT": 1,
        "GSID": 33010
      },
      {
        "COUNT": 1,
        "GSID": 33110
      },
      {
        "COUNT": 1,
        "GSID": 33210
      },
      {
        "COUNT": 1,
        "GSID": 33310
      }
    ],
    "ICON": 31003,
    "NAME": "九龙装备礼包",
    "NAME_VN": "Gói Quà Cửu Long"
  },
  "31005": {
    "QUALITY": 5,
    "INTRO": "Sử dụng nhận được 4 kiện Truyền Thuyết Bách Thú",
    "EXID": "gift_31005",
    "ITEMS": [
      {
        "COUNT": 1,
        "GSID": 33012
      },
      {
        "COUNT": 1,
        "GSID": 33112
      },
      {
        "COUNT": 1,
        "GSID": 33212
      },
      {
        "COUNT": 1,
        "GSID": 33312
      }
    ],
    "ICON": 31005,
    "NAME": "百兽装备礼包",
    "NAME_VN": "Gói Quà Bách Thú"
  },
  "31007": {
    "QUALITY": 5,
    "INTRO": "Sử dụng nhận được 4 kiện Truyền Thuyết Lục Đạo",
    "EXID": "gift_31007",
    "ITEMS": [
      {
        "COUNT": 1,
        "GSID": 33014
      },
      {
        "COUNT": 1,
        "GSID": 33114
      },
      {
        "COUNT": 1,
        "GSID": 33214
      },
      {
        "COUNT": 1,
        "GSID": 33314
      }
    ],
    "ICON": 31007,
    "NAME": "六道装备礼包",
    "NAME_VN": "Gói Quà Lục Đạo"
  },
  "31016": {
    "QUALITY": 6,
    "INTRO": "Sử dụng nhận được 10000 KNB",
    "EXID": "gift_31016",
    "ITEMS": [
      {
        "COUNT": 1000,
        "GSID": 100016
      }
    ],
    "ICON": 31016,
    "NAME": "1000元充值卡",
    "NAME_VN": "Thiệp 10000 KNB"
  },
  "31002": {
    "QUALITY": 4,
    "INTRO": "Sử dụng nhận được 4 kiện Sử Thi Thất Tinh",
    "EXID": "gift_31002",
    "ITEMS": [
      {
        "COUNT": 1,
        "GSID": 33009
      },
      {
        "COUNT": 1,
        "GSID": 33109
      },
      {
        "COUNT": 1,
        "GSID": 33209
      },
      {
        "COUNT": 1,
        "GSID": 33309
      }
    ],
    "ICON": 31002,
    "NAME": "七星装备礼包",
    "NAME_VN": "Gói Quà Thất Tinh"
  },
  "31004": {
    "QUALITY": 4,
    "INTRO": "Sử dụng nhận được 4 kiện Sử Thi Kỳ Lân",
    "EXID": "gift_31004",
    "ITEMS": [
      {
        "COUNT": 1,
        "GSID": 33011
      },
      {
        "COUNT": 1,
        "GSID": 33111
      },
      {
        "COUNT": 1,
        "GSID": 33211
      },
      {
        "COUNT": 1,
        "GSID": 33311
      }
    ],
    "ICON": 31004,
    "NAME": "麒麟装备礼包",
    "NAME_VN": "Gói Quà Kỳ Lân"
  },
  "31013": {
    "QUALITY": 6,
    "INTRO": "Sử dụng nhận được 500 KNB",
    "EXID": "gift_31013",
    "ITEMS": [
      {
        "COUNT": 50,
        "GSID": 100016
      }
    ],
    "ICON": 31013,
    "NAME": "50元充值卡",
    "NAME_VN": "Thiệp 500 KNB"
  },
  "31001": {
    "QUALITY": 4,
    "INTRO": "Sử dụng nhận được 4 kiện Sử Thi Long Lân",
    "EXID": "gift_31001",
    "ITEMS": [
      {
        "COUNT": 1,
        "GSID": 33008
      },
      {
        "COUNT": 1,
        "GSID": 33108
      },
      {
        "COUNT": 1,
        "GSID": 33208
      },
      {
        "COUNT": 1,
        "GSID": 33308
      }
    ],
    "ICON": 31001,
    "NAME": "龙鳞装备礼包",
    "NAME_VN": "Gói Quà Long Lân"
  },
  "31012": {
    "QUALITY": 6,
    "INTRO": "Sử dụng nhận được 100 KNB",
    "EXID": "gift_31012",
    "ITEMS": [
      {
        "COUNT": 10,
        "GSID": 100016
      }
    ],
    "ICON": 31012,
    "NAME": "10元充值卡",
    "NAME_VN": "Thiệp 100 KNB"
  },
  "31011": {
    "QUALITY": 6,
    "INTRO": "Sử dụng nhận được 50 KNB",
    "EXID": "gift_31011",
    "ITEMS": [
      {
        "COUNT": 5,
        "GSID": 100016
      }
    ],
    "ICON": 31011,
    "NAME": "5元充值卡",
    "NAME_VN": "Thiệp 50 KNB"
  },
  "31008": {
    "QUALITY": 5,
    "INTRO": "Sử dụng nhận được 4 kiện Truyền Thuyết Bàn Cổ",
    "EXID": "gift_31008",
    "ITEMS": [
      {
        "COUNT": 1,
        "GSID": 33015
      },
      {
        "COUNT": 1,
        "GSID": 33115
      },
      {
        "COUNT": 1,
        "GSID": 33215
      },
      {
        "COUNT": 1,
        "GSID": 33315
      }
    ],
    "ICON": 31008,
    "NAME": "盘古装备礼包",
    "NAME_VN": "Gói Quà Bàn Cổ"
  },
  "31014": {
    "QUALITY": 6,
    "INTRO": "Sử dụng nhận được 1000 KNB",
    "EXID": "gift_31014",
    "ITEMS": [
      {
        "COUNT": 100,
        "GSID": 100016
      }
    ],
    "ICON": 31014,
    "NAME": "100元充值卡",
    "NAME_VN": "Thiệp 1000KNB"
  },
  "31006": {
    "QUALITY": 5,
    "INTRO": "Sử dụng nhận được 4 kiện Truyền Thuyết Phạn Thiên",
    "EXID": "gift_31006",
    "ITEMS": [
      {
        "COUNT": 1,
        "GSID": 33013
      },
      {
        "COUNT": 1,
        "GSID": 33113
      },
      {
        "COUNT": 1,
        "GSID": 33213
      },
      {
        "COUNT": 1,
        "GSID": 33313
      }
    ],
    "ICON": 31006,
    "NAME": "梵天装备礼包",
    "NAME_VN": "Gói Quà Phạn Thiên"
  },
  "31015": {
    "QUALITY": 6,
    "INTRO": "Sử dụng nhận được 5000 KNB",
    "EXID": "gift_31015",
    "ITEMS": [
      {
        "COUNT": 500,
        "GSID": 100016
      }
    ],
    "ICON": 31015,
    "NAME": "500元充值卡",
    "NAME_VN": "Thiệp 5000 KNB"
  }
}