{
  "1010,1011": {
    "road": [
      2006,
      2005,
      2007
    ]
  },
  "1009,1003": {
    "road": [
      2005
    ]
  },
  "1016,1018": {
    "road": [
      2013,
      2012
    ]
  },
  "1016,1013": {
    "road": []
  },
  "2018": {
    "pos": {
      "y": 784,
      "x": 480
    }
  },
  "1003,1010": {
    "road": [
      2005,
      2006
    ]
  },
  "1012,1017": {
    "road": [
      2010
    ]
  },
  "1007": {
    "near": [
      1006,
      1005,
      1008
    ],
    "pos": {
      "y": 550,
      "x": 690
    }
  },
  "2003": {
    "pos": {
      "y": -176,
      "x": -1336
    }
  },
  "1014,1013": {
    "road": []
  },
  "1017,1012": {
    "road": [
      2010
    ]
  },
  "1009,1011": {
    "road": [
      2007
    ]
  },
  "2005": {
    "pos": {
      "y": -768,
      "x": -1540
    }
  },
  "1019": {
    "near": [
      1007
    ],
    "pos": {
      "y": 800,
      "x": 1220
    }
  },
  "2002": {
    "pos": {
      "y": 130,
      "x": -1530
    }
  },
  "1006,1005": {
    "road": []
  },
  "2009": {
    "pos": {
      "y": -550,
      "x": -408
    }
  },
  "1006": {
    "near": [
      1001,
      1005,
      1007
    ],
    "pos": {
      "y": 414,
      "x": 24
    }
  },
  "1010": {
    "near": [
      1009,
      1003,
      1011
    ],
    "pos": {
      "y": -112,
      "x": -1904
    }
  },
  "1018,1017": {
    "road": [
      2012
    ]
  },
  "2014": {
    "pos": {
      "y": -88,
      "x": 436
    }
  },
  "2012": {
    "pos": {
      "y": -910,
      "x": 1382
    }
  },
  "2011": {
    "pos": {
      "y": -510,
      "x": 408
    }
  },
  "1008,1001": {
    "road": [
      2019
    ]
  },
  "1002": {
    "near": [
      1001,
      1003,
      1004
    ],
    "pos": {
      "y": 132,
      "x": -1856
    }
  },
  "1002,1003": {
    "road": [
      2003
    ]
  },
  "1005,1013": {
    "road": [
      2014
    ]
  },
  "1016": {
    "near": [
      1013,
      1018
    ],
    "pos": {
      "y": -470,
      "x": 1230
    }
  },
  "1013,1016": {
    "road": []
  },
  "1005,1007": {
    "road": [
      2016
    ]
  },
  "1002,1004": {
    "road": [
      2003,
      2004
    ]
  },
  "1011,1003": {
    "road": [
      2007
    ]
  },
  "2017": {
    "pos": {
      "y": 450,
      "x": 324
    }
  },
  "2004": {
    "pos": {
      "y": -288,
      "x": -1022
    }
  },
  "1012,1013": {
    "road": [
      2011
    ]
  },
  "1003": {
    "near": [
      1002,
      1004,
      1009
    ],
    "pos": {
      "y": -300,
      "x": -1253
    }
  },
  "2007": {
    "pos": {
      "y": -950,
      "x": -1136
    }
  },
  "1015,1007": {
    "road": []
  },
  "1001,1008": {
    "road": [
      2019
    ]
  },
  "2010": {
    "pos": {
      "y": -1024,
      "x": 450
    }
  },
  "1009,1010": {
    "road": [
      2005,
      2006
    ]
  },
  "1007,1005": {
    "road": [
      2016
    ]
  },
  "2019": {
    "pos": {
      "y": 888,
      "x": -390
    }
  },
  "1004,1005": {
    "road": []
  },
  "2001": {
    "pos": {
      "y": 514,
      "x": -1220
    }
  },
  "1015": {
    "near": [
      1014,
      1007
    ],
    "pos": {
      "y": 280,
      "x": 1240
    }
  },
  "1013,1012": {
    "road": [
      2011
    ]
  },
  "1002,1001": {
    "road": [
      2002,
      2001
    ]
  },
  "1003,1002": {
    "road": [
      2003,
      2002
    ]
  },
  "1012,1004": {
    "road": [
      2009
    ]
  },
  "1006,1013": {
    "road": [
      2014
    ]
  },
  "1013": {
    "near": [
      1012,
      1005,
      1014
    ],
    "pos": {
      "y": -310,
      "x": 750
    }
  },
  "1010,1009": {
    "road": [
      2006,
      2005
    ]
  },
  "1006,1001": {
    "road": [
      2015
    ]
  },
  "1001": {
    "near": [
      1002,
      1008,
      1006
    ],
    "pos": {
      "y": 576,
      "x": -828
    }
  },
  "1011": {
    "near": [
      1009,
      1012,
      1010
    ],
    "pos": {
      "y": -1185,
      "x": -470
    }
  },
  "1013,1014": {
    "road": []
  },
  "1017,1018": {
    "road": [
      2012
    ]
  },
  "1005,1006": {
    "road": []
  },
  "2016": {
    "pos": {
      "y": 224,
      "x": 316
    }
  },
  "1011,1009": {
    "road": [
      2007
    ]
  },
  "1005": {
    "near": [
      1001,
      1004,
      1013
    ],
    "pos": {
      "y": 31,
      "x": -117
    }
  },
  "2008": {
    "pos": {
      "y": -940,
      "x": -178
    }
  },
  "1018": {
    "near": [
      1017,
      1016
    ],
    "pos": {
      "y": -915,
      "x": 1660
    }
  },
  "1011,1010": {
    "road": [
      2007,
      2005,
      2006
    ]
  },
  "1004,1002": {
    "road": [
      2004,
      2003
    ]
  },
  "1003,1011": {
    "road": [
      2007
    ]
  },
  "1003,1004": {
    "road": [
      2004
    ]
  },
  "1017": {
    "near": [
      1012,
      1018
    ],
    "pos": {
      "y": -1160,
      "x": 900
    }
  },
  "2015": {
    "pos": {
      "y": 340,
      "x": -432
    }
  },
  "1007,1015": {
    "road": []
  },
  "1008": {
    "near": [
      1007,
      1001
    ],
    "pos": {
      "y": 1020,
      "x": 110
    }
  },
  "1006,1007": {
    "road": [
      2017
    ]
  },
  "1001,1005": {
    "road": [
      2015
    ]
  },
  "1001,1002": {
    "road": [
      2001,
      2002
    ]
  },
  "1014,1015": {
    "road": []
  },
  "1018,1016": {
    "road": [
      2012,
      2013
    ]
  },
  "1010,1003": {
    "road": [
      2006,
      2005
    ]
  },
  "1012": {
    "near": [
      1011,
      1004,
      1013
    ],
    "pos": {
      "y": -966,
      "x": 190
    }
  },
  "1015,1014": {
    "road": []
  },
  "2013": {
    "pos": {
      "y": -740,
      "x": 1234
    }
  },
  "1007,1006": {
    "road": [
      2017
    ]
  },
  "1001,1006": {
    "road": [
      2015
    ]
  },
  "1007,1019": {
    "road": []
  },
  "1014": {
    "near": [
      1015,
      1013
    ],
    "pos": {
      "y": -72,
      "x": 1268
    }
  },
  "1004,1003": {
    "road": [
      2004
    ]
  },
  "1004": {
    "near": [
      1003,
      1005,
      1012
    ],
    "pos": {
      "y": -234,
      "x": -658
    }
  },
  "1005,1004": {
    "road": []
  },
  "1019,1007": {
    "road": []
  },
  "1013,1005": {
    "road": [
      2014
    ]
  },
  "1003,1009": {
    "road": [
      2005
    ]
  },
  "1008,1007": {
    "road": [
      2018
    ]
  },
  "2006": {
    "pos": {
      "y": -364,
      "x": -1954
    }
  },
  "1004,1012": {
    "road": [
      2009
    ]
  },
  "1012,1011": {
    "road": [
      2008
    ]
  },
  "1007,1008": {
    "road": [
      2018
    ]
  },
  "1009": {
    "near": [
      1003,
      1010,
      1011
    ],
    "pos": {
      "y": -1006,
      "x": -1670
    }
  },
  "1005,1001": {
    "road": [
      2015
    ]
  },
  "1011,1012": {
    "road": [
      2008
    ]
  }
}