{
  "52228": {
    "MODELPATH": "huatuo_2",
    "HEADICON": "huatuo_1",
    "TYPE": 3,
    "NAME": "华佗",
    "NAME_VN": "Hoa Đà",
    "IMAGEID": 52228,
    "INTRO": "Mở khóa khi nhận được 10 sao Hoa Đà.",
    "TIMELIMIT": -1,
    "STAR": 10
  },
  "52205": {
    "MODELPATH": "ganning_2",
    "HEADICON": "ganning_1",
    "TYPE": 3,
    "NAME": "甘宁",
    "NAME_VN": "Cam Ninh",
    "IMAGEID": 52205,
    "INTRO": "Mở khóa khi nhận được 10 sao Cam Ninh.",
    "TIMELIMIT": -1,
    "STAR": 10
  },
  "52244": {
    "MODELPATH": "chengpu_2",
    "HEADICON": "chengpu_1",
    "TYPE": 2,
    "NAME": "程普",
    "NAME_VN": "Trình Phổ",
    "IMAGEID": 52244,
    "INTRO": "Mở khóa khi nhận được 6 sao Trình Phổ.",
    "TIMELIMIT": -1,
    "STAR": 6
  },
  "52010": {
    "MODELPATH": "zhugejin_1",
    "HEADICON": "zhugejin_1",
    "TYPE": 1,
    "NAME": "诸葛瑾",
    "NAME_VN": "Gia Cát Cẩn",
    "IMAGEID": 52010,
    "INTRO": "Mở khóa khi nhận được Gia Cát Cẩn.",
    "TIMELIMIT": -1,
    "STAR": 2
  },
  "52082": {
    "MODELPATH": "lvlingqi_1",
    "HEADICON": "lvlingqi_1",
    "TYPE": 1,
    "NAME": "吕玲琦",
    "NAME_VN": "Lữ Linh Kỳ",
    "IMAGEID": 52082,
    "INTRO": "Mở khóa khi nhận được Lữ Linh Kỳ.",
    "TIMELIMIT": -1,
    "STAR": 5
  },
  "52170": {
    "MODELPATH": "liuxiu_2",
    "HEADICON": "liuxiu_1",
    "TYPE": 2,
    "NAME": "刘秀",
    "NAME_VN": "Lưu Tú",
    "IMAGEID": 52170,
    "INTRO": "Mở khóa khi nhận được 6 sao Lưu Tú.",
    "TIMELIMIT": -1,
    "STAR": 6
  },
  "52189": {
    "MODELPATH": "zhenji_2",
    "HEADICON": "zhenji_1",
    "TYPE": 3,
    "NAME": "甄姬",
    "NAME_VN": "Chân Cơ",
    "IMAGEID": 52189,
    "INTRO": "Mở khóa khi nhận được 10 sao Chân Cơ.",
    "TIMELIMIT": -1,
    "STAR": 10
  },
  "52232": {
    "MODELPATH": "liru_2",
    "HEADICON": "liru_1",
    "TYPE": 3,
    "NAME": "李儒",
    "NAME_VN": "Lý Nho",
    "IMAGEID": 52232,
    "INTRO": "Mở khóa khi nhận được 10 sao Lý Nho.",
    "TIMELIMIT": -1,
    "STAR": 10
  },
  "52143": {
    "MODELPATH": "lingtong_2",
    "HEADICON": "lingtong_1",
    "TYPE": 2,
    "NAME": "凌统",
    "NAME_VN": "Lăng Thống",
    "IMAGEID": 52143,
    "INTRO": "Mở khóa khi nhận được 6 sao Lăng Thống.",
    "TIMELIMIT": -1,
    "STAR": 6
  },
  "52115": {
    "MODELPATH": "zhenji_2",
    "HEADICON": "zhenji_1",
    "TYPE": 2,
    "NAME": "甄姬",
    "NAME_VN": "Chân Cơ",
    "IMAGEID": 52115,
    "INTRO": "Mở khóa khi nhận được 6 sao Chân Cơ.",
    "TIMELIMIT": -1,
    "STAR": 6
  },
  "52118": {
    "MODELPATH": "liubei_2",
    "HEADICON": "liubei_1",
    "TYPE": 2,
    "NAME": "刘备",
    "NAME_VN": "Lưu Bị",
    "IMAGEID": 52118,
    "INTRO": "Mở khóa khi nhận được 6 sao Lưu Bị.",
    "TIMELIMIT": -1,
    "STAR": 6
  },
  "52172": {
    "MODELPATH": "shangshanqianxin_2",
    "HEADICON": "shangshanqianxin_1",
    "TYPE": 2,
    "NAME": "上杉谦信",
    "NAME_VN": "Uesugi Kenshin",
    "IMAGEID": 52172,
    "INTRO": "Mở khóa khi nhận được 6 sao Uesugi Kenshin.",
    "TIMELIMIT": -1,
    "STAR": 6
  },
  "52053": {
    "MODELPATH": "xiahouyuan_1",
    "HEADICON": "xiahouyuan_1",
    "TYPE": 1,
    "NAME": "夏侯渊",
    "NAME_VN": "Hạ Hầu Uyên",
    "IMAGEID": 52053,
    "INTRO": "Mở khóa khi nhận được Hạ Hầu Uyên.",
    "TIMELIMIT": -1,
    "STAR": 5
  },
  "52219": {
    "MODELPATH": "menghuo_2",
    "HEADICON": "menghuo_1",
    "TYPE": 3,
    "NAME": "孟获",
    "NAME_VN": "Mạnh Hoạch",
    "IMAGEID": 52219,
    "INTRO": "Mở khóa khi nhận được 10 sao Mạnh Hoạch.",
    "TIMELIMIT": -1,
    "STAR": 10
  },
  "52138": {
    "MODELPATH": "luxun_2",
    "HEADICON": "luxun_1",
    "TYPE": 2,
    "NAME": "陆逊",
    "NAME_VN": "Lục Tốn",
    "IMAGEID": 52138,
    "INTRO": "Mở khóa khi nhận được 6 sao Lục Tốn.",
    "TIMELIMIT": -1,
    "STAR": 6
  },
  "52199": {
    "MODELPATH": "pangtong_2",
    "HEADICON": "pangtong_1",
    "TYPE": 3,
    "NAME": "庞统",
    "NAME_VN": "Bàng Thống",
    "IMAGEID": 52199,
    "INTRO": "Mở khóa khi nhận được 10 sao Bàng Thống.",
    "TIMELIMIT": -1,
    "STAR": 10
  },
  "52153": {
    "MODELPATH": "yuji_2",
    "HEADICON": "yuji_1",
    "TYPE": 2,
    "NAME": "于吉",
    "NAME_VN": "Vu Cát",
    "IMAGEID": 52153,
    "INTRO": "Mở khóa khi nhận được 6 sao Vu Cát.",
    "TIMELIMIT": -1,
    "STAR": 6
  },
  "52227": {
    "MODELPATH": "diaochan_2",
    "HEADICON": "diaochan_1",
    "TYPE": 3,
    "NAME": "貂蝉",
    "NAME_VN": "Điêu Thuyền",
    "IMAGEID": 52227,
    "INTRO": "Mở khóa khi nhận được 10 sao Điêu Thuyền.",
    "TIMELIMIT": -1,
    "STAR": 10
  },
  "52108": {
    "MODELPATH": "jiaxu_2",
    "HEADICON": "jiaxu_1",
    "TYPE": 2,
    "NAME": "贾诩",
    "NAME_VN": "Giả Hủ",
    "IMAGEID": 52108,
    "INTRO": "Mở khóa khi nhận được 6 sao Giả Hủ.",
    "TIMELIMIT": -1,
    "STAR": 6
  },
  "52136": {
    "MODELPATH": "sunshangxiang_2",
    "HEADICON": "sunshangxiang_1",
    "TYPE": 2,
    "NAME": "孙尚香",
    "NAME_VN": "Tôn Thượng Hương",
    "IMAGEID": 52136,
    "INTRO": "Mở khóa khi nhận được 6 sao Tôn Thượng Hương.",
    "TIMELIMIT": -1,
    "STAR": 6
  },
  "52204": {
    "MODELPATH": "sunce_2",
    "HEADICON": "sunce_1",
    "TYPE": 3,
    "NAME": "孙策",
    "NAME_VN": "Tôn Sách",
    "IMAGEID": 52204,
    "INTRO": "Mở khóa khi nhận được 10 sao Tôn Sách.",
    "TIMELIMIT": -1,
    "STAR": 10
  },
  "52077": {
    "MODELPATH": "bulianshi_1",
    "HEADICON": "bulianshi_1",
    "TYPE": 1,
    "NAME": "步练师",
    "NAME_VN": "Bộ Luyện Sư",
    "IMAGEID": 52077,
    "INTRO": "Mở khóa khi nhận được Bộ Luyện Sư.",
    "TIMELIMIT": -1,
    "STAR": 5
  },
  "52191": {
    "MODELPATH": "zhangfei_2",
    "HEADICON": "zhangfei_1",
    "TYPE": 3,
    "NAME": "张飞",
    "NAME_VN": "Trương Phi",
    "IMAGEID": 52191,
    "INTRO": "Mở khóa khi nhận được 10 sao Trương Phi.",
    "TIMELIMIT": -1,
    "STAR": 10
  },
  "52111": {
    "MODELPATH": "pangde_2",
    "HEADICON": "pangde_1",
    "TYPE": 2,
    "NAME": "庞德",
    "NAME_VN": "Bàng Đức",
    "IMAGEID": 52111,
    "INTRO": "Mở khóa khi nhận được 6 sao Bàng Đức.",
    "TIMELIMIT": -1,
    "STAR": 6
  },
  "52087": {
    "MODELPATH": "chengong_1",
    "HEADICON": "chengong_1",
    "TYPE": 1,
    "NAME": "陈宫",
    "NAME_VN": "Trần Cung",
    "IMAGEID": 52087,
    "INTRO": "Mở khóa khi nhận được Trần Cung.",
    "TIMELIMIT": -1,
    "STAR": 5
  },
  "52235": {
    "MODELPATH": "hanxin_2",
    "HEADICON": "hanxin_1",
    "TYPE": 3,
    "NAME": "韩信",
    "NAME_VN": "Hàn Tín",
    "IMAGEID": 52235,
    "INTRO": "Mở khóa khi nhận được 10 sao Hàn Tín.",
    "TIMELIMIT": -1,
    "STAR": 10
  },
  "52190": {
    "MODELPATH": "zhanghe_2",
    "HEADICON": "zhanghe_1",
    "TYPE": 3,
    "NAME": "张郃",
    "NAME_VN": "Trương Cáp",
    "IMAGEID": 52190,
    "INTRO": "Mở khóa khi nhận được 10 sao Trương Cáp.",
    "TIMELIMIT": -1,
    "STAR": 10
  },
  "52208": {
    "MODELPATH": "sunshangxiang_2",
    "HEADICON": "sunshangxiang_1",
    "TYPE": 3,
    "NAME": "孙尚香",
    "NAME_VN": "Tôn Thượng Hương",
    "IMAGEID": 52208,
    "INTRO": "Mở khóa khi nhận được 10 sao Tôn Thượng Hương.",
    "TIMELIMIT": -1,
    "STAR": 10
  },
  "52175": {
    "MODELPATH": "benduozhongsheng_2",
    "HEADICON": "benduozhongsheng_1",
    "TYPE": 2,
    "NAME": "本多忠胜",
    "NAME_VN": "Honda Tadakatsu",
    "IMAGEID": 52175,
    "INTRO": "Mở khóa khi nhận được 6 sao Honda Tadakatsu.",
    "TIMELIMIT": -1,
    "STAR": 6
  },
  "52059": {
    "MODELPATH": "zhangfei_1",
    "HEADICON": "zhangfei_1",
    "TYPE": 1,
    "NAME": "张飞",
    "NAME_VN": "Trương Phi",
    "IMAGEID": 52059,
    "INTRO": "Mở khóa khi nhận được Trương Phi.",
    "TIMELIMIT": -1,
    "STAR": 5
  },
  "52104": {
    "MODELPATH": "caocao_2",
    "HEADICON": "caocao_1",
    "TYPE": 2,
    "NAME": "曹操",
    "NAME_VN": "Tào Tháo",
    "IMAGEID": 52104,
    "INTRO": "Mở khóa khi nhận được 6 sao Tào Tháo.",
    "TIMELIMIT": -1,
    "STAR": 6
  },
  "52159": {
    "MODELPATH": "dongzhuo_2",
    "HEADICON": "dongzhuo_1",
    "TYPE": 2,
    "NAME": "董卓",
    "NAME_VN": "Đổng Trác",
    "IMAGEID": 52159,
    "INTRO": "Mở khóa khi nhận được 6 sao Đổng Trác.",
    "TIMELIMIT": -1,
    "STAR": 6
  },
  "52037": {
    "MODELPATH": "xiaoqiao_1",
    "HEADICON": "xiaoqiao_1",
    "TYPE": 1,
    "NAME": "小乔",
    "NAME_VN": "Tiểu Kiều",
    "IMAGEID": 52037,
    "INTRO": "Mở khóa khi nhận được tiểu Kiều.",
    "TIMELIMIT": -1,
    "STAR": 4
  },
  "52135": {
    "MODELPATH": "taishici_2",
    "HEADICON": "taishici_1",
    "TYPE": 2,
    "NAME": "太史慈",
    "NAME_VN": "Thái Sử Từ",
    "IMAGEID": 52135,
    "INTRO": "Mở khóa khi nhận được 6 sao Thái Sử Từ.",
    "TIMELIMIT": -1,
    "STAR": 6
  },
  "52250": {
    "MODELPATH": "xvhuang_2",
    "HEADICON": "xvhuang_1",
    "TYPE": 2,
    "NAME": "徐晃",
    "NAME_VN": "Từ Hoảng",
    "IMAGEID": 52250,
    "INTRO": "Mở khóa khi nhận được 6 sao Từ Hoảng.",
    "TIMELIMIT": -1,
    "STAR": 6
  },
  "52126": {
    "MODELPATH": "guanxing_2",
    "HEADICON": "guanxing_1",
    "TYPE": 2,
    "NAME": "关兴",
    "NAME_VN": "Quan Hưng",
    "IMAGEID": 52126,
    "INTRO": "Mở khóa khi nhận được 6 sao Quan Hưng.",
    "TIMELIMIT": -1,
    "STAR": 6
  },
  "52031": {
    "MODELPATH": "zhangxingcai_1",
    "HEADICON": "zhangxingcai_1",
    "TYPE": 1,
    "NAME": "张星彩",
    "NAME_VN": "Trương Tinh Thải",
    "IMAGEID": 52031,
    "INTRO": "Mở khóa khi nhận được trương Tinh Thải.",
    "TIMELIMIT": -1,
    "STAR": 4
  },
  "52182": {
    "MODELPATH": "xiahouyuan_2",
    "HEADICON": "xiahouyuan_1",
    "TYPE": 3,
    "NAME": "夏侯渊",
    "NAME_VN": "Hạ Hầu Uyên",
    "IMAGEID": 52182,
    "INTRO": "Mở khóa khi nhận được 10 sao Hạ Hầu Uyên.",
    "TIMELIMIT": -1,
    "STAR": 10
  },
  "52046": {
    "MODELPATH": "mingzhiguangxiu_1",
    "HEADICON": "mingzhiguangxiu_1",
    "TYPE": 1,
    "NAME": "明智光秀",
    "NAME_VN": "Akechi Mitsuhide",
    "IMAGEID": 52046,
    "INTRO": "Mở khóa khi nhận được Akechi Mitsuhide.",
    "TIMELIMIT": -1,
    "STAR": 4
  },
  "52240": {
    "MODELPATH": "fububanzang_2",
    "HEADICON": "fububanzang_1",
    "TYPE": 3,
    "NAME": "服部半藏",
    "NAME_VN": "Hattori Hanzo",
    "IMAGEID": 52240,
    "INTRO": "Mở khóa khi nhận được 10 sao Hattori Hanzo.",
    "TIMELIMIT": -1,
    "STAR": 10
  },
  "52076": {
    "MODELPATH": "lusu_1",
    "HEADICON": "lusu_1",
    "TYPE": 1,
    "NAME": "鲁肃",
    "NAME_VN": "Lỗ Túc",
    "IMAGEID": 52076,
    "INTRO": "Mở khóa khi nhận được Lỗ Túc.",
    "TIMELIMIT": -1,
    "STAR": 5
  },
  "52097": {
    "MODELPATH": "shangshanqianxin_1",
    "HEADICON": "shangshanqianxin_1",
    "TYPE": 1,
    "NAME": "上杉谦信",
    "NAME_VN": "Uesugi Kenshin",
    "IMAGEID": 52097,
    "INTRO": "Mở khóa khi nhận được Uesugi Kenshin.",
    "TIMELIMIT": -1,
    "STAR": 5
  },
  "52210": {
    "MODELPATH": "luxun_2",
    "HEADICON": "luxun_1",
    "TYPE": 3,
    "NAME": "陆逊",
    "NAME_VN": "Lục Tốn",
    "IMAGEID": 52210,
    "INTRO": "Mở khóa khi nhận được 10 sao Lục Tốn.",
    "TIMELIMIT": -1,
    "STAR": 10
  },
  "52060": {
    "MODELPATH": "liubei_1",
    "HEADICON": "liubei_1",
    "TYPE": 1,
    "NAME": "刘备",
    "NAME_VN": "Lưu Bị",
    "IMAGEID": 52060,
    "INTRO": "Mở khóa khi nhận được Lưu Bị.",
    "TIMELIMIT": -1,
    "STAR": 5
  },
  "52102": {
    "MODELPATH": "zhangliao_2",
    "HEADICON": "zhangliao_1",
    "TYPE": 2,
    "NAME": "张辽",
    "NAME_VN": "Trương Liêu",
    "IMAGEID": 52102,
    "INTRO": "Mở khóa khi nhận được 6 sao Trương Liêu.",
    "TIMELIMIT": -1,
    "STAR": 6
  },
  "52230": {
    "MODELPATH": "gongsunzan_2",
    "HEADICON": "gongsunzan_1",
    "TYPE": 3,
    "NAME": "公孙瓒",
    "NAME_VN": "Công Tôn Toản",
    "IMAGEID": 52230,
    "INTRO": "Mở khóa khi nhận được 10 sao Công Tôn Toản.",
    "TIMELIMIT": -1,
    "STAR": 10
  },
  "52018": {
    "MODELPATH": "sunxiu_1",
    "HEADICON": "sunxiu_1",
    "TYPE": 1,
    "NAME": "孙休",
    "NAME_VN": "Tôn Hưu",
    "IMAGEID": 52018,
    "INTRO": "Mở khóa khi nhận được Tôn Hưu.",
    "TIMELIMIT": -1,
    "STAR": 3
  },
  "52091": {
    "MODELPATH": "liru_1",
    "HEADICON": "liru_1",
    "TYPE": 1,
    "NAME": "李儒",
    "NAME_VN": "Lý Nho",
    "IMAGEID": 52091,
    "INTRO": "Mở khóa khi nhận được Lý Nho.",
    "TIMELIMIT": -1,
    "STAR": 5
  },
  "52211": {
    "MODELPATH": "lusu_2",
    "HEADICON": "lusu_1",
    "TYPE": 3,
    "NAME": "鲁肃",
    "NAME_VN": "Lỗ Túc",
    "IMAGEID": 52211,
    "INTRO": "Mở khóa khi nhận được 10 sao Lỗ Túc.",
    "TIMELIMIT": -1,
    "STAR": 10
  },
  "52194": {
    "MODELPATH": "zhaoyun_2",
    "HEADICON": "zhaoyun_1",
    "TYPE": 3,
    "NAME": "赵云",
    "NAME_VN": "Triệu Vân",
    "IMAGEID": 52194,
    "INTRO": "Mở khóa khi nhận được 10 sao Triệu Vân.",
    "TIMELIMIT": -1,
    "STAR": 10
  },
  "52214": {
    "MODELPATH": "lingtong_2",
    "HEADICON": "lingtong_1",
    "TYPE": 3,
    "NAME": "凌统",
    "NAME_VN": "Lăng Thống",
    "IMAGEID": 52214,
    "INTRO": "Mở khóa khi nhận được 10 sao Lăng Thống.",
    "TIMELIMIT": -1,
    "STAR": 10
  },
  "52039": {
    "MODELPATH": "dongzhuo_1",
    "HEADICON": "dongzhuo_1",
    "TYPE": 1,
    "NAME": "董卓",
    "NAME_VN": "Đổng Trác",
    "IMAGEID": 52039,
    "INTRO": "Mở khóa khi nhận được Đổng Trác.",
    "TIMELIMIT": -1,
    "STAR": 4
  },
  "52003": {
    "MODELPATH": "xuezhe_1",
    "HEADICON": "xuezhe_1",
    "TYPE": 1,
    "NAME": "学者",
    "NAME_VN": "Học Giả",
    "IMAGEID": 52003,
    "INTRO": "Mở khóa khi nhận được Học Giả.",
    "TIMELIMIT": -1,
    "STAR": 1
  },
  "52049": {
    "MODELPATH": "xuchu_1",
    "HEADICON": "xuchu_1",
    "TYPE": 1,
    "NAME": "许褚",
    "NAME_VN": "Hứa Chử",
    "IMAGEID": 52049,
    "INTRO": "Mở khóa khi nhận được Hứa Chử.",
    "TIMELIMIT": -1,
    "STAR": 5
  },
  "52001": {
    "MODELPATH": "qiangnubing_1",
    "HEADICON": "qiangnubing_1",
    "TYPE": 1,
    "NAME": "强弩兵",
    "NAME_VN": "Cường Nỏ Binh",
    "IMAGEID": 52001,
    "INTRO": "Mở khóa khi nhận được Cường Nỏ Binh.",
    "TIMELIMIT": -1,
    "STAR": 1
  },
  "52043": {
    "MODELPATH": "liubiao_1",
    "HEADICON": "liubiao_1",
    "TYPE": 1,
    "NAME": "刘表",
    "NAME_VN": "Lưu Biểu",
    "IMAGEID": 52043,
    "INTRO": "Mở khóa khi nhận được Lưu Biểu.",
    "TIMELIMIT": -1,
    "STAR": 4
  },
  "52116": {
    "MODELPATH": "zhanghe_2",
    "HEADICON": "zhanghe_1",
    "TYPE": 2,
    "NAME": "张郃",
    "NAME_VN": "Trương Cáp",
    "IMAGEID": 52116,
    "INTRO": "Mở khóa khi nhận được 6 sao Trương Cáp.",
    "TIMELIMIT": -1,
    "STAR": 6
  },
  "52093": {
    "MODELPATH": "xiangyu_1",
    "HEADICON": "xiangyu_1",
    "TYPE": 1,
    "NAME": "项羽",
    "NAME_VN": "Hạng Vũ",
    "IMAGEID": 52093,
    "INTRO": "Mở khóa khi nhận được Hạng Vũ.",
    "TIMELIMIT": -1,
    "STAR": 5
  },
  "52185": {
    "MODELPATH": "jiaxu_2",
    "HEADICON": "jiaxu_1",
    "TYPE": 3,
    "NAME": "贾诩",
    "NAME_VN": "Giả Hủ",
    "IMAGEID": 52185,
    "INTRO": "Mở khóa khi nhận được 10 sao Giả Hủ.",
    "TIMELIMIT": -1,
    "STAR": 10
  },
  "52217": {
    "MODELPATH": "sunjian_2",
    "HEADICON": "sunjian_1",
    "TYPE": 3,
    "NAME": "孙坚",
    "NAME_VN": "Tôn Kiên",
    "IMAGEID": 52217,
    "INTRO": "Mở khóa khi nhận được 10 sao Tôn Kiên.",
    "TIMELIMIT": -1,
    "STAR": 10
  },
  "52239": {
    "MODELPATH": "shangshanqianxin_2",
    "HEADICON": "shangshanqianxin_1",
    "TYPE": 3,
    "NAME": "上杉谦信",
    "NAME_VN": "Uesugi Kenshin",
    "IMAGEID": 52239,
    "INTRO": "Mở khóa khi nhận được 10 sao Uesugi Kenshin.",
    "TIMELIMIT": -1,
    "STAR": 10
  },
  "52243": {
    "MODELPATH": "chengpu_1",
    "HEADICON": "chengpu_1",
    "TYPE": 1,
    "NAME": "程普",
    "NAME_VN": "Trình Phổ",
    "IMAGEID": 52243,
    "INTRO": "Mở khóa khi nhận được Trình Phổ.",
    "TIMELIMIT": -1,
    "STAR": 5
  },
  "52202": {
    "MODELPATH": "jiangwei_2",
    "HEADICON": "jiangwei_1",
    "TYPE": 3,
    "NAME": "姜维",
    "NAME_VN": "Khương Duy",
    "IMAGEID": 52202,
    "INTRO": "Mở khóa khi nhận được 10 sao Khương Duy.",
    "TIMELIMIT": -1,
    "STAR": 10
  },
  "52212": {
    "MODELPATH": "bulianshi_2",
    "HEADICON": "bulianshi_1",
    "TYPE": 3,
    "NAME": "步练师",
    "NAME_VN": "Bộ Luyện Sư",
    "IMAGEID": 52212,
    "INTRO": "Mở khóa khi nhận được 10 sao Bộ Luyện Sư.",
    "TIMELIMIT": -1,
    "STAR": 10
  },
  "52209": {
    "MODELPATH": "zhouyu_2",
    "HEADICON": "zhouyu_1",
    "TYPE": 3,
    "NAME": "周瑜",
    "NAME_VN": "Chu Du",
    "IMAGEID": 52209,
    "INTRO": "Mở khóa khi nhận được 10 sao Chu Du.",
    "TIMELIMIT": -1,
    "STAR": 10
  },
  "52013": {
    "MODELPATH": "caoxiu_1",
    "HEADICON": "caoxiu_1",
    "TYPE": 1,
    "NAME": "曹休",
    "NAME_VN": "Tào Hưu",
    "IMAGEID": 52013,
    "INTRO": "Mở khóa khi nhận được Tào Hưu.",
    "TIMELIMIT": -1,
    "STAR": 3
  },
  "52222": {
    "MODELPATH": "zhurong_2",
    "HEADICON": "zhurong_1",
    "TYPE": 3,
    "NAME": "祝融",
    "NAME_VN": "Chúc Dung",
    "IMAGEID": 52222,
    "INTRO": "Mở khóa khi nhận được 10 sao Chúc Dung.",
    "TIMELIMIT": -1,
    "STAR": 10
  },
  "52057": {
    "MODELPATH": "xunyu_1",
    "HEADICON": "xunyu_1",
    "TYPE": 1,
    "NAME": "荀彧",
    "NAME_VN": "Tuân Úc",
    "IMAGEID": 52057,
    "INTRO": "Mở khóa khi nhận được Tuân Úc.",
    "TIMELIMIT": -1,
    "STAR": 5
  },
  "52065": {
    "MODELPATH": "madai_1",
    "HEADICON": "madai_1",
    "TYPE": 1,
    "NAME": "马岱",
    "NAME_VN": "Mã Đại",
    "IMAGEID": 52065,
    "INTRO": "Mở khóa khi nhận được Mã Đại.",
    "TIMELIMIT": -1,
    "STAR": 5
  },
  "52081": {
    "MODELPATH": "menghuo_1",
    "HEADICON": "menghuo_1",
    "TYPE": 1,
    "NAME": "孟获",
    "NAME_VN": "Mạnh Hoạch",
    "IMAGEID": 52081,
    "INTRO": "Mở khóa khi nhận được Mạnh Hoạch.",
    "TIMELIMIT": -1,
    "STAR": 5
  },
  "52195": {
    "MODELPATH": "machao_2",
    "HEADICON": "machao_1",
    "TYPE": 3,
    "NAME": "马超",
    "NAME_VN": "Mã Siêu",
    "IMAGEID": 52195,
    "INTRO": "Mở khóa khi nhận được 10 sao Mã Siêu.",
    "TIMELIMIT": -1,
    "STAR": 10
  },
  "52197": {
    "MODELPATH": "madai_2",
    "HEADICON": "madai_1",
    "TYPE": 3,
    "NAME": "马岱",
    "NAME_VN": "Mã Đại",
    "IMAGEID": 52197,
    "INTRO": "Mở khóa khi nhận được 10 sao Mã Đại.",
    "TIMELIMIT": -1,
    "STAR": 10
  },
  "52215": {
    "MODELPATH": "xiaoqiao_2",
    "HEADICON": "xiaoqiao_1",
    "TYPE": 3,
    "NAME": "小乔",
    "NAME_VN": "Tiểu Kiều",
    "IMAGEID": 52215,
    "INTRO": "Mở khóa khi nhận được 10 sao tiểu Kiều.",
    "TIMELIMIT": -1,
    "STAR": 10
  },
  "52216": {
    "MODELPATH": "daqiao_2",
    "HEADICON": "daqiao_1",
    "TYPE": 3,
    "NAME": "大乔",
    "NAME_VN": "Đại Kiều",
    "IMAGEID": 52216,
    "INTRO": "Mở khóa khi nhận được 10 sao Đại Kiều.",
    "TIMELIMIT": -1,
    "STAR": 10
  },
  "52005": {
    "MODELPATH": "lejin_1",
    "HEADICON": "lejin_1",
    "TYPE": 1,
    "NAME": "乐进",
    "NAME_VN": "Nhạc Tiến",
    "IMAGEID": 52005,
    "INTRO": "Mở khóa khi nhận được Nhạc Tiến.",
    "TIMELIMIT": -1,
    "STAR": 2
  },
  "52062": {
    "MODELPATH": "zhaoyun_1",
    "HEADICON": "zhaoyun_1",
    "TYPE": 1,
    "NAME": "赵云",
    "NAME_VN": "Triệu Vân",
    "IMAGEID": 52062,
    "INTRO": "Mở khóa khi nhận được Triệu Vân.",
    "TIMELIMIT": -1,
    "STAR": 5
  },
  "52251": {
    "MODELPATH": "xvhuang_2",
    "HEADICON": "xvhuang_1",
    "TYPE": 3,
    "NAME": "徐晃",
    "NAME_VN": "Từ Hoảng",
    "IMAGEID": 52251,
    "INTRO": "Mở khóa khi nhận được 10 sao Từ Hoảng.",
    "TIMELIMIT": -1,
    "STAR": 10
  },
  "52186": {
    "MODELPATH": "xunyu_2",
    "HEADICON": "xunyu_1",
    "TYPE": 3,
    "NAME": "荀彧",
    "NAME_VN": "Tuân Úc",
    "IMAGEID": 52186,
    "INTRO": "Mở khóa khi nhận được 10 sao Tuân Úc.",
    "TIMELIMIT": -1,
    "STAR": 10
  },
  "52246": {
    "MODELPATH": "maliang_1",
    "HEADICON": "maliang_1",
    "TYPE": 1,
    "NAME": "马良",
    "NAME_VN": "Mã Lương",
    "IMAGEID": 52246,
    "INTRO": "Mở khóa khi nhận được Mã Lương.",
    "TIMELIMIT": -1,
    "STAR": 5
  },
  "52090": {
    "MODELPATH": "huatuo_1",
    "HEADICON": "huatuo_1",
    "TYPE": 1,
    "NAME": "华佗",
    "NAME_VN": "Hoa Đà",
    "IMAGEID": 52090,
    "INTRO": "Mở khóa khi nhận được Hoa Đà.",
    "TIMELIMIT": -1,
    "STAR": 5
  },
  "52040": {
    "MODELPATH": "gaoshun_1",
    "HEADICON": "gaoshun_1",
    "TYPE": 1,
    "NAME": "高顺",
    "NAME_VN": "Cao Thuận",
    "IMAGEID": 52040,
    "INTRO": "Mở khóa khi nhận được Cao Thuận.",
    "TIMELIMIT": -1,
    "STAR": 4
  },
  "52254": {
    "MODELPATH": "zuoci_2",
    "HEADICON": "zuoci_1",
    "TYPE": 3,
    "NAME": "左慈",
    "NAME_VN": "Tả Từ",
    "IMAGEID": 52254,
    "INTRO": "Mở khóa khi nhận được 10 sao Tả Từ.",
    "TIMELIMIT": -1,
    "STAR": 10
  },
  "52141": {
    "MODELPATH": "sunquan_2",
    "HEADICON": "sunquan_1",
    "TYPE": 2,
    "NAME": "孙权",
    "NAME_VN": "Tôn Quyền",
    "IMAGEID": 52141,
    "INTRO": "Mở khóa khi nhận được 6 sao Tôn Quyền.",
    "TIMELIMIT": -1,
    "STAR": 6
  },
  "52132": {
    "MODELPATH": "sunce_2",
    "HEADICON": "sunce_1",
    "TYPE": 2,
    "NAME": "孙策",
    "NAME_VN": "Tôn Sách",
    "IMAGEID": 52132,
    "INTRO": "Mở khóa khi nhận được 6 sao Tôn Sách.",
    "TIMELIMIT": -1,
    "STAR": 6
  },
  "52023": {
    "MODELPATH": "dianwei_1",
    "HEADICON": "dianwei_1",
    "TYPE": 1,
    "NAME": "典韦",
    "NAME_VN": "Điển Vi",
    "IMAGEID": 52023,
    "INTRO": "Mở khóa khi nhận được Điển Vi.",
    "TIMELIMIT": -1,
    "STAR": 4
  },
  "52092": {
    "MODELPATH": "liubang_1",
    "HEADICON": "liubang_1",
    "TYPE": 1,
    "NAME": "刘邦",
    "NAME_VN": "Lưu Bang",
    "IMAGEID": 52092,
    "INTRO": "Mở khóa khi nhận được Lưu Bang.",
    "TIMELIMIT": -1,
    "STAR": 5
  },
  "52192": {
    "MODELPATH": "liubei_2",
    "HEADICON": "liubei_1",
    "TYPE": 3,
    "NAME": "刘备",
    "NAME_VN": "Lưu Bị",
    "IMAGEID": 52192,
    "INTRO": "Mở khóa khi nhận được 10 sao Lưu Bị.",
    "TIMELIMIT": -1,
    "STAR": 10
  },
  "52198": {
    "MODELPATH": "zhugeliang_2",
    "HEADICON": "zhugeliang_1",
    "TYPE": 3,
    "NAME": "诸葛亮",
    "NAME_VN": "Gia Cát Lượng",
    "IMAGEID": 52198,
    "INTRO": "Mở khóa khi nhận được 10 sao Gia Cát Lượng.",
    "TIMELIMIT": -1,
    "STAR": 10
  },
  "52151": {
    "MODELPATH": "huaxiong_2",
    "HEADICON": "huaxiong_1",
    "TYPE": 2,
    "NAME": "华雄",
    "NAME_VN": "Hoa Hùng",
    "IMAGEID": 52151,
    "INTRO": "Mở khóa khi nhận được 6 sao Hoa Hùng.",
    "TIMELIMIT": -1,
    "STAR": 6
  },
  "52044": {
    "MODELPATH": "hanxiandi_1",
    "HEADICON": "hanxiandi_1",
    "TYPE": 1,
    "NAME": "汉献帝",
    "NAME_VN": "Hán Hiến Đế",
    "IMAGEID": 52044,
    "INTRO": "Mở khóa khi nhận được Hán Hiến Đế.",
    "TIMELIMIT": -1,
    "STAR": 4
  },
  "52248": {
    "MODELPATH": "maliang_2",
    "HEADICON": "maliang_1",
    "TYPE": 3,
    "NAME": "马良",
    "NAME_VN": "Mã Lương",
    "IMAGEID": 52248,
    "INTRO": "Mở khóa khi nhận được 10 sao Mã Lương.",
    "TIMELIMIT": -1,
    "STAR": 10
  },
  "52117": {
    "MODELPATH": "zhangfei_2",
    "HEADICON": "zhangfei_1",
    "TYPE": 2,
    "NAME": "张飞",
    "NAME_VN": "Trương Phi",
    "IMAGEID": 52117,
    "INTRO": "Mở khóa khi nhận được 6 sao Trương Phi.",
    "TIMELIMIT": -1,
    "STAR": 6
  },
  "52079": {
    "MODELPATH": "sunjian_1",
    "HEADICON": "sunjian_1",
    "TYPE": 1,
    "NAME": "孙坚",
    "NAME_VN": "Tôn Kiên",
    "IMAGEID": 52079,
    "INTRO": "Mở khóa khi nhận được Tôn Kiên.",
    "TIMELIMIT": -1,
    "STAR": 5
  },
  "52080": {
    "MODELPATH": "lvbu_1",
    "HEADICON": "lvbu_1",
    "TYPE": 1,
    "NAME": "吕布",
    "NAME_VN": "Lữ Bố",
    "IMAGEID": 52080,
    "INTRO": "Mở khóa khi nhận được Lữ Bố.",
    "TIMELIMIT": -1,
    "STAR": 5
  },
  "52187": {
    "MODELPATH": "pangde_2",
    "HEADICON": "pangde_1",
    "TYPE": 3,
    "NAME": "庞德",
    "NAME_VN": "Bàng Đức",
    "IMAGEID": 52187,
    "INTRO": "Mở khóa khi nhận được 10 sao Bàng Đức.",
    "TIMELIMIT": -1,
    "STAR": 10
  },
  "52020": {
    "MODELPATH": "yuanshu_1",
    "HEADICON": "yuanshu_1",
    "TYPE": 1,
    "NAME": "袁术",
    "NAME_VN": "Viên Thuật",
    "IMAGEID": 52020,
    "INTRO": "Mở khóa khi nhận được Viên Thuật.",
    "TIMELIMIT": -1,
    "STAR": 3
  },
  "52088": {
    "MODELPATH": "zhangjiao_1",
    "HEADICON": "zhangjiao_1",
    "TYPE": 1,
    "NAME": "张角",
    "NAME_VN": "Trương Giác",
    "IMAGEID": 52088,
    "INTRO": "Mở khóa khi nhận được Trương Giác.",
    "TIMELIMIT": -1,
    "STAR": 5
  },
  "52166": {
    "MODELPATH": "xiangyu_2",
    "HEADICON": "xiangyu_1",
    "TYPE": 2,
    "NAME": "项羽",
    "NAME_VN": "Hạng Vũ",
    "IMAGEID": 52166,
    "INTRO": "Mở khóa khi nhận được 6 sao Hạng Vũ.",
    "TIMELIMIT": -1,
    "STAR": 6
  },
  "52193": {
    "MODELPATH": "guanyu_2",
    "HEADICON": "guanyu_1",
    "TYPE": 3,
    "NAME": "关羽",
    "NAME_VN": "Quan Vũ",
    "IMAGEID": 52193,
    "INTRO": "Mở khóa khi nhận được 10 sao Quan Vũ.",
    "TIMELIMIT": -1,
    "STAR": 10
  },
  "52095": {
    "MODELPATH": "liuxiu_2",
    "HEADICON": "liuxiu_1",
    "TYPE": 1,
    "NAME": "刘秀",
    "NAME_VN": "Lưu Tú",
    "IMAGEID": 52095,
    "INTRO": "Mở khóa khi nhận được Lưu Tú.",
    "TIMELIMIT": -1,
    "STAR": 5
  },
  "52067": {
    "MODELPATH": "pangtong_1",
    "HEADICON": "pangtong_1",
    "TYPE": 1,
    "NAME": "庞统",
    "NAME_VN": "Bàng Thống",
    "IMAGEID": 52067,
    "INTRO": "Mở khóa khi nhận được Bàng Thống.",
    "TIMELIMIT": -1,
    "STAR": 5
  },
  "52109": {
    "MODELPATH": "xunyu_2",
    "HEADICON": "xunyu_1",
    "TYPE": 2,
    "NAME": "荀彧",
    "NAME_VN": "Tuân Úc",
    "IMAGEID": 52109,
    "INTRO": "Mở khóa khi nhận được 6 sao Tuân Úc.",
    "TIMELIMIT": -1,
    "STAR": 6
  },
  "52130": {
    "MODELPATH": "jiangwei_2",
    "HEADICON": "jiangwei_1",
    "TYPE": 2,
    "NAME": "姜维",
    "NAME_VN": "Khương Duy",
    "IMAGEID": 52130,
    "INTRO": "Mở khóa khi nhận được 6 sao Khương Duy.",
    "TIMELIMIT": -1,
    "STAR": 6
  },
  "52110": {
    "MODELPATH": "dianwei_1",
    "HEADICON": "dianwei_1",
    "TYPE": 2,
    "NAME": "典韦",
    "NAME_VN": "Điển Vi",
    "IMAGEID": 52110,
    "INTRO": "Mở khóa khi nhận được 6 sao Điển Vi.",
    "TIMELIMIT": -1,
    "STAR": 6
  },
  "52019": {
    "MODELPATH": "wenpin_1",
    "HEADICON": "wenpin_1",
    "TYPE": 1,
    "NAME": "文聘",
    "NAME_VN": "Văn Sính",
    "IMAGEID": 52019,
    "INTRO": "Mở khóa khi nhận được Văn Sính.",
    "TIMELIMIT": -1,
    "STAR": 3
  },
  "52213": {
    "MODELPATH": "sunquan_2",
    "HEADICON": "sunquan_1",
    "TYPE": 3,
    "NAME": "孙权",
    "NAME_VN": "Tôn Quyền",
    "IMAGEID": 52213,
    "INTRO": "Mở khóa khi nhận được 10 sao Tôn Quyền.",
    "TIMELIMIT": -1,
    "STAR": 10
  },
  "52008": {
    "MODELPATH": "jianyong_1",
    "HEADICON": "jianyong_1",
    "TYPE": 1,
    "NAME": "简雍",
    "NAME_VN": "Giản Ung",
    "IMAGEID": 52008,
    "INTRO": "Mở khóa khi nhận được Giản Ung.",
    "TIMELIMIT": -1,
    "STAR": 2
  },
  "52054": {
    "MODELPATH": "guojia_1",
    "HEADICON": "guojia_1",
    "TYPE": 1,
    "NAME": "郭嘉",
    "NAME_VN": "Quách Gia",
    "IMAGEID": 52054,
    "INTRO": "Mở khóa khi nhận được Quách Gia.",
    "TIMELIMIT": -1,
    "STAR": 5
  },
  "52253": {
    "MODELPATH": "zuoci_2",
    "HEADICON": "zuoci_1",
    "TYPE": 2,
    "NAME": "左慈",
    "NAME_VN": "Tả Từ",
    "IMAGEID": 52253,
    "INTRO": "Mở khóa khi nhận được 6 sao Tả Từ.",
    "TIMELIMIT": -1,
    "STAR": 6
  },
  "52099": {
    "MODELPATH": "fengchenxiuji_1",
    "HEADICON": "fengchenxiuji_1",
    "TYPE": 1,
    "NAME": "丰臣秀吉",
    "NAME_VN": "Toyotomi Hideyoshi",
    "IMAGEID": 52099,
    "INTRO": "Mở khóa khi nhận được Toyotomi Hideyoshi.",
    "TIMELIMIT": -1,
    "STAR": 5
  },
  "52249": {
    "MODELPATH": "xvhuang_1",
    "HEADICON": "xvhuang_1",
    "TYPE": 1,
    "NAME": "徐晃",
    "NAME_VN": "Từ Hoảng",
    "IMAGEID": 52249,
    "INTRO": "Mở khóa khi nhận được Từ Hoảng.",
    "TIMELIMIT": -1,
    "STAR": 5
  },
  "52158": {
    "MODELPATH": "huatuo_2",
    "HEADICON": "huatuo_1",
    "TYPE": 2,
    "NAME": "华佗",
    "NAME_VN": "Hoa Đà",
    "IMAGEID": 52158,
    "INTRO": "Mở khóa khi nhận được 6 sao Hoa Đà.",
    "TIMELIMIT": -1,
    "STAR": 6
  },
  "52024": {
    "MODELPATH": "pangde_1",
    "HEADICON": "pangde_1",
    "TYPE": 1,
    "NAME": "庞德",
    "NAME_VN": "Bàng Đức",
    "IMAGEID": 52024,
    "INTRO": "Mở khóa khi nhận được Bàng Đức.",
    "TIMELIMIT": -1,
    "STAR": 4
  },
  "52114": {
    "MODELPATH": "chengyu_1",
    "HEADICON": "chengyu_1",
    "TYPE": 2,
    "NAME": "王朗",
    "NAME_VN": "Vương Lãng",
    "IMAGEID": 52114,
    "INTRO": "Mở khóa khi nhận được 6 sao Vương Lãng.",
    "TIMELIMIT": -1,
    "STAR": 6
  },
  "52106": {
    "MODELPATH": "guojia_2",
    "HEADICON": "guojia_1",
    "TYPE": 2,
    "NAME": "郭嘉",
    "NAME_VN": "Quách Gia",
    "IMAGEID": 52106,
    "INTRO": "Mở khóa khi nhận được 6 sao Quách Gia.",
    "TIMELIMIT": -1,
    "STAR": 6
  },
  "52047": {
    "MODELPATH": "benduozhongsheng_1",
    "HEADICON": "benduozhongsheng_1",
    "TYPE": 1,
    "NAME": "本多忠胜",
    "NAME_VN": "Honda Tadakatsu",
    "IMAGEID": 52047,
    "INTRO": "Mở khóa khi nhận được Honda Tadakatsu.",
    "TIMELIMIT": -1,
    "STAR": 4
  },
  "52012": {
    "MODELPATH": "liuzhang_1",
    "HEADICON": "liuzhang_1",
    "TYPE": 1,
    "NAME": "刘璋",
    "NAME_VN": "Lưu Chương",
    "IMAGEID": 52012,
    "INTRO": "Mở khóa khi nhận được Lưu Chương.",
    "TIMELIMIT": -1,
    "STAR": 2
  },
  "52223": {
    "MODELPATH": "yuji_2",
    "HEADICON": "yuji_1",
    "TYPE": 3,
    "NAME": "于吉",
    "NAME_VN": "Vu Cát",
    "IMAGEID": 52223,
    "INTRO": "Mở khóa khi nhận được 10 sao Vu Cát.",
    "TIMELIMIT": -1,
    "STAR": 10
  },
  "52154": {
    "MODELPATH": "caiwenji_2",
    "HEADICON": "caiwenji_1",
    "TYPE": 2,
    "NAME": "蔡文姬",
    "NAME_VN": "Thái Văn Cơ",
    "IMAGEID": 52154,
    "INTRO": "Thái Văn Cơ",
    "TIMELIMIT": -1,
    "STAR": 6
  },
  "52073": {
    "MODELPATH": "sunshangxiang_1",
    "HEADICON": "sunshangxiang_1",
    "TYPE": 1,
    "NAME": "孙尚香",
    "NAME_VN": "Tôn Thượng Hương",
    "IMAGEID": 52073,
    "INTRO": "Mở khóa khi nhận được Tôn Thượng Hương.",
    "TIMELIMIT": -1,
    "STAR": 5
  },
  "52196": {
    "MODELPATH": "huangzhong_2",
    "HEADICON": "huangzhong_1",
    "TYPE": 3,
    "NAME": "黄忠",
    "NAME_VN": "Hoàng Trung",
    "IMAGEID": 52196,
    "INTRO": "Mở khóa khi nhận được 10 sao Hoàng Trung.",
    "TIMELIMIT": -1,
    "STAR": 10
  },
  "52061": {
    "MODELPATH": "guanyu_1",
    "HEADICON": "guanyu_1",
    "TYPE": 1,
    "NAME": "关羽",
    "NAME_VN": "Quan Vũ",
    "IMAGEID": 52061,
    "INTRO": "Mở khóa khi nhận được Quan Vũ.",
    "TIMELIMIT": -1,
    "STAR": 5
  },
  "52221": {
    "MODELPATH": "huaxiong_2",
    "HEADICON": "huaxiong_1",
    "TYPE": 3,
    "NAME": "华雄",
    "NAME_VN": "Hoa Hùng",
    "IMAGEID": 52221,
    "INTRO": "Mở khóa khi nhận được 10 sao Hoa Hùng.",
    "TIMELIMIT": -1,
    "STAR": 10
  },
  "52229": {
    "MODELPATH": "dongzhuo_2",
    "HEADICON": "dongzhuo_1",
    "TYPE": 3,
    "NAME": "董卓",
    "NAME_VN": "Đổng Trác",
    "IMAGEID": 52229,
    "INTRO": "Mở khóa khi nhận được 10 sao Đổng Trác.",
    "TIMELIMIT": -1,
    "STAR": 10
  },
  "52084": {
    "MODELPATH": "zhurong_1",
    "HEADICON": "zhurong_1",
    "TYPE": 1,
    "NAME": "祝融",
    "NAME_VN": "Chúc Dung",
    "IMAGEID": 52084,
    "INTRO": "Mở khóa khi nhận được Chúc Dung.",
    "TIMELIMIT": -1,
    "STAR": 5
  },
  "52078": {
    "MODELPATH": "sunquan_1",
    "HEADICON": "sunquan_1",
    "TYPE": 1,
    "NAME": "孙权",
    "NAME_VN": "Tôn Quyền",
    "IMAGEID": 52078,
    "INTRO": "Mở khóa khi nhận được Tôn Quyền.",
    "TIMELIMIT": -1,
    "STAR": 5
  },
  "52121": {
    "MODELPATH": "machao_2",
    "HEADICON": "machao_1",
    "TYPE": 2,
    "NAME": "马超",
    "NAME_VN": "Mã Siêu",
    "IMAGEID": 52121,
    "INTRO": "Mở khóa khi nhận được 6 sao Mã Siêu.",
    "TIMELIMIT": -1,
    "STAR": 6
  },
  "52188": {
    "MODELPATH": "yujin_2",
    "HEADICON": "yujin_1",
    "TYPE": 3,
    "NAME": "于禁",
    "NAME_VN": "Vu Cấm",
    "IMAGEID": 52188,
    "INTRO": "Mở khóa khi nhận được 10 sao Vu Cấm.",
    "TIMELIMIT": -1,
    "STAR": 10
  },
  "52112": {
    "MODELPATH": "dengai_1",
    "HEADICON": "dengai_1",
    "TYPE": 2,
    "NAME": "邓艾",
    "NAME_VN": "Đặng Ngải",
    "IMAGEID": 52112,
    "INTRO": "Mở khóa khi nhận được 6 sao Đặng Ngải.",
    "TIMELIMIT": -1,
    "STAR": 6
  },
  "52181": {
    "MODELPATH": "caocao_2",
    "HEADICON": "caocao_1",
    "TYPE": 3,
    "NAME": "曹操",
    "NAME_VN": "Tào Tháo",
    "IMAGEID": 52181,
    "INTRO": "Mở khóa khi nhận được 10 sao Tào Tháo.",
    "TIMELIMIT": -1,
    "STAR": 10
  },
  "52123": {
    "MODELPATH": "madai_2",
    "HEADICON": "madai_1",
    "TYPE": 2,
    "NAME": "马岱",
    "NAME_VN": "Mã Đại",
    "IMAGEID": 52123,
    "INTRO": "Mở khóa khi nhận được 6 sao Mã Đại.",
    "TIMELIMIT": -1,
    "STAR": 6
  },
  "52144": {
    "MODELPATH": "lukang_1",
    "HEADICON": "lukang_1",
    "TYPE": 2,
    "NAME": "陆抗",
    "NAME_VN": "Lục Kháng",
    "IMAGEID": 52144,
    "INTRO": "Mở khóa khi nhận được 6 sao Lục Kháng.",
    "TIMELIMIT": -1,
    "STAR": 6
  },
  "52083": {
    "MODELPATH": "huaxiong_1",
    "HEADICON": "huaxiong_1",
    "TYPE": 1,
    "NAME": "华雄",
    "NAME_VN": "Hoa Hùng",
    "IMAGEID": 52083,
    "INTRO": "Mở khóa khi nhận được Hoa Hùng.",
    "TIMELIMIT": -1,
    "STAR": 5
  },
  "52052": {
    "MODELPATH": "caocao_1",
    "HEADICON": "caocao_1",
    "TYPE": 1,
    "NAME": "曹操",
    "NAME_VN": "Tào Tháo",
    "IMAGEID": 52052,
    "INTRO": "Mở khóa khi nhận được Tào Tháo.",
    "TIMELIMIT": -1,
    "STAR": 5
  },
  "52068": {
    "MODELPATH": "fazheng_1",
    "HEADICON": "fazheng_1",
    "TYPE": 1,
    "NAME": "法正",
    "NAME_VN": "Pháp Chính",
    "IMAGEID": 52068,
    "INTRO": "Mở khóa khi nhận được Pháp Chính.",
    "TIMELIMIT": -1,
    "STAR": 5
  },
  "52167": {
    "MODELPATH": "hanxin_2",
    "HEADICON": "hanxin_1",
    "TYPE": 2,
    "NAME": "韩信",
    "NAME_VN": "Hàn Tín",
    "IMAGEID": 52167,
    "INTRO": "Mở khóa khi nhận được 6 sao Hàn Tín.",
    "TIMELIMIT": -1,
    "STAR": 6
  },
  "52207": {
    "MODELPATH": "taishici_2",
    "HEADICON": "taishici_1",
    "TYPE": 3,
    "NAME": "太史慈",
    "NAME_VN": "Thái Sử Từ",
    "IMAGEID": 52207,
    "INTRO": "Mở khóa khi nhận được 10 sao Thái Sử Từ.",
    "TIMELIMIT": -1,
    "STAR": 10
  },
  "52231": {
    "MODELPATH": "liubiao_2",
    "HEADICON": "liubiao_1",
    "TYPE": 3,
    "NAME": "刘表",
    "NAME_VN": "Lưu Biểu",
    "IMAGEID": 52231,
    "INTRO": "Mở khóa khi nhận được 10 sao Lưu Biểu.",
    "TIMELIMIT": -1,
    "STAR": 10
  },
  "52051": {
    "MODELPATH": "xiahoudun_1",
    "HEADICON": "xiahoudun_1",
    "TYPE": 1,
    "NAME": "夏侯惇",
    "NAME_VN": "Hạ Hầu Đôn",
    "IMAGEID": 52051,
    "INTRO": "Mở khóa khi nhận được Hạ Hầu Đôn.",
    "TIMELIMIT": -1,
    "STAR": 5
  },
  "52119": {
    "MODELPATH": "guanyu_2",
    "HEADICON": "guanyu_1",
    "TYPE": 2,
    "NAME": "关羽",
    "NAME_VN": "Quan Vũ",
    "IMAGEID": 52119,
    "INTRO": "Mở khóa khi nhận được 6 sao Quan Vũ.",
    "TIMELIMIT": -1,
    "STAR": 6
  },
  "52206": {
    "MODELPATH": "lvmeng_2",
    "HEADICON": "lvmeng_1",
    "TYPE": 3,
    "NAME": "吕蒙",
    "NAME_VN": "Lữ Mông",
    "IMAGEID": 52206,
    "INTRO": "Mở khóa khi nhận được 10 sao Lữ Mông.",
    "TIMELIMIT": -1,
    "STAR": 10
  },
  "52145": {
    "MODELPATH": "xiaoqiao_2",
    "HEADICON": "xiaoqiao_1",
    "TYPE": 2,
    "NAME": "小乔",
    "NAME_VN": "Tiểu Kiều",
    "IMAGEID": 52145,
    "INTRO": "Mở khóa khi nhận được 6 sao tiểu Kiều.",
    "TIMELIMIT": -1,
    "STAR": 6
  },
  "52028": {
    "MODELPATH": "zhenji_1",
    "HEADICON": "zhenji_1",
    "TYPE": 1,
    "NAME": "甄姬",
    "NAME_VN": "Chân Cơ",
    "IMAGEID": 52028,
    "INTRO": "Mở khóa khi nhận được Chân Cơ.",
    "TIMELIMIT": -1,
    "STAR": 4
  },
  "52137": {
    "MODELPATH": "zhouyu_2",
    "HEADICON": "zhouyu_1",
    "TYPE": 2,
    "NAME": "周瑜",
    "NAME_VN": "Chu Du",
    "IMAGEID": 52137,
    "INTRO": "Mở khóa khi nhận được 6 sao Chu Du.",
    "TIMELIMIT": -1,
    "STAR": 6
  },
  "52147": {
    "MODELPATH": "sunjian_2",
    "HEADICON": "sunjian_1",
    "TYPE": 2,
    "NAME": "孙坚",
    "NAME_VN": "Tôn Kiên",
    "IMAGEID": 52147,
    "INTRO": "Mở khóa khi nhận được 6 sao Tôn Kiên.",
    "TIMELIMIT": -1,
    "STAR": 6
  },
  "52045": {
    "MODELPATH": "simayan_1",
    "HEADICON": "simayan_1",
    "TYPE": 1,
    "NAME": "司马炎",
    "NAME_VN": "Tư Mã Viêm",
    "IMAGEID": 52045,
    "INTRO": "Mở khóa khi nhận được Tư Mã Viêm.",
    "TIMELIMIT": -1,
    "STAR": 4
  },
  "52146": {
    "MODELPATH": "daqiao_2",
    "HEADICON": "daqiao_1",
    "TYPE": 2,
    "NAME": "大乔",
    "NAME_VN": "Đại Kiều",
    "IMAGEID": 52146,
    "INTRO": "Mở khóa khi nhận được 6 sao Đại Kiều.",
    "TIMELIMIT": -1,
    "STAR": 6
  },
  "52069": {
    "MODELPATH": "sunce_1",
    "HEADICON": "sunce_1",
    "TYPE": 1,
    "NAME": "孙策",
    "NAME_VN": "Tôn Sách",
    "IMAGEID": 52069,
    "INTRO": "Mở khóa khi nhận được Tôn Sách.",
    "TIMELIMIT": -1,
    "STAR": 5
  },
  "52184": {
    "MODELPATH": "simayi_2",
    "HEADICON": "simayi_1",
    "TYPE": 3,
    "NAME": "司马懿",
    "NAME_VN": "Tư Mã Ý",
    "IMAGEID": 52184,
    "INTRO": "Mở khóa khi nhận được 10 sao Tư Mã Ý.",
    "TIMELIMIT": -1,
    "STAR": 10
  },
  "52157": {
    "MODELPATH": "diaochan_2",
    "HEADICON": "diaochan_1",
    "TYPE": 2,
    "NAME": "貂蝉",
    "NAME_VN": "Điêu Thuyền",
    "IMAGEID": 52157,
    "INTRO": "Mở khóa khi nhận được 6 sao Điêu Thuyền.",
    "TIMELIMIT": -1,
    "STAR": 6
  },
  "52055": {
    "MODELPATH": "simayi_1",
    "HEADICON": "simayi_1",
    "TYPE": 1,
    "NAME": "司马懿",
    "NAME_VN": "Tư Mã Ý",
    "IMAGEID": 52055,
    "INTRO": "Mở khóa khi nhận được Tư Mã Ý.",
    "TIMELIMIT": -1,
    "STAR": 5
  },
  "52015": {
    "MODELPATH": "liufeng_1",
    "HEADICON": "liufeng_1",
    "TYPE": 1,
    "NAME": "刘封",
    "NAME_VN": "Lưu Phong",
    "IMAGEID": 52015,
    "INTRO": "Mở khóa khi nhận được Lưu Phong.",
    "TIMELIMIT": -1,
    "STAR": 3
  },
  "52002": {
    "MODELPATH": "daofushou_1",
    "HEADICON": "daofushou_1",
    "TYPE": 1,
    "NAME": "刀斧手",
    "NAME_VN": "Đao Phủ",
    "IMAGEID": 52002,
    "INTRO": "Mở khóa khi nhận được Đao Phủ.",
    "TIMELIMIT": -1,
    "STAR": 1
  },
  "52072": {
    "MODELPATH": "taishici_1",
    "HEADICON": "taishici_1",
    "TYPE": 1,
    "NAME": "太史慈",
    "NAME_VN": "Thái Sử Từ",
    "IMAGEID": 52072,
    "INTRO": "Mở khóa khi nhận được Thái Sử Từ.",
    "TIMELIMIT": -1,
    "STAR": 5
  },
  "52164": {
    "MODELPATH": "liru_2",
    "HEADICON": "liru_1",
    "TYPE": 2,
    "NAME": "李儒",
    "NAME_VN": "Lý Nho",
    "IMAGEID": 52164,
    "INTRO": "Mở khóa khi nhận được 6 sao Lý Nho.",
    "TIMELIMIT": -1,
    "STAR": 6
  },
  "52176": {
    "MODELPATH": "fengchenxiuji_2",
    "HEADICON": "fengchenxiuji_1",
    "TYPE": 2,
    "NAME": "丰臣秀吉",
    "NAME_VN": "Toyotomi Hideyoshi",
    "IMAGEID": 52176,
    "INTRO": "Mở khóa khi nhận được 6 sao Toyotomi Hideyoshi.",
    "TIMELIMIT": -1,
    "STAR": 6
  },
  "52098": {
    "MODELPATH": "fububanzang_1",
    "HEADICON": "fububanzang_1",
    "TYPE": 1,
    "NAME": "服部半藏",
    "NAME_VN": "Hattori Hanzo",
    "IMAGEID": 52098,
    "INTRO": "Mở khóa khi nhận được Hattori Hanzo.",
    "TIMELIMIT": -1,
    "STAR": 5
  },
  "52070": {
    "MODELPATH": "ganning_1",
    "HEADICON": "ganning_1",
    "TYPE": 1,
    "NAME": "甘宁",
    "NAME_VN": "Cam Ninh",
    "IMAGEID": 52070,
    "INTRO": "Mở khóa khi nhận được Cam Ninh.",
    "TIMELIMIT": -1,
    "STAR": 5
  },
  "52168": {
    "MODELPATH": "hanxiandi_2",
    "HEADICON": "hanxiandi_1",
    "TYPE": 2,
    "NAME": "汉献帝",
    "NAME_VN": "Hán Hiến Đế",
    "IMAGEID": 52168,
    "INTRO": "Mở khóa khi nhận được 6 sao Hán Hiến Đế.",
    "TIMELIMIT": -1,
    "STAR": 6
  },
  "52149": {
    "MODELPATH": "menghuo_2",
    "HEADICON": "menghuo_1",
    "TYPE": 2,
    "NAME": "孟获",
    "NAME_VN": "Mạnh Hoạch",
    "IMAGEID": 52149,
    "INTRO": "Mở khóa khi nhận được 6 sao Mạnh Hoạch.",
    "TIMELIMIT": -1,
    "STAR": 6
  },
  "52089": {
    "MODELPATH": "diaochan_1",
    "HEADICON": "diaochan_1",
    "TYPE": 1,
    "NAME": "貂蝉",
    "NAME_VN": "Điêu Thuyền",
    "IMAGEID": 52089,
    "INTRO": "Mở khóa khi nhận được Điêu Thuyền.",
    "TIMELIMIT": -1,
    "STAR": 5
  },
  "52177": {
    "MODELPATH": "caoren_2",
    "HEADICON": "caoren_1",
    "TYPE": 3,
    "NAME": "曹仁",
    "NAME_VN": "Tào Nhân",
    "IMAGEID": 52177,
    "INTRO": "Mở khóa khi nhận được 10 sao Tào Nhân.",
    "TIMELIMIT": -1,
    "STAR": 10
  },
  "52071": {
    "MODELPATH": "lvmeng_1",
    "HEADICON": "lvmeng_1",
    "TYPE": 1,
    "NAME": "吕蒙",
    "NAME_VN": "Lữ Mông",
    "IMAGEID": 52071,
    "INTRO": "Mở khóa khi nhận được Lữ Mông.",
    "TIMELIMIT": -1,
    "STAR": 5
  },
  "52048": {
    "MODELPATH": "caoren_1",
    "HEADICON": "caoren_1",
    "TYPE": 1,
    "NAME": "曹仁",
    "NAME_VN": "Tào Nhân",
    "IMAGEID": 52048,
    "INTRO": "Mở khóa khi nhận được Tào Nhân.",
    "TIMELIMIT": -1,
    "STAR": 5
  },
  "52122": {
    "MODELPATH": "huangzhong_2",
    "HEADICON": "huangzhong_1",
    "TYPE": 2,
    "NAME": "黄忠",
    "NAME_VN": "Hoàng Trung",
    "IMAGEID": 52122,
    "INTRO": "Mở khóa khi nhận được 6 sao Hoàng Trung.",
    "TIMELIMIT": -1,
    "STAR": 6
  },
  "52127": {
    "MODELPATH": "weiyan_2",
    "HEADICON": "weiyan_1",
    "TYPE": 2,
    "NAME": "魏延",
    "NAME_VN": "Ngụy Duyên",
    "IMAGEID": 52127,
    "INTRO": "Mở khóa khi nhận được 6 sao Ngụy Duyên.",
    "TIMELIMIT": -1,
    "STAR": 6
  },
  "52128": {
    "MODELPATH": "zhangxingcai_1",
    "HEADICON": "zhangxingcai_1",
    "TYPE": 2,
    "NAME": "张星彩",
    "NAME_VN": "Trương Tinh Thải",
    "IMAGEID": 52128,
    "INTRO": "Mở khóa khi nhận được 6 sao trương Tinh Thải.",
    "TIMELIMIT": -1,
    "STAR": 6
  },
  "52218": {
    "MODELPATH": "lvbu_2",
    "HEADICON": "lvbu_1",
    "TYPE": 3,
    "NAME": "吕布",
    "NAME_VN": "Lữ Bố",
    "IMAGEID": 52218,
    "INTRO": "Mở khóa khi nhận được 10 sao Lữ Bố.",
    "TIMELIMIT": -1,
    "STAR": 10
  },
  "52165": {
    "MODELPATH": "liubang_2",
    "HEADICON": "liubang_1",
    "TYPE": 2,
    "NAME": "刘邦",
    "NAME_VN": "Lưu Bang",
    "IMAGEID": 52165,
    "INTRO": "Mở khóa khi nhận được 6 sao Lưu Bang.",
    "TIMELIMIT": -1,
    "STAR": 6
  },
  "52133": {
    "MODELPATH": "ganning_2",
    "HEADICON": "ganning_1",
    "TYPE": 2,
    "NAME": "甘宁",
    "NAME_VN": "Cam Ninh",
    "IMAGEID": 52133,
    "INTRO": "Mở khóa khi nhận được 6 sao Cam Ninh.",
    "TIMELIMIT": -1,
    "STAR": 6
  },
  "52027": {
    "MODELPATH": "chengyu_1",
    "HEADICON": "chengyu_1",
    "TYPE": 1,
    "NAME": "王朗",
    "NAME_VN": "Vương Lãng",
    "IMAGEID": 52027,
    "INTRO": "Mở khóa khi nhận được Vương Lãng.",
    "TIMELIMIT": -1,
    "STAR": 4
  },
  "52033": {
    "MODELPATH": "jiangwei_1",
    "HEADICON": "jiangwei_1",
    "TYPE": 1,
    "NAME": "姜维",
    "NAME_VN": "Khương Duy",
    "IMAGEID": 52033,
    "INTRO": "Mở khóa khi nhận được Khương Duy.",
    "TIMELIMIT": -1,
    "STAR": 4
  },
  "52042": {
    "MODELPATH": "yuanshao_1",
    "HEADICON": "yuanshao_1",
    "TYPE": 1,
    "NAME": "袁绍",
    "NAME_VN": "Viên Thiệu",
    "IMAGEID": 52042,
    "INTRO": "Mở khóa khi nhận được Viên Thiệu.",
    "TIMELIMIT": -1,
    "STAR": 4
  },
  "52103": {
    "MODELPATH": "xiahoudun_2",
    "HEADICON": "xiahoudun_1",
    "TYPE": 2,
    "NAME": "夏侯惇",
    "NAME_VN": "Hạ Hầu Đôn",
    "IMAGEID": 52103,
    "INTRO": "Mở khóa khi nhận được 6 sao Hạ Hầu Đôn.",
    "TIMELIMIT": -1,
    "STAR": 6
  },
  "52009": {
    "MODELPATH": "handang_1",
    "HEADICON": "handang_1",
    "TYPE": 1,
    "NAME": "韩当",
    "NAME_VN": "Hàn Đương",
    "IMAGEID": 52009,
    "INTRO": "Mở khóa khi nhận được Hàn Đương.",
    "TIMELIMIT": -1,
    "STAR": 2
  },
  "52245": {
    "MODELPATH": "chengpu_2",
    "HEADICON": "chengpu_1",
    "TYPE": 3,
    "NAME": "程普",
    "NAME_VN": "Trình Phổ",
    "IMAGEID": 52245,
    "INTRO": "Mở khóa khi nhận được 10 sao Trình Phổ.",
    "TIMELIMIT": -1,
    "STAR": 10
  },
  "52120": {
    "MODELPATH": "zhaoyun_2",
    "HEADICON": "zhaoyun_1",
    "TYPE": 2,
    "NAME": "赵云",
    "NAME_VN": "Triệu Vân",
    "IMAGEID": 52120,
    "INTRO": "Mở khóa khi nhận được 6 sao Triệu Vân.",
    "TIMELIMIT": -1,
    "STAR": 6
  },
  "52237": {
    "MODELPATH": "liuxiu_2",
    "HEADICON": "liuxiu_1",
    "TYPE": 3,
    "NAME": "刘秀",
    "NAME_VN": "Lưu Tú",
    "IMAGEID": 52237,
    "INTRO": "Mở khóa khi nhận được 10 sao Lưu Tú.",
    "TIMELIMIT": -1,
    "STAR": 10
  },
  "52224": {
    "MODELPATH": "caiwenji_2",
    "HEADICON": "caiwenji_1",
    "TYPE": 3,
    "NAME": "蔡文姬",
    "NAME_VN": "Thái Văn Cơ",
    "IMAGEID": 52224,
    "INTRO": "Mở khóa khi nhận được 10 sao Thái Văn Cơ.",
    "TIMELIMIT": -1,
    "STAR": 10
  },
  "52162": {
    "MODELPATH": "yuanshao_1",
    "HEADICON": "yuanshao_1",
    "TYPE": 2,
    "NAME": "袁绍",
    "NAME_VN": "Viên Thiệu",
    "IMAGEID": 52162,
    "INTRO": "Mở khóa khi nhận được 6 sao Viên Thiệu.",
    "TIMELIMIT": -1,
    "STAR": 6
  },
  "52113": {
    "MODELPATH": "yujin_2",
    "HEADICON": "yujin_1",
    "TYPE": 2,
    "NAME": "于禁",
    "NAME_VN": "Vu Cấm",
    "IMAGEID": 52113,
    "INTRO": "Mở khóa khi nhận được 6 sao Vu Cấm.",
    "TIMELIMIT": -1,
    "STAR": 6
  },
  "52036": {
    "MODELPATH": "lukang_1",
    "HEADICON": "lukang_1",
    "TYPE": 1,
    "NAME": "陆抗",
    "NAME_VN": "Lục Kháng",
    "IMAGEID": 52036,
    "INTRO": "Mở khóa khi nhận được Lục Kháng.",
    "TIMELIMIT": -1,
    "STAR": 4
  },
  "52171": {
    "MODELPATH": "zhitianxinchang_2",
    "HEADICON": "zhitianxinchang_1",
    "TYPE": 2,
    "NAME": "织田信长",
    "NAME_VN": "Oda Nobunaga",
    "IMAGEID": 52171,
    "INTRO": "Mở khóa khi nhận được 6 sao Oda Nobunaga.",
    "TIMELIMIT": -1,
    "STAR": 6
  },
  "52034": {
    "MODELPATH": "huanggai_1",
    "HEADICON": "huanggai_1",
    "TYPE": 1,
    "NAME": "黄盖",
    "NAME_VN": "Hoàng Cái",
    "IMAGEID": 52034,
    "INTRO": "Mở khóa khi nhận được Hoàng Cái.",
    "TIMELIMIT": -1,
    "STAR": 4
  },
  "52139": {
    "MODELPATH": "lusu_2",
    "HEADICON": "lusu_1",
    "TYPE": 2,
    "NAME": "鲁肃",
    "NAME_VN": "Lỗ Túc",
    "IMAGEID": 52139,
    "INTRO": "Mở khóa khi nhận được 6 sao Lỗ Túc.",
    "TIMELIMIT": -1,
    "STAR": 6
  },
  "52006": {
    "MODELPATH": "liuye_1",
    "HEADICON": "liuye_1",
    "TYPE": 1,
    "NAME": "刘晔",
    "NAME_VN": "Lưu Diệp",
    "IMAGEID": 52006,
    "INTRO": "Mở khóa khi nhận được Lưu Diệp.",
    "TIMELIMIT": -1,
    "STAR": 2
  },
  "52086": {
    "MODELPATH": "caiwenji_1",
    "HEADICON": "caiwenji_1",
    "TYPE": 1,
    "NAME": "蔡文姬",
    "NAME_VN": "Thái Văn Cơ",
    "IMAGEID": 52086,
    "INTRO": "Mở khóa khi nhận được Thái Văn Cơ.",
    "TIMELIMIT": -1,
    "STAR": 5
  },
  "52063": {
    "MODELPATH": "machao_1",
    "HEADICON": "machao_1",
    "TYPE": 1,
    "NAME": "马超",
    "NAME_VN": "Mã Siêu",
    "IMAGEID": 52063,
    "INTRO": "Mở khóa khi nhận được Mã Siêu.",
    "TIMELIMIT": -1,
    "STAR": 5
  },
  "52148": {
    "MODELPATH": "lvbu_2",
    "HEADICON": "lvbu_1",
    "TYPE": 2,
    "NAME": "吕布",
    "NAME_VN": "Lữ Bố",
    "IMAGEID": 52148,
    "INTRO": "Mở khóa khi nhận được 6 sao Lữ Bố.",
    "TIMELIMIT": -1,
    "STAR": 6
  },
  "52075": {
    "MODELPATH": "luxun_1",
    "HEADICON": "luxun_1",
    "TYPE": 1,
    "NAME": "陆逊",
    "NAME_VN": "Lục Tốn",
    "IMAGEID": 52075,
    "INTRO": "Mở khóa khi nhận được Lục Tốn.",
    "TIMELIMIT": -1,
    "STAR": 5
  },
  "52220": {
    "MODELPATH": "lvlingqi_2",
    "HEADICON": "lvlingqi_1",
    "TYPE": 3,
    "NAME": "吕玲琦",
    "NAME_VN": "Lữ Linh Kỳ",
    "IMAGEID": 52220,
    "INTRO": "Mở khóa khi nhận được 10 sao Lữ Linh Kỳ.",
    "TIMELIMIT": -1,
    "STAR": 10
  },
  "52074": {
    "MODELPATH": "zhouyu_1",
    "HEADICON": "zhouyu_1",
    "TYPE": 1,
    "NAME": "周瑜",
    "NAME_VN": "Chu Du",
    "IMAGEID": 52074,
    "INTRO": "Mở khóa khi nhận được Chu Du.",
    "TIMELIMIT": -1,
    "STAR": 5
  },
  "52094": {
    "MODELPATH": "hanxin_1",
    "HEADICON": "hanxin_1",
    "TYPE": 1,
    "NAME": "韩信",
    "NAME_VN": "Hàn Tín",
    "IMAGEID": 52094,
    "INTRO": "Mở khóa khi nhận được Hàn Tín.",
    "TIMELIMIT": -1,
    "STAR": 5
  },
  "52203": {
    "MODELPATH": "fazheng_2",
    "HEADICON": "fazheng_1",
    "TYPE": 3,
    "NAME": "法正",
    "NAME_VN": "Pháp Chính",
    "IMAGEID": 52203,
    "INTRO": "Mở khóa khi nhận được 10 sao Pháp Chính.",
    "TIMELIMIT": -1,
    "STAR": 10
  },
  "52252": {
    "MODELPATH": "zuoci_1",
    "HEADICON": "zuoci_1",
    "TYPE": 1,
    "NAME": "左慈",
    "NAME_VN": "Tả Từ",
    "IMAGEID": 52252,
    "INTRO": "Mở khóa khi nhận được Tả Từ.",
    "TIMELIMIT": -1,
    "STAR": 5
  },
  "52105": {
    "MODELPATH": "xiahouyuan_2",
    "HEADICON": "xiahouyuan_1",
    "TYPE": 2,
    "NAME": "夏侯渊",
    "NAME_VN": "Hạ Hầu Uyên",
    "IMAGEID": 52105,
    "INTRO": "Mở khóa khi nhận được 6 sao Hạ Hầu Uyên.",
    "TIMELIMIT": -1,
    "STAR": 6
  },
  "52241": {
    "MODELPATH": "benduozhongsheng_2",
    "HEADICON": "benduozhongsheng_1",
    "TYPE": 3,
    "NAME": "本多忠胜",
    "NAME_VN": "Honda Tadakatsu",
    "IMAGEID": 52241,
    "INTRO": "Mở khóa khi nhận được 10 sao Honda Tadakatsu.",
    "TIMELIMIT": -1,
    "STAR": 10
  },
  "52183": {
    "MODELPATH": "guojia_2",
    "HEADICON": "guojia_1",
    "TYPE": 3,
    "NAME": "郭嘉",
    "NAME_VN": "Quách Gia",
    "IMAGEID": 52183,
    "INTRO": "Mở khóa khi nhận được 10 sao Quách Gia.",
    "TIMELIMIT": -1,
    "STAR": 10
  },
  "52140": {
    "MODELPATH": "bulianshi_2",
    "HEADICON": "bulianshi_1",
    "TYPE": 2,
    "NAME": "步练师",
    "NAME_VN": "Bộ Luyện Sư",
    "IMAGEID": 52140,
    "INTRO": "Mở khóa khi nhận được 6 sao Bộ Luyện Sư.",
    "TIMELIMIT": -1,
    "STAR": 6
  },
  "52025": {
    "MODELPATH": "dengai_1",
    "HEADICON": "dengai_1",
    "TYPE": 1,
    "NAME": "邓艾",
    "NAME_VN": "Đặng Ngải",
    "IMAGEID": 52025,
    "INTRO": "Mở khóa khi nhận được Đặng Ngải.",
    "TIMELIMIT": -1,
    "STAR": 4
  },
  "52026": {
    "MODELPATH": "yujin_1",
    "HEADICON": "yujin_1",
    "TYPE": 1,
    "NAME": "于禁",
    "NAME_VN": "Vu Cấm",
    "IMAGEID": 52026,
    "INTRO": "Mở khóa khi nhận được Vu Cấm.",
    "TIMELIMIT": -1,
    "STAR": 4
  },
  "52161": {
    "MODELPATH": "gongsunzan_2",
    "HEADICON": "gongsunzan_1",
    "TYPE": 2,
    "NAME": "公孙瓒",
    "NAME_VN": "Công Tôn Toản",
    "IMAGEID": 52161,
    "INTRO": "Mở khóa khi nhận được 6 sao Công Tôn Toản.",
    "TIMELIMIT": -1,
    "STAR": 6
  },
  "52056": {
    "MODELPATH": "jiaxu_1",
    "HEADICON": "jiaxu_1",
    "TYPE": 1,
    "NAME": "贾诩",
    "NAME_VN": "Giả Hủ",
    "IMAGEID": 52056,
    "INTRO": "Mở khóa khi nhận được Giả Hủ.",
    "TIMELIMIT": -1,
    "STAR": 5
  },
  "52066": {
    "MODELPATH": "zhugeliang_1",
    "HEADICON": "zhugeliang_1",
    "TYPE": 1,
    "NAME": "诸葛亮",
    "NAME_VN": "Gia Cát Lượng",
    "IMAGEID": 52066,
    "INTRO": "Mở khóa khi nhận được Gia Cát Lượng.",
    "TIMELIMIT": -1,
    "STAR": 5
  },
  "52179": {
    "MODELPATH": "zhangliao_2",
    "HEADICON": "zhangliao_1",
    "TYPE": 3,
    "NAME": "张辽",
    "NAME_VN": "Trương Liêu",
    "IMAGEID": 52179,
    "INTRO": "Mở khóa khi nhận được 10 sao Trương Liêu.",
    "TIMELIMIT": -1,
    "STAR": 10
  },
  "52004": {
    "MODELPATH": "huangjinjun_1",
    "HEADICON": "huangjinjun_1",
    "TYPE": 1,
    "NAME": "黄巾军",
    "NAME_VN": "Quân Khăn Vàng",
    "IMAGEID": 52004,
    "INTRO": "Mở khóa khi nhận được Quân Khăn Vàng.",
    "TIMELIMIT": -1,
    "STAR": 1
  },
  "52225": {
    "MODELPATH": "chengong_2",
    "HEADICON": "chengong_1",
    "TYPE": 3,
    "NAME": "陈宫",
    "NAME_VN": "Trần Cung",
    "IMAGEID": 52225,
    "INTRO": "Mở khóa khi nhận được 10 sao Trần Cung.",
    "TIMELIMIT": -1,
    "STAR": 10
  },
  "52022": {
    "MODELPATH": "langren_1",
    "HEADICON": "langren_1",
    "TYPE": 1,
    "NAME": "浪人",
    "NAME_VN": "Lãng Nhân",
    "IMAGEID": 52022,
    "INTRO": "Mở khóa khi nhận được Lãng Nhân.",
    "TIMELIMIT": -1,
    "STAR": 3
  },
  "52142": {
    "MODELPATH": "huanggai_1",
    "HEADICON": "huanggai_1",
    "TYPE": 2,
    "NAME": "黄盖",
    "NAME_VN": "Hoàng Cái",
    "IMAGEID": 52142,
    "INTRO": "Mở khóa khi nhận được 6 sao Hoàng Cái.",
    "TIMELIMIT": -1,
    "STAR": 6
  },
  "52155": {
    "MODELPATH": "chengong_2",
    "HEADICON": "chengong_1",
    "TYPE": 2,
    "NAME": "陈宫",
    "NAME_VN": "Trần Cung",
    "IMAGEID": 52155,
    "INTRO": "Mở khóa khi nhận được 6 sao Trần Cung.",
    "TIMELIMIT": -1,
    "STAR": 6
  },
  "52131": {
    "MODELPATH": "fazheng_2",
    "HEADICON": "fazheng_1",
    "TYPE": 2,
    "NAME": "法正",
    "NAME_VN": "Pháp Chính",
    "IMAGEID": 52131,
    "INTRO": "Mở khóa khi nhận được 6 sao Pháp Chính.",
    "TIMELIMIT": -1,
    "STAR": 6
  },
  "52085": {
    "MODELPATH": "yuji_1",
    "HEADICON": "yuji_1",
    "TYPE": 1,
    "NAME": "于吉",
    "NAME_VN": "Vu Cát",
    "IMAGEID": 52085,
    "INTRO": "Mở khóa khi nhận được Vu Cát.",
    "TIMELIMIT": -1,
    "STAR": 5
  },
  "52134": {
    "MODELPATH": "lvmeng_2",
    "HEADICON": "lvmeng_1",
    "TYPE": 2,
    "NAME": "吕蒙",
    "NAME_VN": "Lữ Mông",
    "IMAGEID": 52134,
    "INTRO": "Mở khóa khi nhận được 6 sao Lữ Mông.",
    "TIMELIMIT": -1,
    "STAR": 6
  },
  "52233": {
    "MODELPATH": "liubang_2",
    "HEADICON": "liubang_1",
    "TYPE": 3,
    "NAME": "刘邦",
    "NAME_VN": "Lưu Bang",
    "IMAGEID": 52233,
    "INTRO": "Mở khóa khi nhận được 10 sao Lưu Bang.",
    "TIMELIMIT": -1,
    "STAR": 10
  },
  "52163": {
    "MODELPATH": "liubiao_2",
    "HEADICON": "liubiao_1",
    "TYPE": 2,
    "NAME": "刘表",
    "NAME_VN": "Lưu Biểu",
    "IMAGEID": 52163,
    "INTRO": "Mở khóa khi nhận được 6 sao Lưu Biểu.",
    "TIMELIMIT": -1,
    "STAR": 6
  },
  "52247": {
    "MODELPATH": "maliang_2",
    "HEADICON": "maliang_1",
    "TYPE": 2,
    "NAME": "马良",
    "NAME_VN": "Mã Lương",
    "IMAGEID": 52247,
    "INTRO": "Mở khóa khi nhận được 6 sao Mã Lương.",
    "TIMELIMIT": -1,
    "STAR": 6
  },
  "52178": {
    "MODELPATH": "xuchu_2",
    "HEADICON": "xuchu_1",
    "TYPE": 3,
    "NAME": "许褚",
    "NAME_VN": "Hứa Chử",
    "IMAGEID": 52178,
    "INTRO": "Mở khóa khi nhận được 10 sao Hứa Chử.",
    "TIMELIMIT": -1,
    "STAR": 10
  },
  "52038": {
    "MODELPATH": "daqiao_1",
    "HEADICON": "daqiao_1",
    "TYPE": 1,
    "NAME": "大乔",
    "NAME_VN": "Đại Kiều",
    "IMAGEID": 52038,
    "INTRO": "Mở khóa khi nhận được Đại Kiều.",
    "TIMELIMIT": -1,
    "STAR": 4
  },
  "52201": {
    "MODELPATH": "weiyan_2",
    "HEADICON": "weiyan_1",
    "TYPE": 3,
    "NAME": "魏延",
    "NAME_VN": "Ngụy Duyên",
    "IMAGEID": 52201,
    "INTRO": "Mở khóa khi nhận được 10 sao Ngụy Duyên.",
    "TIMELIMIT": -1,
    "STAR": 10
  },
  "52041": {
    "MODELPATH": "gongsunzan_1",
    "HEADICON": "gongsunzan_1",
    "TYPE": 1,
    "NAME": "公孙瓒",
    "NAME_VN": "Công Tôn Toản",
    "IMAGEID": 52041,
    "INTRO": "Mở khóa khi nhận được Công Tôn Toản.",
    "TIMELIMIT": -1,
    "STAR": 4
  },
  "52107": {
    "MODELPATH": "simayi_2",
    "HEADICON": "simayi_1",
    "TYPE": 2,
    "NAME": "司马懿",
    "NAME_VN": "Tư Mã Ý",
    "IMAGEID": 52107,
    "INTRO": "Mở khóa khi nhận được 6 sao Tư Mã Ý.",
    "TIMELIMIT": -1,
    "STAR": 6
  },
  "52238": {
    "MODELPATH": "zhitianxinchang_2",
    "HEADICON": "zhitianxinchang_1",
    "TYPE": 3,
    "NAME": "织田信长",
    "NAME_VN": "Oda Nobunaga",
    "IMAGEID": 52238,
    "INTRO": "Mở khóa khi nhận được 10 sao Oda Nobunaga.",
    "TIMELIMIT": -1,
    "STAR": 10
  },
  "52129": {
    "MODELPATH": "huangyueying_1",
    "HEADICON": "huangyueying_1",
    "TYPE": 2,
    "NAME": "黄月英",
    "NAME_VN": "Hoàng Nguyệt Anh",
    "IMAGEID": 52129,
    "INTRO": "Mở khóa khi nhận được 6 sao Hoàng Nguyệt Anh.",
    "TIMELIMIT": -1,
    "STAR": 6
  },
  "52173": {
    "MODELPATH": "fububanzang_2",
    "HEADICON": "fububanzang_1",
    "TYPE": 2,
    "NAME": "服部半藏",
    "NAME_VN": "Hattori Hanzo",
    "IMAGEID": 52173,
    "INTRO": "Mở khóa khi nhận được 6 sao Hattori Hanzo.",
    "TIMELIMIT": -1,
    "STAR": 6
  },
  "52100": {
    "MODELPATH": "caoren_2",
    "HEADICON": "caoren_1",
    "TYPE": 2,
    "NAME": "曹仁",
    "NAME_VN": "Tào Nhân",
    "IMAGEID": 52100,
    "INTRO": "Mở khóa khi nhận được 6 sao Tào Nhân.",
    "TIMELIMIT": -1,
    "STAR": 6
  },
  "52032": {
    "MODELPATH": "huangyueying_1",
    "HEADICON": "huangyueying_1",
    "TYPE": 1,
    "NAME": "黄月英",
    "NAME_VN": "Hoàng Nguyệt Anh",
    "IMAGEID": 52032,
    "INTRO": "Mở khóa khi nhận được Hoàng Nguyệt Anh.",
    "TIMELIMIT": -1,
    "STAR": 4
  },
  "52152": {
    "MODELPATH": "zhurong_2",
    "HEADICON": "zhurong_1",
    "TYPE": 2,
    "NAME": "祝融",
    "NAME_VN": "Chúc Dung",
    "IMAGEID": 52152,
    "INTRO": "Mở khóa khi nhận được 6 sao Chúc Dung.",
    "TIMELIMIT": -1,
    "STAR": 6
  },
  "52124": {
    "MODELPATH": "zhugeliang_2",
    "HEADICON": "zhugeliang_1",
    "TYPE": 2,
    "NAME": "诸葛亮",
    "NAME_VN": "Gia Cát Lượng",
    "IMAGEID": 52124,
    "INTRO": "Mở khóa khi nhận được 6 sao Gia Cát Lượng.",
    "TIMELIMIT": -1,
    "STAR": 6
  },
  "52150": {
    "MODELPATH": "lvlingqi_2",
    "HEADICON": "lvlingqi_1",
    "TYPE": 2,
    "NAME": "吕玲琦",
    "NAME_VN": "Lữ Linh Kỳ",
    "IMAGEID": 52150,
    "INTRO": "Mở khóa khi nhận được 6 sao Lữ Linh Kỳ.",
    "TIMELIMIT": -1,
    "STAR": 6
  },
  "52014": {
    "MODELPATH": "caozhi_1",
    "HEADICON": "caozhi_1",
    "TYPE": 1,
    "NAME": "曹植",
    "NAME_VN": "Tào Thực",
    "IMAGEID": 52014,
    "INTRO": "Mở khóa khi nhận được Tào Thực.",
    "TIMELIMIT": -1,
    "STAR": 3
  },
  "52174": {
    "MODELPATH": "mingzhiguangxiu_1",
    "HEADICON": "mingzhiguangxiu_1",
    "TYPE": 2,
    "NAME": "明智光秀",
    "NAME_VN": "Akechi Mitsuhide",
    "IMAGEID": 52174,
    "INTRO": "Mở khóa khi nhận được 6 sao Akechi Mitsuhide.",
    "TIMELIMIT": -1,
    "STAR": 6
  },
  "52016": {
    "MODELPATH": "xushu_1",
    "HEADICON": "xushu_1",
    "TYPE": 1,
    "NAME": "徐庶",
    "NAME_VN": "Từ Thứ",
    "IMAGEID": 52016,
    "INTRO": "Mở khóa khi nhận được Từ Thứ.",
    "TIMELIMIT": -1,
    "STAR": 3
  },
  "52125": {
    "MODELPATH": "pangtong_2",
    "HEADICON": "pangtong_1",
    "TYPE": 2,
    "NAME": "庞统",
    "NAME_VN": "Bàng Thống",
    "IMAGEID": 52125,
    "INTRO": "Mở khóa khi nhận được 6 sao Bàng Thống.",
    "TIMELIMIT": -1,
    "STAR": 6
  },
  "52058": {
    "MODELPATH": "zhanghe_1",
    "HEADICON": "zhanghe_1",
    "TYPE": 1,
    "NAME": "张郃",
    "NAME_VN": "Trương Cáp",
    "IMAGEID": 52058,
    "INTRO": "Mở khóa khi nhận được Trương Cáp.",
    "TIMELIMIT": -1,
    "STAR": 5
  },
  "52050": {
    "MODELPATH": "zhangliao_1",
    "HEADICON": "zhangliao_1",
    "TYPE": 1,
    "NAME": "张辽",
    "NAME_VN": "Trương Liêu",
    "IMAGEID": 52050,
    "INTRO": "Mở khóa khi nhận được Trương Liêu.",
    "TIMELIMIT": -1,
    "STAR": 5
  },
  "52180": {
    "MODELPATH": "xiahoudun_2",
    "HEADICON": "xiahoudun_1",
    "TYPE": 3,
    "NAME": "夏侯惇",
    "NAME_VN": "Hạ Hầu Đôn",
    "IMAGEID": 52180,
    "INTRO": "Mở khóa khi nhận được 10 sao Hạ Hầu Đôn.",
    "TIMELIMIT": -1,
    "STAR": 10
  },
  "52101": {
    "MODELPATH": "xuchu_2",
    "HEADICON": "xuchu_1",
    "TYPE": 2,
    "NAME": "许褚",
    "NAME_VN": "Hứa Chử",
    "IMAGEID": 52101,
    "INTRO": "Mở khóa khi nhận được 6 sao Hứa Chử.",
    "TIMELIMIT": -1,
    "STAR": 6
  },
  "52030": {
    "MODELPATH": "weiyan_1",
    "HEADICON": "weiyan_1",
    "TYPE": 1,
    "NAME": "魏延",
    "NAME_VN": "Ngụy Duyên",
    "IMAGEID": 52030,
    "INTRO": "Mở khóa khi nhận được Ngụy Duyên.",
    "TIMELIMIT": -1,
    "STAR": 4
  },
  "52242": {
    "MODELPATH": "fengchenxiuji_2",
    "HEADICON": "fengchenxiuji_1",
    "TYPE": 3,
    "NAME": "丰臣秀吉",
    "NAME_VN": "Toyotomi Hideyoshi",
    "IMAGEID": 52242,
    "INTRO": "Mở khóa khi nhận được 10 sao Toyotomi Hideyoshi.",
    "TIMELIMIT": -1,
    "STAR": 10
  },
  "52096": {
    "MODELPATH": "zhitianxinchang_1",
    "HEADICON": "zhitianxinchang_1",
    "TYPE": 1,
    "NAME": "织田信长",
    "NAME_VN": "Oda Nobunaga",
    "IMAGEID": 52096,
    "INTRO": "Mở khóa khi nhận được Oda Nobunaga.",
    "TIMELIMIT": -1,
    "STAR": 5
  },
  "52017": {
    "MODELPATH": "zhoutai_1",
    "HEADICON": "zhoutai_1",
    "TYPE": 1,
    "NAME": "周泰",
    "NAME_VN": "Chu Thái",
    "IMAGEID": 52017,
    "INTRO": "Mở khóa khi nhận được Chu Thái.",
    "TIMELIMIT": -1,
    "STAR": 3
  },
  "52226": {
    "MODELPATH": "zhangjiao_2",
    "HEADICON": "zhangjiao_1",
    "TYPE": 3,
    "NAME": "张角",
    "NAME_VN": "Trương Giác",
    "IMAGEID": 52226,
    "INTRO": "Mở khóa khi nhận được 10 sao Trương Giác.",
    "TIMELIMIT": -1,
    "STAR": 10
  },
  "52169": {
    "MODELPATH": "simayan_2",
    "HEADICON": "simayan_1",
    "TYPE": 2,
    "NAME": "司马炎",
    "NAME_VN": "Tư Mã Viêm",
    "IMAGEID": 52169,
    "INTRO": "Mở khóa khi nhận được 6 sao Tư Mã Viêm.",
    "TIMELIMIT": -1,
    "STAR": 6
  },
  "52064": {
    "MODELPATH": "huangzhong_1",
    "HEADICON": "huangzhong_1",
    "TYPE": 1,
    "NAME": "黄忠",
    "NAME_VN": "Hoàng Trung",
    "IMAGEID": 52064,
    "INTRO": "Mở khóa khi nhận được Hoàng Trung.",
    "TIMELIMIT": -1,
    "STAR": 5
  },
  "52160": {
    "MODELPATH": "gaoshun_1",
    "HEADICON": "gaoshun_1",
    "TYPE": 2,
    "NAME": "高顺",
    "NAME_VN": "Cao Thuận",
    "IMAGEID": 52160,
    "INTRO": "Mở khóa khi nhận được 6 sao Cao Thuận.",
    "TIMELIMIT": -1,
    "STAR": 6
  },
  "52029": {
    "MODELPATH": "guanxing_1",
    "HEADICON": "guanxing_1",
    "TYPE": 1,
    "NAME": "关兴",
    "NAME_VN": "Quan Hưng",
    "IMAGEID": 52029,
    "INTRO": "Mở khóa khi nhận được Quan Hưng.",
    "TIMELIMIT": -1,
    "STAR": 4
  },
  "52236": {
    "MODELPATH": "simayan_2",
    "HEADICON": "simayan_1",
    "TYPE": 3,
    "NAME": "司马炎",
    "NAME_VN": "Tư Mã Viêm",
    "IMAGEID": 52236,
    "INTRO": "Mở khóa khi nhận được 10 sao Tư Mã Viêm.",
    "TIMELIMIT": -1,
    "STAR": 10
  },
  "52234": {
    "MODELPATH": "xiangyu_2",
    "HEADICON": "xiangyu_1",
    "TYPE": 3,
    "NAME": "项羽",
    "NAME_VN": "Hạng Vũ",
    "IMAGEID": 52234,
    "INTRO": "Mở khóa khi nhận được 10 sao Hạng Vũ.",
    "TIMELIMIT": -1,
    "STAR": 10
  },
  "52200": {
    "MODELPATH": "guanxing_2",
    "HEADICON": "guanxing_1",
    "TYPE": 3,
    "NAME": "关兴",
    "NAME_VN": "Quan Hưng",
    "IMAGEID": 52200,
    "INTRO": "Mở khóa khi nhận được 10 sao Quan Hưng.",
    "TIMELIMIT": -1,
    "STAR": 10
  },
  "52156": {
    "MODELPATH": "zhangjiao_2",
    "HEADICON": "zhangjiao_1",
    "TYPE": 2,
    "NAME": "张角",
    "NAME_VN": "Trương Giác",
    "IMAGEID": 52156,
    "INTRO": "Mở khóa khi nhận được 6 sao Trương Giác.",
    "TIMELIMIT": -1,
    "STAR": 6
  },
  "52011": {
    "MODELPATH": "mateng_1",
    "HEADICON": "mateng_1",
    "TYPE": 1,
    "NAME": "马腾",
    "NAME_VN": "Mã Đằng",
    "IMAGEID": 52011,
    "INTRO": "Mở khóa khi nhận được Mã Đằng.",
    "TIMELIMIT": -1,
    "STAR": 2
  },
  "52035": {
    "MODELPATH": "lingtong_1",
    "HEADICON": "lingtong_1",
    "TYPE": 1,
    "NAME": "凌统",
    "NAME_VN": "Lăng Thống",
    "IMAGEID": 52035,
    "INTRO": "Mở khóa khi nhận được Lăng Thống.",
    "TIMELIMIT": -1,
    "STAR": 4
  },
  "52007": {
    "MODELPATH": "wangping_1",
    "HEADICON": "wangping_1",
    "TYPE": 1,
    "NAME": "王平",
    "NAME_VN": "Vương Bình",
    "IMAGEID": 52007,
    "INTRO": "Mở khóa khi nhận được Vương Bình.",
    "TIMELIMIT": -1,
    "STAR": 2
  },
  "52021": {
    "MODELPATH": "jinjun_1",
    "HEADICON": "jinjun_1",
    "TYPE": 1,
    "NAME": "禁军",
    "NAME_VN": "Cấm Quân",
    "IMAGEID": 52021,
    "INTRO": "Mở khóa khi nhận được Cấm Quân.",
    "TIMELIMIT": -1,
    "STAR": 3
  }
}