[
  {
    "MNUM": 1,
    "EXP": 0,
    "RADD": 0
  },
  {
    "MNUM": 1,
    "EXP": 10000000,
    "RADD": 10
  },
  {
    "MNUM": 2,
    "EXP": 50000000,
    "RADD": 20
  },
  {
    "MNUM": 2,
    "EXP": 100000000,
    "RADD": 30
  },
  {
    "MNUM": 3,
    "EXP": 150000000,
    "RADD": 30
  },
  {
    "MNUM": 3,
    "EXP": 200000000,
    "RADD": 40
  },
  {
    "MNUM": 4,
    "EXP": 250000000,
    "RADD": 40
  },
  {
    "MNUM": 4,
    "EXP": 300000000,
    "RADD": 50
  },
  {
    "MNUM": 5,
    "EXP": 400000000,
    "RADD": 50
  },
  {
    "MNUM": 5,
    "EXP": 500000000,
    "RADD": 60
  }
]