{
  "305": {
    "NAME": "射手攻速",
    "NAME_VN": "Xạ Thủ Tốc Công",
    "OCCU": 3,
    "PRE": {
      "ID": 304,
      "LV": 10
    },
    "COST": {
      "38006": [
        150000,
        170000,
        190000,
        210000,
        230000,
        250000,
        270000,
        290000,
        310000,
        330000,
        350000,
        370000,
        390000,
        410000,
        430000,
        450000,
        470000,
        490000,
        510000,
        530000
      ],
      "30020": [
        240,
        270,
        300,
        330,
        360,
        390,
        420,
        450,
        480,
        510,
        540,
        570,
        600,
        630,
        660,
        690,
        720,
        750,
        780,
        810
      ]
    },
    "ATTR": {
      "202": [
        10,
        20,
        30,
        40,
        50,
        60,
        70,
        80,
        90,
        100,
        110,
        120,
        130,
        140,
        150,
        160,
        170,
        180,
        190,
        200
      ]
    }
  },
  "207": {
    "NAME": "刺客愤怒",
    "NAME_VN": "Thích Khách Phẫn Nộ",
    "OCCU": 2,
    "PRE": {
      "ID": 206,
      "LV": 10
    },
    "COST": {
      "38006": [
        300000,
        330000,
        360000,
        390000,
        420000,
        450000,
        480000,
        510000,
        540000,
        570000,
        600000,
        630000,
        660000,
        690000,
        720000,
        750000,
        780000,
        810000,
        840000,
        870000
      ],
      "30020": [
        1000,
        1160,
        1320,
        1480,
        1640,
        1800,
        1960,
        2120,
        2280,
        2440,
        2600,
        2760,
        2920,
        3080,
        3240,
        3400,
        3560,
        3720,
        3880,
        4040
      ]
    },
    "ATTR": {
      "301": [
        10,
        20,
        30,
        40,
        50,
        60,
        70,
        80,
        90,
        100,
        110,
        120,
        130,
        140,
        150,
        160,
        170,
        180,
        190,
        200
      ],
      "302": [
        10,
        20,
        30,
        40,
        50,
        60,
        70,
        80,
        90,
        100,
        110,
        120,
        130,
        140,
        150,
        160,
        170,
        180,
        190,
        200
      ]
    }
  },
  "307": {
    "NAME": "射手愤怒",
    "NAME_VN": "Xạ Thủ Phẫn Nộ",
    "OCCU": 3,
    "PRE": {
      "ID": 306,
      "LV": 10
    },
    "COST": {
      "38006": [
        300000,
        330000,
        360000,
        390000,
        420000,
        450000,
        480000,
        510000,
        540000,
        570000,
        600000,
        630000,
        660000,
        690000,
        720000,
        750000,
        780000,
        810000,
        840000,
        870000
      ],
      "30020": [
        1000,
        1160,
        1320,
        1480,
        1640,
        1800,
        1960,
        2120,
        2280,
        2440,
        2600,
        2760,
        2920,
        3080,
        3240,
        3400,
        3560,
        3720,
        3880,
        4040
      ]
    },
    "ATTR": {
      "301": [
        10,
        20,
        30,
        40,
        50,
        60,
        70,
        80,
        90,
        100,
        110,
        120,
        130,
        140,
        150,
        160,
        170,
        180,
        190,
        200
      ],
      "302": [
        10,
        20,
        30,
        40,
        50,
        60,
        70,
        80,
        90,
        100,
        110,
        120,
        130,
        140,
        150,
        160,
        170,
        180,
        190,
        200
      ]
    }
  },
  "401": {
    "OCCU": 4,
    "ATTR": {
      "301": [
        10,
        20,
        30,
        40,
        50,
        60,
        70,
        80,
        90,
        100,
        110,
        120,
        130,
        140,
        150,
        160,
        170,
        180,
        190,
        200,
        210,
        220,
        230,
        240,
        250,
        260,
        270,
        280,
        290,
        300,
        310,
        320,
        330,
        340,
        350,
        360,
        370,
        380,
        390,
        400,
        410,
        420,
        430,
        440,
        450,
        460,
        470,
        480,
        490,
        500,
        510,
        520,
        530,
        540,
        550,
        560,
        570,
        580,
        590,
        600
      ]
    },
    "COST": {
      "38006": [
        5000,
        10000,
        15000,
        20000,
        25000,
        30000,
        35000,
        40000,
        45000,
        50000,
        55000,
        60000,
        65000,
        70000,
        75000,
        80000,
        85000,
        90000,
        95000,
        100000,
        105000,
        110000,
        115000,
        120000,
        125000,
        130000,
        135000,
        140000,
        145000,
        150000,
        155000,
        160000,
        165000,
        170000,
        175000,
        180000,
        185000,
        190000,
        195000,
        200000,
        205000,
        210000,
        215000,
        220000,
        225000,
        230000,
        235000,
        240000,
        245000,
        250000,
        255000,
        260000,
        265000,
        270000,
        275000,
        280000,
        285000,
        290000,
        295000,
        300000
      ],
      "30020": [
        10,
        20,
        30,
        40,
        50,
        60,
        70,
        80,
        90,
        100,
        110,
        120,
        130,
        140,
        150,
        160,
        170,
        180,
        190,
        200,
        210,
        220,
        230,
        240,
        250,
        260,
        270,
        280,
        290,
        300,
        310,
        320,
        330,
        340,
        350,
        360,
        370,
        380,
        390,
        400,
        410,
        420,
        430,
        440,
        450,
        460,
        470,
        480,
        490,
        500,
        510,
        520,
        530,
        540,
        550,
        560,
        570,
        580,
        590,
        600
      ]
    },
    "NAME": "法师生命",
    "NAME_VN": "Pháp Sư Sinh Mệnh"
  },
  "106": {
    "NAME": "战士冷却",
    "NAME_VN": "Chiến Sĩ Hồi Chiêu",
    "OCCU": 1,
    "PRE": {
      "ID": 105,
      "LV": 10
    },
    "COST": {
      "38006": [
        200000,
        230000,
        260000,
        290000,
        320000,
        350000,
        380000,
        410000,
        440000,
        470000,
        500000,
        530000,
        560000,
        590000,
        620000,
        650000,
        680000,
        710000,
        740000,
        770000
      ],
      "30020": [
        800,
        900,
        1000,
        1100,
        1200,
        1300,
        1400,
        1500,
        1600,
        1700,
        1800,
        1900,
        2000,
        2100,
        2200,
        2300,
        2400,
        2500,
        2600,
        2700
      ]
    },
    "ATTR": {
      "215": [
        5,
        10,
        15,
        20,
        25,
        30,
        35,
        40,
        45,
        50,
        55,
        60,
        65,
        70,
        75,
        80,
        85,
        90,
        95,
        100
      ]
    }
  },
  "205": {
    "NAME": "刺客攻速",
    "NAME_VN": "Thích Khách Tốc Công",
    "OCCU": 2,
    "PRE": {
      "ID": 204,
      "LV": 10
    },
    "COST": {
      "38006": [
        150000,
        170000,
        190000,
        210000,
        230000,
        250000,
        270000,
        290000,
        310000,
        330000,
        350000,
        370000,
        390000,
        410000,
        430000,
        450000,
        470000,
        490000,
        510000,
        530000
      ],
      "30020": [
        240,
        270,
        300,
        330,
        360,
        390,
        420,
        450,
        480,
        510,
        540,
        570,
        600,
        630,
        660,
        690,
        720,
        750,
        780,
        810
      ]
    },
    "ATTR": {
      "202": [
        10,
        20,
        30,
        40,
        50,
        60,
        70,
        80,
        90,
        100,
        110,
        120,
        130,
        140,
        150,
        160,
        170,
        180,
        190,
        200
      ]
    }
  },
  "306": {
    "NAME": "射手冷却",
    "NAME_VN": "Xạ Thủ Hồi Chiêu",
    "OCCU": 3,
    "PRE": {
      "ID": 305,
      "LV": 10
    },
    "COST": {
      "38006": [
        200000,
        230000,
        260000,
        290000,
        320000,
        350000,
        380000,
        410000,
        440000,
        470000,
        500000,
        530000,
        560000,
        590000,
        620000,
        650000,
        680000,
        710000,
        740000,
        770000
      ],
      "30020": [
        800,
        900,
        1000,
        1100,
        1200,
        1300,
        1400,
        1500,
        1600,
        1700,
        1800,
        1900,
        2000,
        2100,
        2200,
        2300,
        2400,
        2500,
        2600,
        2700
      ]
    },
    "ATTR": {
      "215": [
        5,
        10,
        15,
        20,
        25,
        30,
        35,
        40,
        45,
        50,
        55,
        60,
        65,
        70,
        75,
        80,
        85,
        90,
        95,
        100
      ]
    }
  },
  "104": {
    "NAME": "战士暴击",
    "NAME_VN": "Chiến Sĩ Bạo Kích",
    "OCCU": 1,
    "PRE": {
      "ID": 103,
      "LV": 10
    },
    "COST": {
      "38006": [
        100000,
        110000,
        120000,
        130000,
        140000,
        150000,
        160000,
        170000,
        180000,
        190000,
        200000,
        210000,
        220000,
        230000,
        240000,
        250000,
        260000,
        270000,
        280000,
        290000,
        300000,
        310000,
        320000,
        330000,
        340000,
        350000,
        360000,
        370000,
        380000,
        390000
      ],
      "30020": [
        160,
        178,
        196,
        214,
        232,
        250,
        268,
        286,
        304,
        322,
        340,
        358,
        376,
        394,
        412,
        430,
        448,
        466,
        484,
        502,
        520,
        538,
        556,
        574,
        592,
        610,
        628,
        646,
        664,
        682
      ]
    },
    "ATTR": {
      "205": [
        5,
        10,
        15,
        20,
        25,
        30,
        35,
        40,
        45,
        50,
        55,
        60,
        65,
        70,
        75,
        80,
        85,
        90,
        95,
        100,
        105,
        110,
        115,
        120,
        125,
        130,
        135,
        140,
        145,
        150
      ]
    }
  },
  "405": {
    "NAME": "法师攻速",
    "NAME_VN": "Pháp Sư Tốc Công",
    "OCCU": 4,
    "PRE": {
      "ID": 404,
      "LV": 10
    },
    "COST": {
      "38006": [
        150000,
        170000,
        190000,
        210000,
        230000,
        250000,
        270000,
        290000,
        310000,
        330000,
        350000,
        370000,
        390000,
        410000,
        430000,
        450000,
        470000,
        490000,
        510000,
        530000
      ],
      "30020": [
        240,
        270,
        300,
        330,
        360,
        390,
        420,
        450,
        480,
        510,
        540,
        570,
        600,
        630,
        660,
        690,
        720,
        750,
        780,
        810
      ]
    },
    "ATTR": {
      "202": [
        10,
        20,
        30,
        40,
        50,
        60,
        70,
        80,
        90,
        100,
        110,
        120,
        130,
        140,
        150,
        160,
        170,
        180,
        190,
        200
      ]
    }
  },
  "404": {
    "NAME": "法师暴击",
    "NAME_VN": "Pháp Sư Bạo Kích",
    "OCCU": 4,
    "PRE": {
      "ID": 403,
      "LV": 10
    },
    "COST": {
      "38006": [
        100000,
        110000,
        120000,
        130000,
        140000,
        150000,
        160000,
        170000,
        180000,
        190000,
        200000,
        210000,
        220000,
        230000,
        240000,
        250000,
        260000,
        270000,
        280000,
        290000,
        300000,
        310000,
        320000,
        330000,
        340000,
        350000,
        360000,
        370000,
        380000,
        390000
      ],
      "30020": [
        160,
        178,
        196,
        214,
        232,
        250,
        268,
        286,
        304,
        322,
        340,
        358,
        376,
        394,
        412,
        430,
        448,
        466,
        484,
        502,
        520,
        538,
        556,
        574,
        592,
        610,
        628,
        646,
        664,
        682
      ]
    },
    "ATTR": {
      "205": [
        5,
        10,
        15,
        20,
        25,
        30,
        35,
        40,
        45,
        50,
        55,
        60,
        65,
        70,
        75,
        80,
        85,
        90,
        95,
        100,
        105,
        110,
        115,
        120,
        125,
        130,
        135,
        140,
        145,
        150
      ]
    }
  },
  "105": {
    "NAME": "战士攻速",
    "NAME_VN": "Chiến Sĩ Tốc Công",
    "OCCU": 1,
    "PRE": {
      "ID": 104,
      "LV": 10
    },
    "COST": {
      "38006": [
        150000,
        170000,
        190000,
        210000,
        230000,
        250000,
        270000,
        290000,
        310000,
        330000,
        350000,
        370000,
        390000,
        410000,
        430000,
        450000,
        470000,
        490000,
        510000,
        530000
      ],
      "30020": [
        240,
        270,
        300,
        330,
        360,
        390,
        420,
        450,
        480,
        510,
        540,
        570,
        600,
        630,
        660,
        690,
        720,
        750,
        780,
        810
      ]
    },
    "ATTR": {
      "202": [
        10,
        20,
        30,
        40,
        50,
        60,
        70,
        80,
        90,
        100,
        110,
        120,
        130,
        140,
        150,
        160,
        170,
        180,
        190,
        200
      ]
    }
  },
  "402": {
    "NAME": "法师攻击",
    "NAME_VN": "Pháp Sư Tấn Công",
    "OCCU": 4,
    "PRE": {
      "ID": 401,
      "LV": 10
    },
    "COST": {
      "38006": [
        30000,
        36000,
        42000,
        48000,
        54000,
        60000,
        66000,
        72000,
        78000,
        84000,
        90000,
        96000,
        102000,
        108000,
        114000,
        120000,
        126000,
        132000,
        138000,
        144000,
        150000,
        156000,
        162000,
        168000,
        174000,
        180000,
        186000,
        192000,
        198000,
        204000,
        210000,
        216000,
        222000,
        228000,
        234000,
        240000,
        246000,
        252000,
        258000,
        264000,
        270000,
        276000,
        282000,
        288000,
        294000,
        300000,
        306000,
        312000,
        318000,
        324000
      ],
      "30020": [
        50,
        62,
        74,
        86,
        98,
        110,
        122,
        134,
        146,
        158,
        170,
        182,
        194,
        206,
        218,
        230,
        242,
        254,
        266,
        278,
        290,
        302,
        314,
        326,
        338,
        350,
        362,
        374,
        386,
        398,
        410,
        422,
        434,
        446,
        458,
        470,
        482,
        494,
        506,
        518,
        530,
        542,
        554,
        566,
        578,
        590,
        602,
        614,
        626,
        638
      ]
    },
    "ATTR": {
      "302": [
        5,
        10,
        15,
        20,
        25,
        30,
        35,
        40,
        45,
        50,
        55,
        60,
        65,
        70,
        75,
        80,
        85,
        90,
        95,
        100,
        105,
        110,
        115,
        120,
        125,
        130,
        135,
        140,
        145,
        150,
        155,
        160,
        165,
        170,
        175,
        180,
        185,
        190,
        195,
        200,
        205,
        210,
        215,
        220,
        225,
        230,
        235,
        240,
        245,
        250
      ]
    }
  },
  "508": {
    "NAME": "辅助聚能",
    "NAME_VN": "Phụ Trợ Tụ Năng",
    "OCCU": 5,
    "PRE": {
      "ID": 507,
      "LV": 10
    },
    "COST": {
      "38006": [
        400000,
        430000,
        460000,
        490000,
        520000,
        550000,
        580000,
        610000,
        640000,
        670000,
        700000,
        730000,
        760000,
        790000,
        820000,
        850000,
        880000,
        910000,
        940000,
        970000
      ],
      "30020": [
        1400,
        1600,
        1800,
        2000,
        2200,
        2400,
        2600,
        2800,
        3000,
        3200,
        3400,
        3600,
        3800,
        4000,
        4200,
        4400,
        4600,
        4800,
        5000,
        5200
      ]
    },
    "ATTR": {
      "301": [
        10,
        20,
        30,
        40,
        50,
        60,
        70,
        80,
        90,
        100,
        110,
        120,
        130,
        140,
        150,
        160,
        170,
        180,
        190,
        200
      ],
      "402": [
        10,
        20,
        30,
        40,
        50,
        60,
        70,
        80,
        90,
        100,
        110,
        120,
        130,
        140,
        150,
        160,
        170,
        180,
        190,
        200
      ]
    }
  },
  "505": {
    "NAME": "辅助攻速",
    "NAME_VN": "Phụ Trợ Tốc Công",
    "OCCU": 5,
    "PRE": {
      "ID": 504,
      "LV": 10
    },
    "COST": {
      "38006": [
        150000,
        170000,
        190000,
        210000,
        230000,
        250000,
        270000,
        290000,
        310000,
        330000,
        350000,
        370000,
        390000,
        410000,
        430000,
        450000,
        470000,
        490000,
        510000,
        530000
      ],
      "30020": [
        240,
        270,
        300,
        330,
        360,
        390,
        420,
        450,
        480,
        510,
        540,
        570,
        600,
        630,
        660,
        690,
        720,
        750,
        780,
        810
      ]
    },
    "ATTR": {
      "202": [
        10,
        20,
        30,
        40,
        50,
        60,
        70,
        80,
        90,
        100,
        110,
        120,
        130,
        140,
        150,
        160,
        170,
        180,
        190,
        200
      ]
    }
  },
  "202": {
    "NAME": "刺客攻击",
    "NAME_VN": "Thích Khách Tấn Công",
    "OCCU": 2,
    "PRE": {
      "ID": 201,
      "LV": 10
    },
    "COST": {
      "38006": [
        30000,
        36000,
        42000,
        48000,
        54000,
        60000,
        66000,
        72000,
        78000,
        84000,
        90000,
        96000,
        102000,
        108000,
        114000,
        120000,
        126000,
        132000,
        138000,
        144000,
        150000,
        156000,
        162000,
        168000,
        174000,
        180000,
        186000,
        192000,
        198000,
        204000,
        210000,
        216000,
        222000,
        228000,
        234000,
        240000,
        246000,
        252000,
        258000,
        264000,
        270000,
        276000,
        282000,
        288000,
        294000,
        300000,
        306000,
        312000,
        318000,
        324000
      ],
      "30020": [
        50,
        62,
        74,
        86,
        98,
        110,
        122,
        134,
        146,
        158,
        170,
        182,
        194,
        206,
        218,
        230,
        242,
        254,
        266,
        278,
        290,
        302,
        314,
        326,
        338,
        350,
        362,
        374,
        386,
        398,
        410,
        422,
        434,
        446,
        458,
        470,
        482,
        494,
        506,
        518,
        530,
        542,
        554,
        566,
        578,
        590,
        602,
        614,
        626,
        638
      ]
    },
    "ATTR": {
      "302": [
        5,
        10,
        15,
        20,
        25,
        30,
        35,
        40,
        45,
        50,
        55,
        60,
        65,
        70,
        75,
        80,
        85,
        90,
        95,
        100,
        105,
        110,
        115,
        120,
        125,
        130,
        135,
        140,
        145,
        150,
        155,
        160,
        165,
        170,
        175,
        180,
        185,
        190,
        195,
        200,
        205,
        210,
        215,
        220,
        225,
        230,
        235,
        240,
        245,
        250
      ]
    }
  },
  "506": {
    "NAME": "辅助冷却",
    "NAME_VN": "Phụ Trợ Hồi Chiêu",
    "OCCU": 5,
    "PRE": {
      "ID": 505,
      "LV": 10
    },
    "COST": {
      "38006": [
        200000,
        230000,
        260000,
        290000,
        320000,
        350000,
        380000,
        410000,
        440000,
        470000,
        500000,
        530000,
        560000,
        590000,
        620000,
        650000,
        680000,
        710000,
        740000,
        770000
      ],
      "30020": [
        800,
        900,
        1000,
        1100,
        1200,
        1300,
        1400,
        1500,
        1600,
        1700,
        1800,
        1900,
        2000,
        2100,
        2200,
        2300,
        2400,
        2500,
        2600,
        2700
      ]
    },
    "ATTR": {
      "215": [
        5,
        10,
        15,
        20,
        25,
        30,
        35,
        40,
        45,
        50,
        55,
        60,
        65,
        70,
        75,
        80,
        85,
        90,
        95,
        100
      ]
    }
  },
  "403": {
    "NAME": "法师集气",
    "NAME_VN": "Pháp Sư Tập Khí",
    "OCCU": 4,
    "PRE": {
      "ID": 402,
      "LV": 10
    },
    "COST": {
      "38006": [
        60000,
        67500,
        75000,
        82500,
        90000,
        97500,
        105000,
        112500,
        120000,
        127500,
        135000,
        142500,
        150000,
        157500,
        165000,
        172500,
        180000,
        187500,
        195000,
        202500,
        210000,
        217500,
        225000,
        232500,
        240000,
        247500,
        255000,
        262500,
        270000,
        277500,
        285000,
        292500,
        300000,
        307500,
        315000,
        322500,
        330000,
        337500,
        345000,
        352500
      ],
      "30020": [
        100,
        114,
        128,
        142,
        156,
        170,
        184,
        198,
        212,
        226,
        240,
        254,
        268,
        282,
        296,
        310,
        324,
        338,
        352,
        366,
        380,
        394,
        408,
        422,
        436,
        450,
        464,
        478,
        492,
        506,
        520,
        534,
        548,
        562,
        576,
        590,
        604,
        618,
        632,
        646
      ]
    },
    "ATTR": {
      "201": [
        5,
        10,
        15,
        20,
        25,
        30,
        35,
        40,
        45,
        50,
        55,
        60,
        65,
        70,
        75,
        80,
        85,
        90,
        95,
        100,
        105,
        110,
        115,
        120,
        125,
        130,
        135,
        140,
        145,
        150,
        155,
        160,
        165,
        170,
        175,
        180,
        185,
        190,
        195,
        200
      ]
    }
  },
  "102": {
    "NAME": "战士攻击",
    "NAME_VN": "Chiến Sĩ Tấn Công",
    "OCCU": 1,
    "PRE": {
      "ID": 101,
      "LV": 10
    },
    "COST": {
      "38006": [
        30000,
        36000,
        42000,
        48000,
        54000,
        60000,
        66000,
        72000,
        78000,
        84000,
        90000,
        96000,
        102000,
        108000,
        114000,
        120000,
        126000,
        132000,
        138000,
        144000,
        150000,
        156000,
        162000,
        168000,
        174000,
        180000,
        186000,
        192000,
        198000,
        204000,
        210000,
        216000,
        222000,
        228000,
        234000,
        240000,
        246000,
        252000,
        258000,
        264000,
        270000,
        276000,
        282000,
        288000,
        294000,
        300000,
        306000,
        312000,
        318000,
        324000
      ],
      "30020": [
        50,
        62,
        74,
        86,
        98,
        110,
        122,
        134,
        146,
        158,
        170,
        182,
        194,
        206,
        218,
        230,
        242,
        254,
        266,
        278,
        290,
        302,
        314,
        326,
        338,
        350,
        362,
        374,
        386,
        398,
        410,
        422,
        434,
        446,
        458,
        470,
        482,
        494,
        506,
        518,
        530,
        542,
        554,
        566,
        578,
        590,
        602,
        614,
        626,
        638
      ]
    },
    "ATTR": {
      "302": [
        5,
        10,
        15,
        20,
        25,
        30,
        35,
        40,
        45,
        50,
        55,
        60,
        65,
        70,
        75,
        80,
        85,
        90,
        95,
        100,
        105,
        110,
        115,
        120,
        125,
        130,
        135,
        140,
        145,
        150,
        155,
        160,
        165,
        170,
        175,
        180,
        185,
        190,
        195,
        200,
        205,
        210,
        215,
        220,
        225,
        230,
        235,
        240,
        245,
        250
      ]
    }
  },
  "203": {
    "NAME": "刺客集气",
    "NAME_VN": "Thích Khách Tập Khí",
    "OCCU": 2,
    "PRE": {
      "ID": 202,
      "LV": 10
    },
    "COST": {
      "38006": [
        60000,
        67500,
        75000,
        82500,
        90000,
        97500,
        105000,
        112500,
        120000,
        127500,
        135000,
        142500,
        150000,
        157500,
        165000,
        172500,
        180000,
        187500,
        195000,
        202500,
        210000,
        217500,
        225000,
        232500,
        240000,
        247500,
        255000,
        262500,
        270000,
        277500,
        285000,
        292500,
        300000,
        307500,
        315000,
        322500,
        330000,
        337500,
        345000,
        352500
      ],
      "30020": [
        100,
        114,
        128,
        142,
        156,
        170,
        184,
        198,
        212,
        226,
        240,
        254,
        268,
        282,
        296,
        310,
        324,
        338,
        352,
        366,
        380,
        394,
        408,
        422,
        436,
        450,
        464,
        478,
        492,
        506,
        520,
        534,
        548,
        562,
        576,
        590,
        604,
        618,
        632,
        646
      ]
    },
    "ATTR": {
      "201": [
        5,
        10,
        15,
        20,
        25,
        30,
        35,
        40,
        45,
        50,
        55,
        60,
        65,
        70,
        75,
        80,
        85,
        90,
        95,
        100,
        105,
        110,
        115,
        120,
        125,
        130,
        135,
        140,
        145,
        150,
        155,
        160,
        165,
        170,
        175,
        180,
        185,
        190,
        195,
        200
      ]
    }
  },
  "507": {
    "NAME": "辅助愤怒",
    "NAME_VN": "Phụ Trợ Phẫn Nộ",
    "OCCU": 5,
    "PRE": {
      "ID": 506,
      "LV": 10
    },
    "COST": {
      "38006": [
        300000,
        330000,
        360000,
        390000,
        420000,
        450000,
        480000,
        510000,
        540000,
        570000,
        600000,
        630000,
        660000,
        690000,
        720000,
        750000,
        780000,
        810000,
        840000,
        870000
      ],
      "30020": [
        1000,
        1160,
        1320,
        1480,
        1640,
        1800,
        1960,
        2120,
        2280,
        2440,
        2600,
        2760,
        2920,
        3080,
        3240,
        3400,
        3560,
        3720,
        3880,
        4040
      ]
    },
    "ATTR": {
      "301": [
        10,
        20,
        30,
        40,
        50,
        60,
        70,
        80,
        90,
        100,
        110,
        120,
        130,
        140,
        150,
        160,
        170,
        180,
        190,
        200
      ],
      "302": [
        10,
        20,
        30,
        40,
        50,
        60,
        70,
        80,
        90,
        100,
        110,
        120,
        130,
        140,
        150,
        160,
        170,
        180,
        190,
        200
      ]
    }
  },
  "101": {
    "OCCU": 1,
    "ATTR": {
      "301": [
        10,
        20,
        30,
        40,
        50,
        60,
        70,
        80,
        90,
        100,
        110,
        120,
        130,
        140,
        150,
        160,
        170,
        180,
        190,
        200,
        210,
        220,
        230,
        240,
        250,
        260,
        270,
        280,
        290,
        300,
        310,
        320,
        330,
        340,
        350,
        360,
        370,
        380,
        390,
        400,
        410,
        420,
        430,
        440,
        450,
        460,
        470,
        480,
        490,
        500,
        510,
        520,
        530,
        540,
        550,
        560,
        570,
        580,
        590,
        600
      ]
    },
    "COST": {
      "38006": [
        5000,
        10000,
        15000,
        20000,
        25000,
        30000,
        35000,
        40000,
        45000,
        50000,
        55000,
        60000,
        65000,
        70000,
        75000,
        80000,
        85000,
        90000,
        95000,
        100000,
        105000,
        110000,
        115000,
        120000,
        125000,
        130000,
        135000,
        140000,
        145000,
        150000,
        155000,
        160000,
        165000,
        170000,
        175000,
        180000,
        185000,
        190000,
        195000,
        200000,
        205000,
        210000,
        215000,
        220000,
        225000,
        230000,
        235000,
        240000,
        245000,
        250000,
        255000,
        260000,
        265000,
        270000,
        275000,
        280000,
        285000,
        290000,
        295000,
        300000
      ],
      "30020": [
        10,
        20,
        30,
        40,
        50,
        60,
        70,
        80,
        90,
        100,
        110,
        120,
        130,
        140,
        150,
        160,
        170,
        180,
        190,
        200,
        210,
        220,
        230,
        240,
        250,
        260,
        270,
        280,
        290,
        300,
        310,
        320,
        330,
        340,
        350,
        360,
        370,
        380,
        390,
        400,
        410,
        420,
        430,
        440,
        450,
        460,
        470,
        480,
        490,
        500,
        510,
        520,
        530,
        540,
        550,
        560,
        570,
        580,
        590,
        600
      ]
    },
    "NAME": "战士生命",
    "NAME_VN": "Chiến Sĩ Sinh Mệnh"
  },
  "206": {
    "NAME": "刺客冷却",
    "NAME_VN": "Thích Khách Hồi Chiêu",
    "OCCU": 2,
    "PRE": {
      "ID": 205,
      "LV": 10
    },
    "COST": {
      "38006": [
        200000,
        230000,
        260000,
        290000,
        320000,
        350000,
        380000,
        410000,
        440000,
        470000,
        500000,
        530000,
        560000,
        590000,
        620000,
        650000,
        680000,
        710000,
        740000,
        770000
      ],
      "30020": [
        800,
        900,
        1000,
        1100,
        1200,
        1300,
        1400,
        1500,
        1600,
        1700,
        1800,
        1900,
        2000,
        2100,
        2200,
        2300,
        2400,
        2500,
        2600,
        2700
      ]
    },
    "ATTR": {
      "215": [
        5,
        10,
        15,
        20,
        25,
        30,
        35,
        40,
        45,
        50,
        55,
        60,
        65,
        70,
        75,
        80,
        85,
        90,
        95,
        100
      ]
    }
  },
  "108": {
    "NAME": "战士聚能",
    "NAME_VN": "Chiến Sĩ Tụ Năng",
    "OCCU": 1,
    "PRE": {
      "ID": 107,
      "LV": 10
    },
    "COST": {
      "38006": [
        400000,
        430000,
        460000,
        490000,
        520000,
        550000,
        580000,
        610000,
        640000,
        670000,
        700000,
        730000,
        760000,
        790000,
        820000,
        850000,
        880000,
        910000,
        940000,
        970000
      ],
      "30020": [
        1400,
        1600,
        1800,
        2000,
        2200,
        2400,
        2600,
        2800,
        3000,
        3200,
        3400,
        3600,
        3800,
        4000,
        4200,
        4400,
        4600,
        4800,
        5000,
        5200
      ]
    },
    "ATTR": {
      "301": [
        10,
        20,
        30,
        40,
        50,
        60,
        70,
        80,
        90,
        100,
        110,
        120,
        130,
        140,
        150,
        160,
        170,
        180,
        190,
        200
      ],
      "402": [
        10,
        20,
        30,
        40,
        50,
        60,
        70,
        80,
        90,
        100,
        110,
        120,
        130,
        140,
        150,
        160,
        170,
        180,
        190,
        200
      ]
    }
  },
  "208": {
    "NAME": "刺客聚能",
    "NAME_VN": "Thích Khách Tụ Năng",
    "OCCU": 2,
    "PRE": {
      "ID": 207,
      "LV": 10
    },
    "COST": {
      "38006": [
        400000,
        430000,
        460000,
        490000,
        520000,
        550000,
        580000,
        610000,
        640000,
        670000,
        700000,
        730000,
        760000,
        790000,
        820000,
        850000,
        880000,
        910000,
        940000,
        970000
      ],
      "30020": [
        1400,
        1600,
        1800,
        2000,
        2200,
        2400,
        2600,
        2800,
        3000,
        3200,
        3400,
        3600,
        3800,
        4000,
        4200,
        4400,
        4600,
        4800,
        5000,
        5200
      ]
    },
    "ATTR": {
      "301": [
        10,
        20,
        30,
        40,
        50,
        60,
        70,
        80,
        90,
        100,
        110,
        120,
        130,
        140,
        150,
        160,
        170,
        180,
        190,
        200
      ],
      "402": [
        10,
        20,
        30,
        40,
        50,
        60,
        70,
        80,
        90,
        100,
        110,
        120,
        130,
        140,
        150,
        160,
        170,
        180,
        190,
        200
      ]
    }
  },
  "504": {
    "NAME": "辅助暴击",
    "NAME_VN": "Phụ Trợ Bạo Kích",
    "OCCU": 5,
    "PRE": {
      "ID": 503,
      "LV": 10
    },
    "COST": {
      "38006": [
        100000,
        110000,
        120000,
        130000,
        140000,
        150000,
        160000,
        170000,
        180000,
        190000,
        200000,
        210000,
        220000,
        230000,
        240000,
        250000,
        260000,
        270000,
        280000,
        290000,
        300000,
        310000,
        320000,
        330000,
        340000,
        350000,
        360000,
        370000,
        380000,
        390000
      ],
      "30020": [
        160,
        178,
        196,
        214,
        232,
        250,
        268,
        286,
        304,
        322,
        340,
        358,
        376,
        394,
        412,
        430,
        448,
        466,
        484,
        502,
        520,
        538,
        556,
        574,
        592,
        610,
        628,
        646,
        664,
        682
      ]
    },
    "ATTR": {
      "205": [
        5,
        10,
        15,
        20,
        25,
        30,
        35,
        40,
        45,
        50,
        55,
        60,
        65,
        70,
        75,
        80,
        85,
        90,
        95,
        100,
        105,
        110,
        115,
        120,
        125,
        130,
        135,
        140,
        145,
        150
      ]
    }
  },
  "103": {
    "NAME": "战士集气",
    "NAME_VN": "Chiến Sĩ Tập Khí",
    "OCCU": 1,
    "PRE": {
      "ID": 102,
      "LV": 10
    },
    "COST": {
      "38006": [
        60000,
        67500,
        75000,
        82500,
        90000,
        97500,
        105000,
        112500,
        120000,
        127500,
        135000,
        142500,
        150000,
        157500,
        165000,
        172500,
        180000,
        187500,
        195000,
        202500,
        210000,
        217500,
        225000,
        232500,
        240000,
        247500,
        255000,
        262500,
        270000,
        277500,
        285000,
        292500,
        300000,
        307500,
        315000,
        322500,
        330000,
        337500,
        345000,
        352500
      ],
      "30020": [
        100,
        114,
        128,
        142,
        156,
        170,
        184,
        198,
        212,
        226,
        240,
        254,
        268,
        282,
        296,
        310,
        324,
        338,
        352,
        366,
        380,
        394,
        408,
        422,
        436,
        450,
        464,
        478,
        492,
        506,
        520,
        534,
        548,
        562,
        576,
        590,
        604,
        618,
        632,
        646
      ]
    },
    "ATTR": {
      "201": [
        5,
        10,
        15,
        20,
        25,
        30,
        35,
        40,
        45,
        50,
        55,
        60,
        65,
        70,
        75,
        80,
        85,
        90,
        95,
        100,
        105,
        110,
        115,
        120,
        125,
        130,
        135,
        140,
        145,
        150,
        155,
        160,
        165,
        170,
        175,
        180,
        185,
        190,
        195,
        200
      ]
    }
  },
  "406": {
    "NAME": "法师冷却",
    "NAME_VN": "Pháp Sư Hồi Chiêu",
    "OCCU": 4,
    "PRE": {
      "ID": 405,
      "LV": 10
    },
    "COST": {
      "38006": [
        200000,
        230000,
        260000,
        290000,
        320000,
        350000,
        380000,
        410000,
        440000,
        470000,
        500000,
        530000,
        560000,
        590000,
        620000,
        650000,
        680000,
        710000,
        740000,
        770000
      ],
      "30020": [
        800,
        900,
        1000,
        1100,
        1200,
        1300,
        1400,
        1500,
        1600,
        1700,
        1800,
        1900,
        2000,
        2100,
        2200,
        2300,
        2400,
        2500,
        2600,
        2700
      ]
    },
    "ATTR": {
      "215": [
        5,
        10,
        15,
        20,
        25,
        30,
        35,
        40,
        45,
        50,
        55,
        60,
        65,
        70,
        75,
        80,
        85,
        90,
        95,
        100
      ]
    }
  },
  "501": {
    "OCCU": 5,
    "ATTR": {
      "301": [
        10,
        20,
        30,
        40,
        50,
        60,
        70,
        80,
        90,
        100,
        110,
        120,
        130,
        140,
        150,
        160,
        170,
        180,
        190,
        200,
        210,
        220,
        230,
        240,
        250,
        260,
        270,
        280,
        290,
        300,
        310,
        320,
        330,
        340,
        350,
        360,
        370,
        380,
        390,
        400,
        410,
        420,
        430,
        440,
        450,
        460,
        470,
        480,
        490,
        500,
        510,
        520,
        530,
        540,
        550,
        560,
        570,
        580,
        590,
        600
      ]
    },
    "COST": {
      "38006": [
        5000,
        10000,
        15000,
        20000,
        25000,
        30000,
        35000,
        40000,
        45000,
        50000,
        55000,
        60000,
        65000,
        70000,
        75000,
        80000,
        85000,
        90000,
        95000,
        100000,
        105000,
        110000,
        115000,
        120000,
        125000,
        130000,
        135000,
        140000,
        145000,
        150000,
        155000,
        160000,
        165000,
        170000,
        175000,
        180000,
        185000,
        190000,
        195000,
        200000,
        205000,
        210000,
        215000,
        220000,
        225000,
        230000,
        235000,
        240000,
        245000,
        250000,
        255000,
        260000,
        265000,
        270000,
        275000,
        280000,
        285000,
        290000,
        295000,
        300000
      ],
      "30020": [
        10,
        20,
        30,
        40,
        50,
        60,
        70,
        80,
        90,
        100,
        110,
        120,
        130,
        140,
        150,
        160,
        170,
        180,
        190,
        200,
        210,
        220,
        230,
        240,
        250,
        260,
        270,
        280,
        290,
        300,
        310,
        320,
        330,
        340,
        350,
        360,
        370,
        380,
        390,
        400,
        410,
        420,
        430,
        440,
        450,
        460,
        470,
        480,
        490,
        500,
        510,
        520,
        530,
        540,
        550,
        560,
        570,
        580,
        590,
        600
      ]
    },
    "NAME": "辅助生命",
    "NAME_VN": "Phụ Trợ Sinh Mệnh"
  },
  "301": {
    "OCCU": 3,
    "ATTR": {
      "301": [
        10,
        20,
        30,
        40,
        50,
        60,
        70,
        80,
        90,
        100,
        110,
        120,
        130,
        140,
        150,
        160,
        170,
        180,
        190,
        200,
        210,
        220,
        230,
        240,
        250,
        260,
        270,
        280,
        290,
        300,
        310,
        320,
        330,
        340,
        350,
        360,
        370,
        380,
        390,
        400,
        410,
        420,
        430,
        440,
        450,
        460,
        470,
        480,
        490,
        500,
        510,
        520,
        530,
        540,
        550,
        560,
        570,
        580,
        590,
        600
      ]
    },
    "COST": {
      "38006": [
        5000,
        10000,
        15000,
        20000,
        25000,
        30000,
        35000,
        40000,
        45000,
        50000,
        55000,
        60000,
        65000,
        70000,
        75000,
        80000,
        85000,
        90000,
        95000,
        100000,
        105000,
        110000,
        115000,
        120000,
        125000,
        130000,
        135000,
        140000,
        145000,
        150000,
        155000,
        160000,
        165000,
        170000,
        175000,
        180000,
        185000,
        190000,
        195000,
        200000,
        205000,
        210000,
        215000,
        220000,
        225000,
        230000,
        235000,
        240000,
        245000,
        250000,
        255000,
        260000,
        265000,
        270000,
        275000,
        280000,
        285000,
        290000,
        295000,
        300000
      ],
      "30020": [
        10,
        20,
        30,
        40,
        50,
        60,
        70,
        80,
        90,
        100,
        110,
        120,
        130,
        140,
        150,
        160,
        170,
        180,
        190,
        200,
        210,
        220,
        230,
        240,
        250,
        260,
        270,
        280,
        290,
        300,
        310,
        320,
        330,
        340,
        350,
        360,
        370,
        380,
        390,
        400,
        410,
        420,
        430,
        440,
        450,
        460,
        470,
        480,
        490,
        500,
        510,
        520,
        530,
        540,
        550,
        560,
        570,
        580,
        590,
        600
      ]
    },
    "NAME": "射手生命",
    "NAME_VN": "Xạ Thủ Sinh Mệnh"
  },
  "302": {
    "NAME": "射手攻击",
    "NAME_VN": "Xạ Thủ Tấn Công",
    "OCCU": 3,
    "PRE": {
      "ID": 301,
      "LV": 10
    },
    "COST": {
      "38006": [
        30000,
        36000,
        42000,
        48000,
        54000,
        60000,
        66000,
        72000,
        78000,
        84000,
        90000,
        96000,
        102000,
        108000,
        114000,
        120000,
        126000,
        132000,
        138000,
        144000,
        150000,
        156000,
        162000,
        168000,
        174000,
        180000,
        186000,
        192000,
        198000,
        204000,
        210000,
        216000,
        222000,
        228000,
        234000,
        240000,
        246000,
        252000,
        258000,
        264000,
        270000,
        276000,
        282000,
        288000,
        294000,
        300000,
        306000,
        312000,
        318000,
        324000
      ],
      "30020": [
        50,
        62,
        74,
        86,
        98,
        110,
        122,
        134,
        146,
        158,
        170,
        182,
        194,
        206,
        218,
        230,
        242,
        254,
        266,
        278,
        290,
        302,
        314,
        326,
        338,
        350,
        362,
        374,
        386,
        398,
        410,
        422,
        434,
        446,
        458,
        470,
        482,
        494,
        506,
        518,
        530,
        542,
        554,
        566,
        578,
        590,
        602,
        614,
        626,
        638
      ]
    },
    "ATTR": {
      "302": [
        5,
        10,
        15,
        20,
        25,
        30,
        35,
        40,
        45,
        50,
        55,
        60,
        65,
        70,
        75,
        80,
        85,
        90,
        95,
        100,
        105,
        110,
        115,
        120,
        125,
        130,
        135,
        140,
        145,
        150,
        155,
        160,
        165,
        170,
        175,
        180,
        185,
        190,
        195,
        200,
        205,
        210,
        215,
        220,
        225,
        230,
        235,
        240,
        245,
        250
      ]
    }
  },
  "408": {
    "NAME": "法师聚能",
    "NAME_VN": "Pháp Sư Tụ Năng",
    "OCCU": 4,
    "PRE": {
      "ID": 407,
      "LV": 10
    },
    "COST": {
      "38006": [
        400000,
        430000,
        460000,
        490000,
        520000,
        550000,
        580000,
        610000,
        640000,
        670000,
        700000,
        730000,
        760000,
        790000,
        820000,
        850000,
        880000,
        910000,
        940000,
        970000
      ],
      "30020": [
        1400,
        1600,
        1800,
        2000,
        2200,
        2400,
        2600,
        2800,
        3000,
        3200,
        3400,
        3600,
        3800,
        4000,
        4200,
        4400,
        4600,
        4800,
        5000,
        5200
      ]
    },
    "ATTR": {
      "301": [
        10,
        20,
        30,
        40,
        50,
        60,
        70,
        80,
        90,
        100,
        110,
        120,
        130,
        140,
        150,
        160,
        170,
        180,
        190,
        200
      ],
      "402": [
        10,
        20,
        30,
        40,
        50,
        60,
        70,
        80,
        90,
        100,
        110,
        120,
        130,
        140,
        150,
        160,
        170,
        180,
        190,
        200
      ]
    }
  },
  "503": {
    "NAME": "辅助集气",
    "NAME_VN": "Phụ Trợ Tập Khí",
    "OCCU": 5,
    "PRE": {
      "ID": 502,
      "LV": 10
    },
    "COST": {
      "38006": [
        60000,
        67500,
        75000,
        82500,
        90000,
        97500,
        105000,
        112500,
        120000,
        127500,
        135000,
        142500,
        150000,
        157500,
        165000,
        172500,
        180000,
        187500,
        195000,
        202500,
        210000,
        217500,
        225000,
        232500,
        240000,
        247500,
        255000,
        262500,
        270000,
        277500,
        285000,
        292500,
        300000,
        307500,
        315000,
        322500,
        330000,
        337500,
        345000,
        352500
      ],
      "30020": [
        100,
        114,
        128,
        142,
        156,
        170,
        184,
        198,
        212,
        226,
        240,
        254,
        268,
        282,
        296,
        310,
        324,
        338,
        352,
        366,
        380,
        394,
        408,
        422,
        436,
        450,
        464,
        478,
        492,
        506,
        520,
        534,
        548,
        562,
        576,
        590,
        604,
        618,
        632,
        646
      ]
    },
    "ATTR": {
      "201": [
        5,
        10,
        15,
        20,
        25,
        30,
        35,
        40,
        45,
        50,
        55,
        60,
        65,
        70,
        75,
        80,
        85,
        90,
        95,
        100,
        105,
        110,
        115,
        120,
        125,
        130,
        135,
        140,
        145,
        150,
        155,
        160,
        165,
        170,
        175,
        180,
        185,
        190,
        195,
        200
      ]
    }
  },
  "204": {
    "NAME": "刺客暴击",
    "NAME_VN": "Thích Khách Bạo Kích",
    "OCCU": 2,
    "PRE": {
      "ID": 203,
      "LV": 10
    },
    "COST": {
      "38006": [
        100000,
        110000,
        120000,
        130000,
        140000,
        150000,
        160000,
        170000,
        180000,
        190000,
        200000,
        210000,
        220000,
        230000,
        240000,
        250000,
        260000,
        270000,
        280000,
        290000,
        300000,
        310000,
        320000,
        330000,
        340000,
        350000,
        360000,
        370000,
        380000,
        390000
      ],
      "30020": [
        160,
        178,
        196,
        214,
        232,
        250,
        268,
        286,
        304,
        322,
        340,
        358,
        376,
        394,
        412,
        430,
        448,
        466,
        484,
        502,
        520,
        538,
        556,
        574,
        592,
        610,
        628,
        646,
        664,
        682
      ]
    },
    "ATTR": {
      "205": [
        5,
        10,
        15,
        20,
        25,
        30,
        35,
        40,
        45,
        50,
        55,
        60,
        65,
        70,
        75,
        80,
        85,
        90,
        95,
        100,
        105,
        110,
        115,
        120,
        125,
        130,
        135,
        140,
        145,
        150
      ]
    }
  },
  "303": {
    "NAME": "射手集气",
    "NAME_VN": "Xạ Thủ Tập Khí",
    "OCCU": 3,
    "PRE": {
      "ID": 302,
      "LV": 10
    },
    "COST": {
      "38006": [
        60000,
        67500,
        75000,
        82500,
        90000,
        97500,
        105000,
        112500,
        120000,
        127500,
        135000,
        142500,
        150000,
        157500,
        165000,
        172500,
        180000,
        187500,
        195000,
        202500,
        210000,
        217500,
        225000,
        232500,
        240000,
        247500,
        255000,
        262500,
        270000,
        277500,
        285000,
        292500,
        300000,
        307500,
        315000,
        322500,
        330000,
        337500,
        345000,
        352500
      ],
      "30020": [
        100,
        114,
        128,
        142,
        156,
        170,
        184,
        198,
        212,
        226,
        240,
        254,
        268,
        282,
        296,
        310,
        324,
        338,
        352,
        366,
        380,
        394,
        408,
        422,
        436,
        450,
        464,
        478,
        492,
        506,
        520,
        534,
        548,
        562,
        576,
        590,
        604,
        618,
        632,
        646
      ]
    },
    "ATTR": {
      "201": [
        5,
        10,
        15,
        20,
        25,
        30,
        35,
        40,
        45,
        50,
        55,
        60,
        65,
        70,
        75,
        80,
        85,
        90,
        95,
        100,
        105,
        110,
        115,
        120,
        125,
        130,
        135,
        140,
        145,
        150,
        155,
        160,
        165,
        170,
        175,
        180,
        185,
        190,
        195,
        200
      ]
    }
  },
  "407": {
    "NAME": "法师愤怒",
    "NAME_VN": "Pháp Sư Phẫn Nộ",
    "OCCU": 4,
    "PRE": {
      "ID": 406,
      "LV": 10
    },
    "COST": {
      "38006": [
        300000,
        330000,
        360000,
        390000,
        420000,
        450000,
        480000,
        510000,
        540000,
        570000,
        600000,
        630000,
        660000,
        690000,
        720000,
        750000,
        780000,
        810000,
        840000,
        870000
      ],
      "30020": [
        1000,
        1160,
        1320,
        1480,
        1640,
        1800,
        1960,
        2120,
        2280,
        2440,
        2600,
        2760,
        2920,
        3080,
        3240,
        3400,
        3560,
        3720,
        3880,
        4040
      ]
    },
    "ATTR": {
      "301": [
        10,
        20,
        30,
        40,
        50,
        60,
        70,
        80,
        90,
        100,
        110,
        120,
        130,
        140,
        150,
        160,
        170,
        180,
        190,
        200
      ],
      "302": [
        10,
        20,
        30,
        40,
        50,
        60,
        70,
        80,
        90,
        100,
        110,
        120,
        130,
        140,
        150,
        160,
        170,
        180,
        190,
        200
      ]
    }
  },
  "502": {
    "NAME": "辅助攻击",
    "NAME_VN": "Phụ Trợ Tấn Công",
    "OCCU": 5,
    "PRE": {
      "ID": 501,
      "LV": 10
    },
    "COST": {
      "38006": [
        30000,
        36000,
        42000,
        48000,
        54000,
        60000,
        66000,
        72000,
        78000,
        84000,
        90000,
        96000,
        102000,
        108000,
        114000,
        120000,
        126000,
        132000,
        138000,
        144000,
        150000,
        156000,
        162000,
        168000,
        174000,
        180000,
        186000,
        192000,
        198000,
        204000,
        210000,
        216000,
        222000,
        228000,
        234000,
        240000,
        246000,
        252000,
        258000,
        264000,
        270000,
        276000,
        282000,
        288000,
        294000,
        300000,
        306000,
        312000,
        318000,
        324000
      ],
      "30020": [
        50,
        62,
        74,
        86,
        98,
        110,
        122,
        134,
        146,
        158,
        170,
        182,
        194,
        206,
        218,
        230,
        242,
        254,
        266,
        278,
        290,
        302,
        314,
        326,
        338,
        350,
        362,
        374,
        386,
        398,
        410,
        422,
        434,
        446,
        458,
        470,
        482,
        494,
        506,
        518,
        530,
        542,
        554,
        566,
        578,
        590,
        602,
        614,
        626,
        638
      ]
    },
    "ATTR": {
      "302": [
        5,
        10,
        15,
        20,
        25,
        30,
        35,
        40,
        45,
        50,
        55,
        60,
        65,
        70,
        75,
        80,
        85,
        90,
        95,
        100,
        105,
        110,
        115,
        120,
        125,
        130,
        135,
        140,
        145,
        150,
        155,
        160,
        165,
        170,
        175,
        180,
        185,
        190,
        195,
        200,
        205,
        210,
        215,
        220,
        225,
        230,
        235,
        240,
        245,
        250
      ]
    }
  },
  "201": {
    "OCCU": 2,
    "ATTR": {
      "301": [
        10,
        20,
        30,
        40,
        50,
        60,
        70,
        80,
        90,
        100,
        110,
        120,
        130,
        140,
        150,
        160,
        170,
        180,
        190,
        200,
        210,
        220,
        230,
        240,
        250,
        260,
        270,
        280,
        290,
        300,
        310,
        320,
        330,
        340,
        350,
        360,
        370,
        380,
        390,
        400,
        410,
        420,
        430,
        440,
        450,
        460,
        470,
        480,
        490,
        500,
        510,
        520,
        530,
        540,
        550,
        560,
        570,
        580,
        590,
        600
      ]
    },
    "COST": {
      "38006": [
        5000,
        10000,
        15000,
        20000,
        25000,
        30000,
        35000,
        40000,
        45000,
        50000,
        55000,
        60000,
        65000,
        70000,
        75000,
        80000,
        85000,
        90000,
        95000,
        100000,
        105000,
        110000,
        115000,
        120000,
        125000,
        130000,
        135000,
        140000,
        145000,
        150000,
        155000,
        160000,
        165000,
        170000,
        175000,
        180000,
        185000,
        190000,
        195000,
        200000,
        205000,
        210000,
        215000,
        220000,
        225000,
        230000,
        235000,
        240000,
        245000,
        250000,
        255000,
        260000,
        265000,
        270000,
        275000,
        280000,
        285000,
        290000,
        295000,
        300000
      ],
      "30020": [
        10,
        20,
        30,
        40,
        50,
        60,
        70,
        80,
        90,
        100,
        110,
        120,
        130,
        140,
        150,
        160,
        170,
        180,
        190,
        200,
        210,
        220,
        230,
        240,
        250,
        260,
        270,
        280,
        290,
        300,
        310,
        320,
        330,
        340,
        350,
        360,
        370,
        380,
        390,
        400,
        410,
        420,
        430,
        440,
        450,
        460,
        470,
        480,
        490,
        500,
        510,
        520,
        530,
        540,
        550,
        560,
        570,
        580,
        590,
        600
      ]
    },
    "NAME": "刺客生命",
    "NAME_VN": "Thích Khách Sinh Mệnh"
  },
  "304": {
    "NAME": "射手暴击",
    "NAME_VN": "Xạ Thủ Bạo Kích",
    "OCCU": 3,
    "PRE": {
      "ID": 303,
      "LV": 10
    },
    "COST": {
      "38006": [
        100000,
        110000,
        120000,
        130000,
        140000,
        150000,
        160000,
        170000,
        180000,
        190000,
        200000,
        210000,
        220000,
        230000,
        240000,
        250000,
        260000,
        270000,
        280000,
        290000,
        300000,
        310000,
        320000,
        330000,
        340000,
        350000,
        360000,
        370000,
        380000,
        390000
      ],
      "30020": [
        160,
        178,
        196,
        214,
        232,
        250,
        268,
        286,
        304,
        322,
        340,
        358,
        376,
        394,
        412,
        430,
        448,
        466,
        484,
        502,
        520,
        538,
        556,
        574,
        592,
        610,
        628,
        646,
        664,
        682
      ]
    },
    "ATTR": {
      "205": [
        5,
        10,
        15,
        20,
        25,
        30,
        35,
        40,
        45,
        50,
        55,
        60,
        65,
        70,
        75,
        80,
        85,
        90,
        95,
        100,
        105,
        110,
        115,
        120,
        125,
        130,
        135,
        140,
        145,
        150
      ]
    }
  },
  "308": {
    "NAME": "射手聚能",
    "NAME_VN": "Xạ Thủ Tụ Năng",
    "OCCU": 3,
    "PRE": {
      "ID": 307,
      "LV": 10
    },
    "COST": {
      "38006": [
        400000,
        430000,
        460000,
        490000,
        520000,
        550000,
        580000,
        610000,
        640000,
        670000,
        700000,
        730000,
        760000,
        790000,
        820000,
        850000,
        880000,
        910000,
        940000,
        970000
      ],
      "30020": [
        1400,
        1600,
        1800,
        2000,
        2200,
        2400,
        2600,
        2800,
        3000,
        3200,
        3400,
        3600,
        3800,
        4000,
        4200,
        4400,
        4600,
        4800,
        5000,
        5200
      ]
    },
    "ATTR": {
      "301": [
        10,
        20,
        30,
        40,
        50,
        60,
        70,
        80,
        90,
        100,
        110,
        120,
        130,
        140,
        150,
        160,
        170,
        180,
        190,
        200
      ],
      "402": [
        10,
        20,
        30,
        40,
        50,
        60,
        70,
        80,
        90,
        100,
        110,
        120,
        130,
        140,
        150,
        160,
        170,
        180,
        190,
        200
      ]
    }
  },
  "107": {
    "NAME": "战士愤怒",
    "NAME_VN": "Chiến Sĩ Phẫn Nộ",
    "OCCU": 1,
    "PRE": {
      "ID": 106,
      "LV": 10
    },
    "COST": {
      "38006": [
        300000,
        330000,
        360000,
        390000,
        420000,
        450000,
        480000,
        510000,
        540000,
        570000,
        600000,
        630000,
        660000,
        690000,
        720000,
        750000,
        780000,
        810000,
        840000,
        870000
      ],
      "30020": [
        1000,
        1160,
        1320,
        1480,
        1640,
        1800,
        1960,
        2120,
        2280,
        2440,
        2600,
        2760,
        2920,
        3080,
        3240,
        3400,
        3560,
        3720,
        3880,
        4040
      ]
    },
    "ATTR": {
      "301": [
        10,
        20,
        30,
        40,
        50,
        60,
        70,
        80,
        90,
        100,
        110,
        120,
        130,
        140,
        150,
        160,
        170,
        180,
        190,
        200
      ],
      "302": [
        10,
        20,
        30,
        40,
        50,
        60,
        70,
        80,
        90,
        100,
        110,
        120,
        130,
        140,
        150,
        160,
        170,
        180,
        190,
        200
      ]
    }
  }
}