[
  {
    "CHK": [
      90234,
      90235,
      90236,
      90237
    ],
    "RMARK": {
      "N": 90224,
      "S": 90225
    },
    "ITEMS": {
      "N": [
        {
          "COUNT": 50,
          "GSID": 30029
        },
        {
          "COUNT": 200,
          "GSID": 38005
        }
      ],
      "S": [
        {
          "COUNT": 2000,
          "GSID": 38005
        },
        {
          "COUNT": 10,
          "GSID": 30006
        }
      ]
    },
    "NAME": "完成所有远征任务",
    "NAME_VN": "Hoàn thành tất cả nhiệm vụ Viễn Chinh."
  },
  {
    "CHK": [
      {
        "COUNT": 20,
        "GSID": 90242
      },
      {
        "COUNT": 8,
        "GSID": 90243
      },
      {
        "COUNT": 3,
        "GSID": 90244
      },
      {
        "COUNT": 1,
        "GSID": 90245
      }
    ],
    "RMARK": {
      "N": 90226,
      "S": 90227
    },
    "ITEMS": {
      "N": [
        {
          "COUNT": 50,
          "GSID": 30029
        },
        {
          "COUNT": 200,
          "GSID": 38005
        }
      ],
      "S": [
        {
          "COUNT": 1000,
          "GSID": 38005
        },
        {
          "COUNT": 1,
          "GSID": 32101
        }
      ]
    },
    "NAME": "完成所有封神任务",
    "NAME_VN": "Hoàn thành tất cả nhiệm vụ Phong Thần."
  },
  {
    "CHK": [
      90250,
      90251,
      90252,
      90253
    ],
    "RMARK": {
      "N": 90228,
      "S": 90229
    },
    "ITEMS": {
      "N": [
        {
          "COUNT": 50,
          "GSID": 30029
        },
        {
          "COUNT": 200,
          "GSID": 38005
        }
      ],
      "S": [
        {
          "COUNT": 1000,
          "GSID": 38005
        },
        {
          "COUNT": 100,
          "GSID": 30029
        }
      ]
    },
    "NAME": "完成所有内政任务",
    "NAME_VN": "Hoàn thành tất cả nhiệm vụ Nội Chính."
  },
  {
    "CHK": [
      90255,
      90256,
      90257,
      90258,
      90337,
      90338,
      90339,
      90340
    ],
    "RMARK": {
      "N": 90230,
      "S": 90231
    },
    "ITEMS": {
      "N": [
        {
          "COUNT": 50,
          "GSID": 30029
        },
        {
          "COUNT": 200,
          "GSID": 38005
        }
      ],
      "S": [
        {
          "COUNT": 1000,
          "GSID": 38005
        },
        {
          "COUNT": 100,
          "GSID": 30029
        }
      ]
    },
    "NAME": "完成所有演武任务",
    "NAME_VN": "Hoàn thành tất cả nhiệm vụ Diễn Võ."
  }
]