[
  [
    {
      "COUNT": 100000,
      "GSID": 38006
    },
    {
      "COUNT": 50,
      "GSID": 30016
    }
  ],
  [
    {
      "COUNT": 5000,
      "GSID": 38006
    },
    {
      "COUNT": 6,
      "GSID": 30016
    }
  ],
  [
    {
      "COUNT": 10000,
      "GSID": 38006
    },
    {
      "COUNT": 12,
      "GSID": 30016
    }
  ],
  [
    {
      "COUNT": 15000,
      "GSID": 38006
    },
    {
      "COUNT": 18,
      "GSID": 30016
    }
  ],
  [
    {
      "COUNT": 20000,
      "GSID": 38006
    },
    {
      "COUNT": 24,
      "GSID": 30016
    }
  ],
  [
    {
      "COUNT": 30000,
      "GSID": 38006
    },
    {
      "COUNT": 30,
      "GSID": 30016
    }
  ],
  [
    {
      "COUNT": 40000,
      "GSID": 38006
    },
    {
      "COUNT": 36,
      "GSID": 30016
    }
  ],
  [
    {
      "COUNT": 50000,
      "GSID": 38006
    },
    {
      "COUNT": 42,
      "GSID": 30016
    }
  ],
  [
    {
      "COUNT": 60000,
      "GSID": 38006
    },
    {
      "COUNT": 48,
      "GSID": 30016
    }
  ],
  [
    {
      "COUNT": 70000,
      "GSID": 38006
    },
    {
      "COUNT": 54,
      "GSID": 30016
    }
  ],
  [
    {
      "COUNT": 80000,
      "GSID": 38006
    },
    {
      "COUNT": 70,
      "GSID": 30016
    }
  ],
  [
    {
      "COUNT": 90000,
      "GSID": 38006
    },
    {
      "COUNT": 100,
      "GSID": 30016
    }
  ],
  [
    {
      "COUNT": 100000,
      "GSID": 38006
    },
    {
      "COUNT": 130,
      "GSID": 30016
    }
  ],
  [
    {
      "COUNT": 110000,
      "GSID": 38006
    },
    {
      "COUNT": 160,
      "GSID": 30016
    }
  ],
  [
    {
      "COUNT": 120000,
      "GSID": 38006
    },
    {
      "COUNT": 190,
      "GSID": 30016
    }
  ],
  [
    {
      "COUNT": 130000,
      "GSID": 38006
    },
    {
      "COUNT": 220,
      "GSID": 30016
    }
  ],
  [
    {
      "COUNT": 140000,
      "GSID": 38006
    },
    {
      "COUNT": 250,
      "GSID": 30016
    }
  ],
  [
    {
      "COUNT": 150000,
      "GSID": 38006
    },
    {
      "COUNT": 280,
      "GSID": 30016
    }
  ],
  [
    {
      "COUNT": 160000,
      "GSID": 38006
    },
    {
      "COUNT": 310,
      "GSID": 30016
    }
  ],
  [
    {
      "COUNT": 170000,
      "GSID": 38006
    },
    {
      "COUNT": 340,
      "GSID": 30016
    }
  ],
  [
    {
      "COUNT": 180000,
      "GSID": 38006
    },
    {
      "COUNT": 370,
      "GSID": 30016
    }
  ],
  [
    {
      "COUNT": 190000,
      "GSID": 38006
    },
    {
      "COUNT": 400,
      "GSID": 30016
    }
  ],
  [
    {
      "COUNT": 200000,
      "GSID": 38006
    },
    {
      "COUNT": 430,
      "GSID": 30016
    }
  ],
  [
    {
      "COUNT": 210000,
      "GSID": 38006
    },
    {
      "COUNT": 460,
      "GSID": 30016
    }
  ],
  [
    {
      "COUNT": 220000,
      "GSID": 38006
    },
    {
      "COUNT": 490,
      "GSID": 30016
    }
  ],
  [
    {
      "COUNT": 230000,
      "GSID": 38006
    },
    {
      "COUNT": 520,
      "GSID": 30016
    }
  ],
  [
    {
      "COUNT": 240000,
      "GSID": 38006
    },
    {
      "COUNT": 550,
      "GSID": 30016
    }
  ],
  [
    {
      "COUNT": 250000,
      "GSID": 38006
    },
    {
      "COUNT": 580,
      "GSID": 30016
    }
  ],
  [
    {
      "COUNT": 260000,
      "GSID": 38006
    },
    {
      "COUNT": 610,
      "GSID": 30016
    }
  ],
  [
    {
      "COUNT": 270000,
      "GSID": 38006
    },
    {
      "COUNT": 640,
      "GSID": 30016
    }
  ],
  [
    {
      "COUNT": 300000,
      "GSID": 38006
    },
    {
      "COUNT": 660,
      "GSID": 30016
    }
  ],
  [
    {
      "COUNT": 310000,
      "GSID": 38006
    },
    {
      "COUNT": 680,
      "GSID": 30016
    }
  ],
  [
    {
      "COUNT": 320000,
      "GSID": 38006
    },
    {
      "COUNT": 700,
      "GSID": 30016
    }
  ],
  [
    {
      "COUNT": 330000,
      "GSID": 38006
    },
    {
      "COUNT": 720,
      "GSID": 30016
    }
  ],
  [
    {
      "COUNT": 340000,
      "GSID": 38006
    },
    {
      "COUNT": 740,
      "GSID": 30016
    }
  ],
  [
    {
      "COUNT": 350000,
      "GSID": 38006
    },
    {
      "COUNT": 760,
      "GSID": 30016
    }
  ],
  [
    {
      "COUNT": 360000,
      "GSID": 38006
    },
    {
      "COUNT": 780,
      "GSID": 30016
    }
  ],
  [
    {
      "COUNT": 370000,
      "GSID": 38006
    },
    {
      "COUNT": 800,
      "GSID": 30016
    }
  ],
  [
    {
      "COUNT": 380000,
      "GSID": 38006
    },
    {
      "COUNT": 820,
      "GSID": 30016
    }
  ],
  [
    {
      "COUNT": 390000,
      "GSID": 38006
    },
    {
      "COUNT": 840,
      "GSID": 30016
    }
  ],
  [
    {
      "COUNT": 400000,
      "GSID": 38006
    },
    {
      "COUNT": 860,
      "GSID": 30016
    }
  ],
  [
    {
      "COUNT": 410000,
      "GSID": 38006
    },
    {
      "COUNT": 880,
      "GSID": 30016
    }
  ],
  [
    {
      "COUNT": 420000,
      "GSID": 38006
    },
    {
      "COUNT": 900,
      "GSID": 30016
    }
  ],
  [
    {
      "COUNT": 430000,
      "GSID": 38006
    },
    {
      "COUNT": 920,
      "GSID": 30016
    }
  ],
  [
    {
      "COUNT": 440000,
      "GSID": 38006
    },
    {
      "COUNT": 940,
      "GSID": 30016
    }
  ],
  [
    {
      "COUNT": 450000,
      "GSID": 38006
    },
    {
      "COUNT": 960,
      "GSID": 30016
    }
  ],
  [
    {
      "COUNT": 460000,
      "GSID": 38006
    },
    {
      "COUNT": 980,
      "GSID": 30016
    }
  ],
  [
    {
      "COUNT": 470000,
      "GSID": 38006
    },
    {
      "COUNT": 1000,
      "GSID": 30016
    }
  ],
  [
    {
      "COUNT": 480000,
      "GSID": 38006
    },
    {
      "COUNT": 1020,
      "GSID": 30016
    }
  ],
  [
    {
      "COUNT": 490000,
      "GSID": 38006
    },
    {
      "COUNT": 1040,
      "GSID": 30016
    }
  ],
  [
    {
      "COUNT": 500000,
      "GSID": 38006
    },
    {
      "COUNT": 1060,
      "GSID": 30016
    }
  ],
  [
    {
      "COUNT": 510000,
      "GSID": 38006
    },
    {
      "COUNT": 1080,
      "GSID": 30016
    }
  ],
  [
    {
      "COUNT": 520000,
      "GSID": 38006
    },
    {
      "COUNT": 1100,
      "GSID": 30016
    }
  ],
  [
    {
      "COUNT": 530000,
      "GSID": 38006
    },
    {
      "COUNT": 1120,
      "GSID": 30016
    }
  ],
  [
    {
      "COUNT": 540000,
      "GSID": 38006
    },
    {
      "COUNT": 1140,
      "GSID": 30016
    }
  ],
  [
    {
      "COUNT": 550000,
      "GSID": 38006
    },
    {
      "COUNT": 1160,
      "GSID": 30016
    }
  ],
  [
    {
      "COUNT": 560000,
      "GSID": 38006
    },
    {
      "COUNT": 1180,
      "GSID": 30016
    }
  ],
  [
    {
      "COUNT": 570000,
      "GSID": 38006
    },
    {
      "COUNT": 1200,
      "GSID": 30016
    }
  ],
  [
    {
      "COUNT": 580000,
      "GSID": 38006
    },
    {
      "COUNT": 1220,
      "GSID": 30016
    }
  ],
  [
    {
      "COUNT": 590000,
      "GSID": 38006
    },
    {
      "COUNT": 1240,
      "GSID": 30016
    }
  ],
  [
    {
      "COUNT": 600000,
      "GSID": 38006
    },
    {
      "COUNT": 1250,
      "GSID": 30016
    }
  ],
  [
    {
      "COUNT": 615000,
      "GSID": 38006
    },
    {
      "COUNT": 1270,
      "GSID": 30016
    }
  ],
  [
    {
      "COUNT": 630000,
      "GSID": 38006
    },
    {
      "COUNT": 1290,
      "GSID": 30016
    }
  ],
  [
    {
      "COUNT": 645000,
      "GSID": 38006
    },
    {
      "COUNT": 1310,
      "GSID": 30016
    }
  ],
  [
    {
      "COUNT": 660000,
      "GSID": 38006
    },
    {
      "COUNT": 1330,
      "GSID": 30016
    }
  ],
  [
    {
      "COUNT": 675000,
      "GSID": 38006
    },
    {
      "COUNT": 1350,
      "GSID": 30016
    }
  ],
  [
    {
      "COUNT": 690000,
      "GSID": 38006
    },
    {
      "COUNT": 1370,
      "GSID": 30016
    }
  ],
  [
    {
      "COUNT": 705000,
      "GSID": 38006
    },
    {
      "COUNT": 1390,
      "GSID": 30016
    }
  ],
  [
    {
      "COUNT": 720000,
      "GSID": 38006
    },
    {
      "COUNT": 1410,
      "GSID": 30016
    }
  ],
  [
    {
      "COUNT": 740000,
      "GSID": 38006
    },
    {
      "COUNT": 1430,
      "GSID": 30016
    }
  ],
  [
    {
      "COUNT": 760000,
      "GSID": 38006
    },
    {
      "COUNT": 1450,
      "GSID": 30016
    }
  ],
  [
    {
      "COUNT": 780000,
      "GSID": 38006
    },
    {
      "COUNT": 1470,
      "GSID": 30016
    }
  ],
  [
    {
      "COUNT": 800000,
      "GSID": 38006
    },
    {
      "COUNT": 1490,
      "GSID": 30016
    }
  ],
  [
    {
      "COUNT": 820000,
      "GSID": 38006
    },
    {
      "COUNT": 1510,
      "GSID": 30016
    }
  ],
  [
    {
      "COUNT": 840000,
      "GSID": 38006
    },
    {
      "COUNT": 1530,
      "GSID": 30016
    }
  ],
  [
    {
      "COUNT": 860000,
      "GSID": 38006
    },
    {
      "COUNT": 1550,
      "GSID": 30016
    }
  ],
  [
    {
      "COUNT": 880000,
      "GSID": 38006
    },
    {
      "COUNT": 1570,
      "GSID": 30016
    }
  ],
  [
    {
      "COUNT": 900000,
      "GSID": 38006
    },
    {
      "COUNT": 1590,
      "GSID": 30016
    }
  ],
  [
    {
      "COUNT": 920000,
      "GSID": 38006
    },
    {
      "COUNT": 1610,
      "GSID": 30016
    }
  ],
  [
    {
      "COUNT": 940000,
      "GSID": 38006
    },
    {
      "COUNT": 1630,
      "GSID": 30016
    }
  ],
  [
    {
      "COUNT": 960000,
      "GSID": 38006
    },
    {
      "COUNT": 1650,
      "GSID": 30016
    }
  ],
  [
    {
      "COUNT": 980000,
      "GSID": 38006
    },
    {
      "COUNT": 1670,
      "GSID": 30016
    }
  ],
  [
    {
      "COUNT": 1000000,
      "GSID": 38006
    },
    {
      "COUNT": 1690,
      "GSID": 30016
    }
  ],
  [
    {
      "COUNT": 1020000,
      "GSID": 38006
    },
    {
      "COUNT": 1710,
      "GSID": 30016
    }
  ],
  [
    {
      "COUNT": 1040000,
      "GSID": 38006
    },
    {
      "COUNT": 1730,
      "GSID": 30016
    }
  ],
  [
    {
      "COUNT": 1060000,
      "GSID": 38006
    },
    {
      "COUNT": 1750,
      "GSID": 30016
    }
  ],
  [
    {
      "COUNT": 1080000,
      "GSID": 38006
    },
    {
      "COUNT": 1770,
      "GSID": 30016
    }
  ],
  [
    {
      "COUNT": 1100000,
      "GSID": 38006
    },
    {
      "COUNT": 1790,
      "GSID": 30016
    }
  ],
  [
    {
      "COUNT": 1120000,
      "GSID": 38006
    },
    {
      "COUNT": 1810,
      "GSID": 30016
    }
  ],
  [
    {
      "COUNT": 1140000,
      "GSID": 38006
    },
    {
      "COUNT": 1830,
      "GSID": 30016
    }
  ],
  [
    {
      "COUNT": 1160000,
      "GSID": 38006
    },
    {
      "COUNT": 1850,
      "GSID": 30016
    }
  ],
  [
    {
      "COUNT": 1185000,
      "GSID": 38006
    },
    {
      "COUNT": 1870,
      "GSID": 30016
    }
  ],
  [
    {
      "COUNT": 1210000,
      "GSID": 38006
    },
    {
      "COUNT": 1890,
      "GSID": 30016
    }
  ],
  [
    {
      "COUNT": 1235000,
      "GSID": 38006
    },
    {
      "COUNT": 1910,
      "GSID": 30016
    }
  ],
  [
    {
      "COUNT": 1260000,
      "GSID": 38006
    },
    {
      "COUNT": 1930,
      "GSID": 30016
    }
  ],
  [
    {
      "COUNT": 1285000,
      "GSID": 38006
    },
    {
      "COUNT": 1950,
      "GSID": 30016
    }
  ],
  [
    {
      "COUNT": 1310000,
      "GSID": 38006
    },
    {
      "COUNT": 1970,
      "GSID": 30016
    }
  ],
  [
    {
      "COUNT": 1335000,
      "GSID": 38006
    },
    {
      "COUNT": 1990,
      "GSID": 30016
    }
  ],
  [
    {
      "COUNT": 1360000,
      "GSID": 38006
    },
    {
      "COUNT": 2010,
      "GSID": 30016
    }
  ],
  [
    {
      "COUNT": 1385000,
      "GSID": 38006
    },
    {
      "COUNT": 2030,
      "GSID": 30016
    }
  ],
  [
    {
      "COUNT": 1410000,
      "GSID": 38006
    },
    {
      "COUNT": 2050,
      "GSID": 30016
    }
  ],
  [
    {
      "COUNT": 1435000,
      "GSID": 38006
    },
    {
      "COUNT": 2070,
      "GSID": 30016
    }
  ],
  [
    {
      "COUNT": 1460000,
      "GSID": 38006
    },
    {
      "COUNT": 2090,
      "GSID": 30016
    }
  ],
  [
    {
      "COUNT": 1485000,
      "GSID": 38006
    },
    {
      "COUNT": 2110,
      "GSID": 30016
    }
  ],
  [
    {
      "COUNT": 1510000,
      "GSID": 38006
    },
    {
      "COUNT": 2130,
      "GSID": 30016
    }
  ],
  [
    {
      "COUNT": 1535000,
      "GSID": 38006
    },
    {
      "COUNT": 2150,
      "GSID": 30016
    }
  ],
  [
    {
      "COUNT": 1560000,
      "GSID": 38006
    },
    {
      "COUNT": 2170,
      "GSID": 30016
    }
  ],
  [
    {
      "COUNT": 1585000,
      "GSID": 38006
    },
    {
      "COUNT": 2190,
      "GSID": 30016
    }
  ],
  [
    {
      "COUNT": 1610000,
      "GSID": 38006
    },
    {
      "COUNT": 2210,
      "GSID": 30016
    }
  ],
  [
    {
      "COUNT": 1635000,
      "GSID": 38006
    },
    {
      "COUNT": 2230,
      "GSID": 30016
    }
  ],
  [
    {
      "COUNT": 1660000,
      "GSID": 38006
    },
    {
      "COUNT": 2250,
      "GSID": 30016
    }
  ],
  [
    {
      "COUNT": 1685000,
      "GSID": 38006
    },
    {
      "COUNT": 2270,
      "GSID": 30016
    }
  ],
  [
    {
      "COUNT": 1710000,
      "GSID": 38006
    },
    {
      "COUNT": 2290,
      "GSID": 30016
    }
  ],
  [
    {
      "COUNT": 1735000,
      "GSID": 38006
    },
    {
      "COUNT": 2310,
      "GSID": 30016
    }
  ],
  [
    {
      "COUNT": 1760000,
      "GSID": 38006
    },
    {
      "COUNT": 2330,
      "GSID": 30016
    }
  ],
  [
    {
      "COUNT": 1785000,
      "GSID": 38006
    },
    {
      "COUNT": 2350,
      "GSID": 30016
    }
  ],
  [
    {
      "COUNT": 1810000,
      "GSID": 38006
    },
    {
      "COUNT": 2370,
      "GSID": 30016
    }
  ],
  [
    {
      "COUNT": 1835000,
      "GSID": 38006
    },
    {
      "COUNT": 2390,
      "GSID": 30016
    }
  ],
  [
    {
      "COUNT": 1860000,
      "GSID": 38006
    },
    {
      "COUNT": 2410,
      "GSID": 30016
    }
  ],
  [
    {
      "COUNT": 1885000,
      "GSID": 38006
    },
    {
      "COUNT": 2430,
      "GSID": 30016
    }
  ]
]