[
  {
    "PSK": [
      30,
      0,
      0,
      0
    ],
    "ITEMS": [],
    "MAXLV": 30
  },
  {
    "PSK": [
      30,
      30,
      0,
      0
    ],
    "ITEMS": [
      {
        "COUNT": 500000,
        "GSID": 38006
      },
      {
        "COUNT": 1500,
        "GSID": 30016
      }
    ],
    "MAXLV": 60
  },
  {
    "PSK": [
      30,
      30,
      30,
      0
    ],
    "ITEMS": [
      {
        "COUNT": 1000000,
        "GSID": 38006
      },
      {
        "COUNT": 2500,
        "GSID": 30016
      }
    ],
    "MAXLV": 90
  },
  {
    "PSK": [
      30,
      30,
      30,
      30
    ],
    "ITEMS": [
      {
        "COUNT": 2000000,
        "GSID": 38006
      },
      {
        "COUNT": 3000,
        "GSID": 30016
      }
    ],
    "MAXLV": 120
  }
]