{
  "1": [
    {
      "ID": 101,
      "TYPE": 0,
      "VALUE": 648,
      "ITEMS": [
        {
          "COUNT": 50,
          "GSID": 24401
        },
        {
          "COUNT": 50,
          "GSID": 22021
        },
        {
          "COUNT": 20,
          "GSID": 30009
        }
      ],
      "WEIGHT": 1
    },
    {
      "ID": 102,
      "TYPE": 0,
      "VALUE": 648,
      "ITEMS": [
        {
          "COUNT": 50,
          "GSID": 24001
        },
        {
          "COUNT": 50,
          "GSID": 26001
        },
        {
          "COUNT": 15,
          "GSID": 30011
        }
      ],
      "WEIGHT": 1
    },
    {
      "ID": 103,
      "TYPE": 0,
      "VALUE": 448,
      "ITEMS": [
        {
          "COUNT": 50,
          "GSID": 24401
        },
        {
          "COUNT": 10000,
          "GSID": 30026
        },
        {
          "COUNT": 20000000,
          "GSID": 38006
        }
      ],
      "WEIGHT": 1
    },
    {
      "ID": 104,
      "TYPE": 0,
      "VALUE": 328,
      "ITEMS": [
        {
          "COUNT": 50,
          "GSID": 24001
        },
        {
          "COUNT": 50,
          "GSID": 22182
        },
        {
          "COUNT": 5000,
          "GSID": 30015
        }
      ],
      "WEIGHT": 1
    },
    {
      "ID": 105,
      "TYPE": 0,
      "VALUE": 198,
      "ITEMS": [
        {
          "COUNT": 50,
          "GSID": 26001
        },
        {
          "COUNT": 10,
          "GSID": 30006
        },
        {
          "COUNT": 10,
          "GSID": 30011
        }
      ],
      "WEIGHT": 1
    },
    {
      "ID": 106,
      "TYPE": 0,
      "VALUE": 98,
      "ITEMS": [
        {
          "COUNT": 50,
          "GSID": 26001
        },
        {
          "COUNT": 50,
          "GSID": 22182
        },
        {
          "COUNT": 500,
          "GSID": 30015
        }
      ],
      "WEIGHT": 1
    },
    {
      "ID": 107,
      "TYPE": 1,
      "VALUE": 5000,
      "ITEMS": [
        {
          "COUNT": 50,
          "GSID": 26001
        },
        {
          "COUNT": 1000,
          "GSID": 30015
        },
        {
          "COUNT": 10000000,
          "GSID": 30001
        }
      ],
      "WEIGHT": 1
    },
    {
      "ID": 108,
      "TYPE": 1,
      "VALUE": 3000,
      "ITEMS": [
        {
          "COUNT": 50,
          "GSID": 26021
        },
        {
          "COUNT": 50,
          "GSID": 22182
        },
        {
          "COUNT": 100000,
          "GSID": 38006
        }
      ],
      "WEIGHT": 1
    },
    {
      "ID": 109,
      "TYPE": 1,
      "VALUE": 1500,
      "ITEMS": [
        {
          "COUNT": 50,
          "GSID": 26021
        },
        {
          "COUNT": 1000,
          "GSID": 30015
        },
        {
          "COUNT": 500000,
          "GSID": 38006
        }
      ],
      "WEIGHT": 1
    }
  ],
  "3": [
    {
      "ID": 301,
      "TYPE": 0,
      "VALUE": 648,
      "ITEMS": [
        {
          "COUNT": 50,
          "GSID": 26101
        },
        {
          "COUNT": 50,
          "GSID": 20101
        },
        {
          "COUNT": 20,
          "GSID": 30009
        }
      ],
      "WEIGHT": 1
    },
    {
      "ID": 302,
      "TYPE": 0,
      "VALUE": 648,
      "ITEMS": [
        {
          "COUNT": 50,
          "GSID": 20421
        },
        {
          "COUNT": 50,
          "GSID": 24081
        },
        {
          "COUNT": 15,
          "GSID": 30011
        }
      ],
      "WEIGHT": 1
    },
    {
      "ID": 303,
      "TYPE": 0,
      "VALUE": 448,
      "ITEMS": [
        {
          "COUNT": 50,
          "GSID": 26101
        },
        {
          "COUNT": 10000,
          "GSID": 30026
        },
        {
          "COUNT": 20000000,
          "GSID": 38006
        }
      ],
      "WEIGHT": 1
    },
    {
      "ID": 304,
      "TYPE": 0,
      "VALUE": 328,
      "ITEMS": [
        {
          "COUNT": 50,
          "GSID": 20421
        },
        {
          "COUNT": 50,
          "GSID": 20262
        },
        {
          "COUNT": 5000,
          "GSID": 30015
        }
      ],
      "WEIGHT": 1
    },
    {
      "ID": 305,
      "TYPE": 0,
      "VALUE": 198,
      "ITEMS": [
        {
          "COUNT": 50,
          "GSID": 24081
        },
        {
          "COUNT": 10,
          "GSID": 30006
        },
        {
          "COUNT": 10,
          "GSID": 30011
        }
      ],
      "WEIGHT": 1
    },
    {
      "ID": 306,
      "TYPE": 0,
      "VALUE": 98,
      "ITEMS": [
        {
          "COUNT": 50,
          "GSID": 24081
        },
        {
          "COUNT": 50,
          "GSID": 20262
        },
        {
          "COUNT": 500,
          "GSID": 30015
        }
      ],
      "WEIGHT": 1
    },
    {
      "ID": 307,
      "TYPE": 1,
      "VALUE": 5000,
      "ITEMS": [
        {
          "COUNT": 50,
          "GSID": 24081
        },
        {
          "COUNT": 1000,
          "GSID": 30015
        },
        {
          "COUNT": 10000000,
          "GSID": 30001
        }
      ],
      "WEIGHT": 1
    },
    {
      "ID": 308,
      "TYPE": 1,
      "VALUE": 3000,
      "ITEMS": [
        {
          "COUNT": 50,
          "GSID": 22121
        },
        {
          "COUNT": 50,
          "GSID": 20262
        },
        {
          "COUNT": 100000,
          "GSID": 38006
        }
      ],
      "WEIGHT": 1
    },
    {
      "ID": 309,
      "TYPE": 1,
      "VALUE": 1500,
      "ITEMS": [
        {
          "COUNT": 50,
          "GSID": 22121
        },
        {
          "COUNT": 1000,
          "GSID": 30015
        },
        {
          "COUNT": 500000,
          "GSID": 38006
        }
      ],
      "WEIGHT": 1
    }
  ],
  "5": [
    {
      "ID": 501,
      "TYPE": 0,
      "VALUE": 648,
      "ITEMS": [
        {
          "COUNT": 50,
          "GSID": 26421
        },
        {
          "COUNT": 50,
          "GSID": 22161
        },
        {
          "COUNT": 20,
          "GSID": 30009
        }
      ],
      "WEIGHT": 1
    },
    {
      "ID": 502,
      "TYPE": 0,
      "VALUE": 648,
      "ITEMS": [
        {
          "COUNT": 50,
          "GSID": 20161
        },
        {
          "COUNT": 50,
          "GSID": 26201
        },
        {
          "COUNT": 15,
          "GSID": 30011
        }
      ],
      "WEIGHT": 1
    },
    {
      "ID": 503,
      "TYPE": 0,
      "VALUE": 448,
      "ITEMS": [
        {
          "COUNT": 50,
          "GSID": 26421
        },
        {
          "COUNT": 10000,
          "GSID": 30026
        },
        {
          "COUNT": 20000000,
          "GSID": 38006
        }
      ],
      "WEIGHT": 1
    },
    {
      "ID": 504,
      "TYPE": 0,
      "VALUE": 328,
      "ITEMS": [
        {
          "COUNT": 50,
          "GSID": 20161
        },
        {
          "COUNT": 50,
          "GSID": 20302
        },
        {
          "COUNT": 5000,
          "GSID": 30015
        }
      ],
      "WEIGHT": 1
    },
    {
      "ID": 505,
      "TYPE": 0,
      "VALUE": 198,
      "ITEMS": [
        {
          "COUNT": 50,
          "GSID": 26201
        },
        {
          "COUNT": 10,
          "GSID": 30006
        },
        {
          "COUNT": 10,
          "GSID": 30011
        }
      ],
      "WEIGHT": 1
    },
    {
      "ID": 506,
      "TYPE": 0,
      "VALUE": 98,
      "ITEMS": [
        {
          "COUNT": 50,
          "GSID": 26201
        },
        {
          "COUNT": 50,
          "GSID": 20302
        },
        {
          "COUNT": 500,
          "GSID": 30015
        }
      ],
      "WEIGHT": 1
    },
    {
      "ID": 507,
      "TYPE": 1,
      "VALUE": 5000,
      "ITEMS": [
        {
          "COUNT": 50,
          "GSID": 26201
        },
        {
          "COUNT": 1000,
          "GSID": 30015
        },
        {
          "COUNT": 10000000,
          "GSID": 30001
        }
      ],
      "WEIGHT": 1
    },
    {
      "ID": 508,
      "TYPE": 1,
      "VALUE": 3000,
      "ITEMS": [
        {
          "COUNT": 50,
          "GSID": 26181
        },
        {
          "COUNT": 50,
          "GSID": 20302
        },
        {
          "COUNT": 100000,
          "GSID": 38006
        }
      ],
      "WEIGHT": 1
    },
    {
      "ID": 509,
      "TYPE": 1,
      "VALUE": 1500,
      "ITEMS": [
        {
          "COUNT": 50,
          "GSID": 26181
        },
        {
          "COUNT": 1000,
          "GSID": 30015
        },
        {
          "COUNT": 500000,
          "GSID": 38006
        }
      ],
      "WEIGHT": 1
    }
  ],
  "2": [
    {
      "ID": 201,
      "TYPE": 0,
      "VALUE": 648,
      "ITEMS": [
        {
          "COUNT": 50,
          "GSID": 28121
        },
        {
          "COUNT": 50,
          "GSID": 26061
        },
        {
          "COUNT": 20,
          "GSID": 30009
        }
      ],
      "WEIGHT": 1
    },
    {
      "ID": 202,
      "TYPE": 0,
      "VALUE": 648,
      "ITEMS": [
        {
          "COUNT": 50,
          "GSID": 22061
        },
        {
          "COUNT": 50,
          "GSID": 20041
        },
        {
          "COUNT": 15,
          "GSID": 30011
        }
      ],
      "WEIGHT": 1
    },
    {
      "ID": 203,
      "TYPE": 0,
      "VALUE": 448,
      "ITEMS": [
        {
          "COUNT": 50,
          "GSID": 28121
        },
        {
          "COUNT": 10000,
          "GSID": 30026
        },
        {
          "COUNT": 20000000,
          "GSID": 38006
        }
      ],
      "WEIGHT": 1
    },
    {
      "ID": 204,
      "TYPE": 0,
      "VALUE": 328,
      "ITEMS": [
        {
          "COUNT": 50,
          "GSID": 22061
        },
        {
          "COUNT": 50,
          "GSID": 22202
        },
        {
          "COUNT": 5000,
          "GSID": 30015
        }
      ],
      "WEIGHT": 1
    },
    {
      "ID": 205,
      "TYPE": 0,
      "VALUE": 198,
      "ITEMS": [
        {
          "COUNT": 50,
          "GSID": 20041
        },
        {
          "COUNT": 10,
          "GSID": 30006
        },
        {
          "COUNT": 10,
          "GSID": 30011
        }
      ],
      "WEIGHT": 1
    },
    {
      "ID": 206,
      "TYPE": 0,
      "VALUE": 98,
      "ITEMS": [
        {
          "COUNT": 50,
          "GSID": 20041
        },
        {
          "COUNT": 50,
          "GSID": 22202
        },
        {
          "COUNT": 500,
          "GSID": 30015
        }
      ],
      "WEIGHT": 1
    },
    {
      "ID": 207,
      "TYPE": 1,
      "VALUE": 5000,
      "ITEMS": [
        {
          "COUNT": 50,
          "GSID": 20041
        },
        {
          "COUNT": 1000,
          "GSID": 30015
        },
        {
          "COUNT": 10000000,
          "GSID": 30001
        }
      ],
      "WEIGHT": 1
    },
    {
      "ID": 208,
      "TYPE": 1,
      "VALUE": 3000,
      "ITEMS": [
        {
          "COUNT": 50,
          "GSID": 24021
        },
        {
          "COUNT": 50,
          "GSID": 22202
        },
        {
          "COUNT": 100000,
          "GSID": 38006
        }
      ],
      "WEIGHT": 1
    },
    {
      "ID": 209,
      "TYPE": 1,
      "VALUE": 1500,
      "ITEMS": [
        {
          "COUNT": 50,
          "GSID": 24021
        },
        {
          "COUNT": 1000,
          "GSID": 30015
        },
        {
          "COUNT": 500000,
          "GSID": 38006
        }
      ],
      "WEIGHT": 1
    }
  ],
  "4": [
    {
      "ID": 401,
      "TYPE": 0,
      "VALUE": 648,
      "ITEMS": [
        {
          "COUNT": 50,
          "GSID": 27121
        },
        {
          "COUNT": 50,
          "GSID": 26161
        },
        {
          "COUNT": 20,
          "GSID": 30009
        }
      ],
      "WEIGHT": 1
    },
    {
      "ID": 402,
      "TYPE": 0,
      "VALUE": 648,
      "ITEMS": [
        {
          "COUNT": 50,
          "GSID": 22381
        },
        {
          "COUNT": 50,
          "GSID": 22141
        },
        {
          "COUNT": 15,
          "GSID": 30011
        }
      ],
      "WEIGHT": 1
    },
    {
      "ID": 403,
      "TYPE": 0,
      "VALUE": 448,
      "ITEMS": [
        {
          "COUNT": 50,
          "GSID": 27121
        },
        {
          "COUNT": 10000,
          "GSID": 30026
        },
        {
          "COUNT": 20000000,
          "GSID": 38006
        }
      ],
      "WEIGHT": 1
    },
    {
      "ID": 404,
      "TYPE": 0,
      "VALUE": 328,
      "ITEMS": [
        {
          "COUNT": 50,
          "GSID": 22381
        },
        {
          "COUNT": 50,
          "GSID": 24262
        },
        {
          "COUNT": 5000,
          "GSID": 30015
        }
      ],
      "WEIGHT": 1
    },
    {
      "ID": 405,
      "TYPE": 0,
      "VALUE": 198,
      "ITEMS": [
        {
          "COUNT": 50,
          "GSID": 22141
        },
        {
          "COUNT": 10,
          "GSID": 30006
        },
        {
          "COUNT": 10,
          "GSID": 30011
        }
      ],
      "WEIGHT": 1
    },
    {
      "ID": 406,
      "TYPE": 0,
      "VALUE": 98,
      "ITEMS": [
        {
          "COUNT": 50,
          "GSID": 22141
        },
        {
          "COUNT": 50,
          "GSID": 24262
        },
        {
          "COUNT": 500,
          "GSID": 30015
        }
      ],
      "WEIGHT": 1
    },
    {
      "ID": 407,
      "TYPE": 1,
      "VALUE": 5000,
      "ITEMS": [
        {
          "COUNT": 50,
          "GSID": 22141
        },
        {
          "COUNT": 1000,
          "GSID": 30015
        },
        {
          "COUNT": 10000000,
          "GSID": 30001
        }
      ],
      "WEIGHT": 1
    },
    {
      "ID": 408,
      "TYPE": 1,
      "VALUE": 3000,
      "ITEMS": [
        {
          "COUNT": 50,
          "GSID": 24141
        },
        {
          "COUNT": 50,
          "GSID": 24262
        },
        {
          "COUNT": 100000,
          "GSID": 38006
        }
      ],
      "WEIGHT": 1
    },
    {
      "ID": 409,
      "TYPE": 1,
      "VALUE": 1500,
      "ITEMS": [
        {
          "COUNT": 50,
          "GSID": 24141
        },
        {
          "COUNT": 1000,
          "GSID": 30015
        },
        {
          "COUNT": 500000,
          "GSID": 38006
        }
      ],
      "WEIGHT": 1
    }
  ]
}