{
  "PDEX": 207,
  "PPBS": 406,
  "PCD": 215,
  "PJFRES": 506,
  "PMDEX": 208,
  "PATK": 302,
  "MDEF": 104,
  "PDAM": 211,
  "PMHRES": 504,
  "ATK": 102,
  "PMTHR": 204,
  "PATKDAM": 401,
  "PRATK": 405,
  "PCRI": 205,
  "RANGE": 107,
  "DEF": 103,
  "PYZRES": 505,
  "ATKTIME": 106,
  "PHMRES": 502,
  "PCMRES": 503,
  "PSSATK": 603,
  "PMRDC": 213,
  "PMSATK": 605,
  "PDEF": 303,
  "PXFATK": 601,
  "PJSATK": 604,
  "PPRDC": 212,
  "PMDAM": 210,
  "PASP": 202,
  "MSP": 108,
  "PCFRES": 501,
  "PCRID": 206,
  "PSKIDAM": 402,
  "PMBS": 407,
  "PMDEF": 304,
  "PCKATK": 602,
  "PMPS": 201,
  "PRDC": 214,
  "PPTHR": 203,
  "PHEA": 403,
  "PPDAM": 209,
  "PEFC": 404,
  "PHP": 301,
  "MP": 105,
  "HP": 101
}