[
  {
    "REWARDS": [
      {
        "COUNT": 1200,
        "GSID": 38005
      },
      {
        "COUNT": 6000000,
        "GSID": 38006
      },
      {
        "COUNT": 10,
        "GSID": 30006
      },
      {
        "COUNT": 5,
        "GSID": 30011
      }
    ],
    "MIN": 1,
    "MAX": 1
  },
  {
    "REWARDS": [
      {
        "COUNT": 960,
        "GSID": 38005
      },
      {
        "COUNT": 5400000,
        "GSID": 38006
      },
      {
        "COUNT": 9,
        "GSID": 30006
      },
      {
        "COUNT": 4,
        "GSID": 30011
      }
    ],
    "MIN": 2,
    "MAX": 2
  },
  {
    "REWARDS": [
      {
        "COUNT": 840,
        "GSID": 38005
      },
      {
        "COUNT": 4800000,
        "GSID": 38006
      },
      {
        "COUNT": 8,
        "GSID": 30006
      },
      {
        "COUNT": 3,
        "GSID": 30011
      }
    ],
    "MIN": 3,
    "MAX": 3
  },
  {
    "REWARDS": [
      {
        "COUNT": 720,
        "GSID": 38005
      },
      {
        "COUNT": 3600000,
        "GSID": 38006
      },
      {
        "COUNT": 7,
        "GSID": 30006
      },
      {
        "COUNT": 2,
        "GSID": 30011
      }
    ],
    "MIN": 4,
    "MAX": 4
  },
  {
    "REWARDS": [
      {
        "COUNT": 600,
        "GSID": 38005
      },
      {
        "COUNT": 3000000,
        "GSID": 38006
      },
      {
        "COUNT": 6,
        "GSID": 30006
      },
      {
        "COUNT": 1,
        "GSID": 30011
      }
    ],
    "MIN": 5,
    "MAX": 5
  },
  {
    "REWARDS": [
      {
        "COUNT": 540,
        "GSID": 38005
      },
      {
        "COUNT": 2400000,
        "GSID": 38006
      },
      {
        "COUNT": 5,
        "GSID": 30006
      },
      {
        "COUNT": 1,
        "GSID": 30011
      }
    ],
    "MIN": 6,
    "MAX": 10
  },
  {
    "REWARDS": [
      {
        "COUNT": 480,
        "GSID": 38005
      },
      {
        "COUNT": 2160000,
        "GSID": 38006
      },
      {
        "COUNT": 4,
        "GSID": 30006
      },
      {
        "COUNT": 1,
        "GSID": 30011
      }
    ],
    "MIN": 11,
    "MAX": 20
  },
  {
    "REWARDS": [
      {
        "COUNT": 420,
        "GSID": 38005
      },
      {
        "COUNT": 1920000,
        "GSID": 38006
      },
      {
        "COUNT": 3,
        "GSID": 30006
      },
      {
        "COUNT": 1,
        "GSID": 30011
      }
    ],
    "MIN": 21,
    "MAX": 50
  },
  {
    "REWARDS": [
      {
        "COUNT": 360,
        "GSID": 38005
      },
      {
        "COUNT": 1680000,
        "GSID": 38006
      },
      {
        "COUNT": 2,
        "GSID": 30006
      },
      {
        "COUNT": 1,
        "GSID": 30011
      }
    ],
    "MIN": 51,
    "MAX": 100
  },
  {
    "REWARDS": [
      {
        "COUNT": 300,
        "GSID": 38005
      },
      {
        "COUNT": 1440000,
        "GSID": 38006
      },
      {
        "COUNT": 1,
        "GSID": 30006
      }
    ],
    "MIN": 101,
    "MAX": 200
  },
  {
    "REWARDS": [
      {
        "COUNT": 240,
        "GSID": 38005
      },
      {
        "COUNT": 1200000,
        "GSID": 38006
      },
      {
        "COUNT": 1,
        "GSID": 30006
      }
    ],
    "MIN": 201,
    "MAX": 500
  },
  {
    "REWARDS": [
      {
        "COUNT": 180,
        "GSID": 38005
      },
      {
        "COUNT": 900000,
        "GSID": 38006
      }
    ],
    "MIN": 501,
    "MAX": 999999
  }
]