[
  {
    "REWARDS": [
      {
        "COUNT": 200,
        "GSID": 38005
      },
      {
        "COUNT": 300,
        "GSID": 30026
      },
      {
        "COUNT": 65,
        "GSID": 30002
      }
    ],
    "MAX": 1,
    "MIN": 1
  },
  {
    "REWARDS": [
      {
        "COUNT": 160,
        "GSID": 38005
      },
      {
        "COUNT": 280,
        "GSID": 30026
      },
      {
        "COUNT": 60,
        "GSID": 30002
      }
    ],
    "MAX": 2,
    "MIN": 2
  },
  {
    "REWARDS": [
      {
        "COUNT": 140,
        "GSID": 38005
      },
      {
        "COUNT": 260,
        "GSID": 30026
      },
      {
        "COUNT": 55,
        "GSID": 30002
      }
    ],
    "MAX": 3,
    "MIN": 3
  },
  {
    "REWARDS": [
      {
        "COUNT": 120,
        "GSID": 38005
      },
      {
        "COUNT": 240,
        "GSID": 30026
      },
      {
        "COUNT": 50,
        "GSID": 30002
      }
    ],
    "MAX": 4,
    "MIN": 4
  },
  {
    "REWARDS": [
      {
        "COUNT": 100,
        "GSID": 38005
      },
      {
        "COUNT": 220,
        "GSID": 30026
      },
      {
        "COUNT": 45,
        "GSID": 30002
      }
    ],
    "MAX": 5,
    "MIN": 5
  },
  {
    "REWARDS": [
      {
        "COUNT": 80,
        "GSID": 38005
      },
      {
        "COUNT": 200,
        "GSID": 30026
      },
      {
        "COUNT": 40,
        "GSID": 30002
      }
    ],
    "MAX": 10,
    "MIN": 6
  },
  {
    "REWARDS": [
      {
        "COUNT": 60,
        "GSID": 38005
      },
      {
        "COUNT": 180,
        "GSID": 30026
      },
      {
        "COUNT": 35,
        "GSID": 30002
      }
    ],
    "MAX": 20,
    "MIN": 11
  },
  {
    "REWARDS": [
      {
        "COUNT": 50,
        "GSID": 38005
      },
      {
        "COUNT": 160,
        "GSID": 30026
      },
      {
        "COUNT": 30,
        "GSID": 30002
      }
    ],
    "MAX": 50,
    "MIN": 21
  },
  {
    "REWARDS": [
      {
        "COUNT": 40,
        "GSID": 38005
      },
      {
        "COUNT": 140,
        "GSID": 30026
      },
      {
        "COUNT": 25,
        "GSID": 30002
      }
    ],
    "MAX": 100,
    "MIN": 51
  },
  {
    "REWARDS": [
      {
        "COUNT": 30,
        "GSID": 38005
      },
      {
        "COUNT": 120,
        "GSID": 30026
      },
      {
        "COUNT": 20,
        "GSID": 30002
      }
    ],
    "MAX": 200,
    "MIN": 101
  },
  {
    "REWARDS": [
      {
        "COUNT": 20,
        "GSID": 38005
      },
      {
        "COUNT": 100,
        "GSID": 30026
      },
      {
        "COUNT": 15,
        "GSID": 30002
      }
    ],
    "MAX": 500,
    "MIN": 201
  },
  {
    "REWARDS": [
      {
        "COUNT": 10,
        "GSID": 38005
      },
      {
        "COUNT": 80,
        "GSID": 30026
      },
      {
        "COUNT": 10,
        "GSID": 30002
      }
    ],
    "MAX": 99999,
    "MIN": 501
  }
]