{
  "1": "Chúc mừng tướng của [%s] đã nâng cấp lên %s sao!",
  "14": "Chúc mừng [quốc gia %s] đã tiêu diệt mọi thế lực thù địch, hoàn thành đại nghiệp thống nhất thiên hạ!",
  "18": "Chúc mừng tướng của [%s] đã nâng cấp lên cấp %s!",
  "13": "Một tiếng nổ vang trời! [%s] vương giả trở lại, tận hưởng sự tôn kính của chúng sinh!",
  "15": "Chúc mừng [%s] gặp vận may lớn, thắng giải thưởng lớn trong sự kiện Kỳ Trân Dị Bảo, chúc mừng!",
  "5": "Chúc mừng [%s] nhận được bảo vật %s [%s] !",
  "2": "Chúc mừng [%s] đã chiêu mộ được tướng 5 sao [%s] !",
  "8": "Chúc mừng [%s] đạt hạng [%s]  trong Diễn Võ Trường!",
  "12": "Boss thế giới đã bị hạ gục! [%s] công phá đầu tiên, xuất sắc giành chiến thắng!",
  "4": "Chúc mừng [%s] nhận được trang bị %s sao [%s] !",
  "9": "Chúc mừng [%s] nhận được hiệu quả [%s]  khi khảm ngọc!",
  "10": "Chúc mừng [%s] nhận được ngọc xanh từ rương kho báu tại Căn Cứ Bí Mật, thật đáng ngưỡng mộ!",
  "3": "Chúc mừng [%s] nhận được trang bị %s [%s] !",
  "7": "Chúc mừng [%s] vượt Tháp Thí Luyện đến tầng [%s]!",
  "17": "Chúc mừng quân đoàn [%s] đã tăng lên cấp %s!",
  "16": "Chúc mừng [%s] đã hoàn thành chặng thứ %s trong Viễn Chinh!",
  "6": "Chúc mừng tướng của [%s] nhận được tọa kỵ cam [%s] !",
  "11": "Boss thế giới đã tái sinh, sẵn sàng chấp nhận thử thách từ các anh hùng! Thời khắc vang danh thiên hạ đã đến!",
  "19": "[THÔNG BÁO] %s"
}