[
  {
    "COUNT": 0,
    "GSID": 38005
  },
  {
    "COUNT": 50,
    "GSID": 38005
  },
  {
    "COUNT": 75,
    "GSID": 38005
  },
  {
    "COUNT": 100,
    "GSID": 38005
  },
  {
    "COUNT": 125,
    "GSID": 38005
  },
  {
    "COUNT": 150,
    "GSID": 38005
  },
  {
    "COUNT": 175,
    "GSID": 38005
  },
  {
    "COUNT": 200,
    "GSID": 38005
  },
  {
    "COUNT": 225,
    "GSID": 38005
  },
  {
    "COUNT": 250,
    "GSID": 38005
  },
  {
    "COUNT": 275,
    "GSID": 38005
  },
  {
    "COUNT": 300,
    "GSID": 38005
  },
  {
    "COUNT": 325,
    "GSID": 38005
  },
  {
    "COUNT": 350,
    "GSID": 38005
  },
  {
    "COUNT": 375,
    "GSID": 38005
  },
  {
    "COUNT": 400,
    "GSID": 38005
  },
  {
    "COUNT": 425,
    "GSID": 38005
  },
  {
    "COUNT": 450,
    "GSID": 38005
  },
  {
    "COUNT": 475,
    "GSID": 38005
  },
  {
    "COUNT": 500,
    "GSID": 38005
  }
]