{
  "47402": {
    "atk": [
      60,
      120,
      180,
      240,
      300,
      360,
      420,
      480,
      540,
      600,
      660,
      720,
      780,
      840,
      900,
      960,
      1020,
      1080,
      1140,
      1200,
      1260,
      1320,
      1380,
      1440,
      1500,
      1560,
      1620,
      1680,
      1740,
      1800
    ],
    "patkdam": [
      8,
      16,
      24,
      32,
      40,
      48,
      56,
      64,
      72,
      80,
      88,
      96,
      104,
      112,
      120,
      128,
      136,
      144,
      152,
      160,
      168,
      176,
      184,
      192,
      200,
      208,
      216,
      224,
      232,
      240
    ],
    "hp": [
      1100,
      2200,
      3300,
      4400,
      5500,
      6600,
      7700,
      8800,
      9900,
      11000,
      12100,
      13200,
      14300,
      15400,
      16500,
      17600,
      18700,
      19800,
      20900,
      22000,
      23100,
      24200,
      25300,
      26400,
      27500,
      28600,
      29700,
      30800,
      31900,
      33000
    ]
  },
  "47304": {
    "pskidam": [
      8,
      16,
      24,
      32,
      40,
      48,
      56,
      64,
      72,
      80,
      88,
      96,
      104,
      112,
      120,
      128,
      136,
      144,
      152,
      160,
      168,
      176,
      184,
      192,
      200,
      208,
      216,
      224,
      232,
      240
    ],
    "atk": [
      150,
      300,
      450,
      600,
      750,
      900,
      1050,
      1200,
      1350,
      1500,
      1650,
      1800,
      1950,
      2100,
      2250,
      2400,
      2550,
      2700,
      2850,
      3000,
      3150,
      3300,
      3450,
      3600,
      3750,
      3900,
      4050,
      4200,
      4350,
      4500
    ],
    "hp": [
      3000,
      6000,
      9000,
      12000,
      15000,
      18000,
      21000,
      24000,
      27000,
      30000,
      33000,
      36000,
      39000,
      42000,
      45000,
      48000,
      51000,
      54000,
      57000,
      60000,
      63000,
      66000,
      69000,
      72000,
      75000,
      78000,
      81000,
      84000,
      87000,
      90000
    ]
  },
  "47203": {
    "atk": [
      128,
      256,
      384,
      512,
      640,
      768,
      896,
      1024,
      1152,
      1280,
      1408,
      1536,
      1664,
      1792,
      1920,
      2048,
      2176,
      2304,
      2432,
      2560,
      2688,
      2816,
      2944,
      3072,
      3200,
      3328,
      3456,
      3584,
      3712,
      3840
    ],
    "pefc": [
      8,
      16,
      24,
      32,
      40,
      48,
      56,
      64,
      72,
      80,
      88,
      96,
      104,
      112,
      120,
      128,
      136,
      144,
      152,
      160,
      168,
      176,
      184,
      192,
      200,
      208,
      216,
      224,
      232,
      240
    ],
    "hp": [
      2100,
      4200,
      6300,
      8400,
      10500,
      12600,
      14700,
      16800,
      18900,
      21000,
      23100,
      25200,
      27300,
      29400,
      31500,
      33600,
      35700,
      37800,
      39900,
      42000,
      44100,
      46200,
      48300,
      50400,
      52500,
      54600,
      56700,
      58800,
      60900,
      63000
    ]
  },
  "47401": {
    "def": [
      6,
      12,
      18,
      24,
      30,
      36,
      42,
      48,
      54,
      60,
      66,
      72,
      78,
      84,
      90,
      96,
      102,
      108,
      114,
      120,
      126,
      132,
      138,
      144,
      150,
      156,
      162,
      168,
      174,
      180
    ],
    "mdef": [
      6,
      12,
      18,
      24,
      30,
      36,
      42,
      48,
      54,
      60,
      66,
      72,
      78,
      84,
      90,
      96,
      102,
      108,
      114,
      120,
      126,
      132,
      138,
      144,
      150,
      156,
      162,
      168,
      174,
      180
    ],
    "atk": [
      36,
      72,
      108,
      144,
      180,
      216,
      252,
      288,
      324,
      360,
      396,
      432,
      468,
      504,
      540,
      576,
      612,
      648,
      684,
      720,
      756,
      792,
      828,
      864,
      900,
      936,
      972,
      1008,
      1044,
      1080
    ],
    "hp": [
      660,
      1320,
      1980,
      2640,
      3300,
      3960,
      4620,
      5280,
      5940,
      6600,
      7260,
      7920,
      8580,
      9240,
      9900,
      10560,
      11220,
      11880,
      12540,
      13200,
      13860,
      14520,
      15180,
      15840,
      16500,
      17160,
      17820,
      18480,
      19140,
      19800
    ]
  },
  "47104": {
    "pskidam": [
      8,
      16,
      24,
      32,
      40,
      48,
      56,
      64,
      72,
      80,
      88,
      96,
      104,
      112,
      120,
      128,
      136,
      144,
      152,
      160,
      168,
      176,
      184,
      192,
      200,
      208,
      216,
      224,
      232,
      240
    ],
    "atk": [
      150,
      300,
      450,
      600,
      750,
      900,
      1050,
      1200,
      1350,
      1500,
      1650,
      1800,
      1950,
      2100,
      2250,
      2400,
      2550,
      2700,
      2850,
      3000,
      3150,
      3300,
      3450,
      3600,
      3750,
      3900,
      4050,
      4200,
      4350,
      4500
    ],
    "hp": [
      3000,
      6000,
      9000,
      12000,
      15000,
      18000,
      21000,
      24000,
      27000,
      30000,
      33000,
      36000,
      39000,
      42000,
      45000,
      48000,
      51000,
      54000,
      57000,
      60000,
      63000,
      66000,
      69000,
      72000,
      75000,
      78000,
      81000,
      84000,
      87000,
      90000
    ]
  },
  "47204": {
    "pskidam": [
      8,
      16,
      24,
      32,
      40,
      48,
      56,
      64,
      72,
      80,
      88,
      96,
      104,
      112,
      120,
      128,
      136,
      144,
      152,
      160,
      168,
      176,
      184,
      192,
      200,
      208,
      216,
      224,
      232,
      240
    ],
    "atk": [
      165,
      330,
      495,
      660,
      825,
      990,
      1155,
      1320,
      1485,
      1650,
      1815,
      1980,
      2145,
      2310,
      2475,
      2640,
      2805,
      2970,
      3135,
      3300,
      3465,
      3630,
      3795,
      3960,
      4125,
      4290,
      4455,
      4620,
      4785,
      4950
    ],
    "hp": [
      2700,
      5400,
      8100,
      10800,
      13500,
      16200,
      18900,
      21600,
      24300,
      27000,
      29700,
      32400,
      35100,
      37800,
      40500,
      43200,
      45900,
      48600,
      51300,
      54000,
      56700,
      59400,
      62100,
      64800,
      67500,
      70200,
      72900,
      75600,
      78300,
      81000
    ]
  },
  "47202": {
    "atk": [
      73,
      146,
      219,
      292,
      365,
      438,
      511,
      584,
      657,
      730,
      803,
      876,
      949,
      1022,
      1095,
      1168,
      1241,
      1314,
      1387,
      1460,
      1533,
      1606,
      1679,
      1752,
      1825,
      1898,
      1971,
      2044,
      2117,
      2190
    ],
    "patkdam": [
      8,
      16,
      24,
      32,
      40,
      48,
      56,
      64,
      72,
      80,
      88,
      96,
      104,
      112,
      120,
      128,
      136,
      144,
      152,
      160,
      168,
      176,
      184,
      192,
      200,
      208,
      216,
      224,
      232,
      240
    ],
    "hp": [
      900,
      1800,
      2700,
      3600,
      4500,
      5400,
      6300,
      7200,
      8100,
      9000,
      9900,
      10800,
      11700,
      12600,
      13500,
      14400,
      15300,
      16200,
      17100,
      18000,
      18900,
      19800,
      20700,
      21600,
      22500,
      23400,
      24300,
      25200,
      26100,
      27000
    ]
  },
  "47101": {
    "atk": [
      40,
      80,
      120,
      160,
      200,
      240,
      280,
      320,
      360,
      400,
      440,
      480,
      520,
      560,
      600,
      640,
      680,
      720,
      760,
      800,
      840,
      880,
      920,
      960,
      1000,
      1040,
      1080,
      1120,
      1160,
      1200
    ],
    "pcri": [
      6,
      12,
      18,
      24,
      30,
      36,
      42,
      48,
      54,
      60,
      66,
      72,
      78,
      84,
      90,
      96,
      102,
      108,
      114,
      120,
      126,
      132,
      138,
      144,
      150,
      156,
      162,
      168,
      174,
      180
    ],
    "hp": [
      600,
      1200,
      1800,
      2400,
      3000,
      3600,
      4200,
      4800,
      5400,
      6000,
      6600,
      7200,
      7800,
      8400,
      9000,
      9600,
      10200,
      10800,
      11400,
      12000,
      12600,
      13200,
      13800,
      14400,
      15000,
      15600,
      16200,
      16800,
      17400,
      18000
    ]
  },
  "47302": {
    "atk": [
      67,
      134,
      201,
      268,
      335,
      402,
      469,
      536,
      603,
      670,
      737,
      804,
      871,
      938,
      1005,
      1072,
      1139,
      1206,
      1273,
      1340,
      1407,
      1474,
      1541,
      1608,
      1675,
      1742,
      1809,
      1876,
      1943,
      2010
    ],
    "patkdam": [
      8,
      16,
      24,
      32,
      40,
      48,
      56,
      64,
      72,
      80,
      88,
      96,
      104,
      112,
      120,
      128,
      136,
      144,
      152,
      160,
      168,
      176,
      184,
      192,
      200,
      208,
      216,
      224,
      232,
      240
    ],
    "hp": [
      1000,
      2000,
      3000,
      4000,
      5000,
      6000,
      7000,
      8000,
      9000,
      10000,
      11000,
      12000,
      13000,
      14000,
      15000,
      16000,
      17000,
      18000,
      19000,
      20000,
      21000,
      22000,
      23000,
      24000,
      25000,
      26000,
      27000,
      28000,
      29000,
      30000
    ]
  },
  "47201": {
    "atk": [
      44,
      88,
      132,
      176,
      220,
      264,
      308,
      352,
      396,
      440,
      484,
      528,
      572,
      616,
      660,
      704,
      748,
      792,
      836,
      880,
      924,
      968,
      1012,
      1056,
      1100,
      1144,
      1188,
      1232,
      1276,
      1320
    ],
    "pasp": [
      6,
      12,
      18,
      24,
      30,
      36,
      42,
      48,
      54,
      60,
      66,
      72,
      78,
      84,
      90,
      96,
      102,
      108,
      114,
      120,
      126,
      132,
      138,
      144,
      150,
      156,
      162,
      168,
      174,
      180
    ],
    "hp": [
      540,
      1080,
      1620,
      2160,
      2700,
      3240,
      3780,
      4320,
      4860,
      5400,
      5940,
      6480,
      7020,
      7560,
      8100,
      8640,
      9180,
      9720,
      10260,
      10800,
      11340,
      11880,
      12420,
      12960,
      13500,
      14040,
      14580,
      15120,
      15660,
      16200
    ]
  },
  "47103": {
    "atk": [
      117,
      234,
      351,
      468,
      585,
      702,
      819,
      936,
      1053,
      1170,
      1287,
      1404,
      1521,
      1638,
      1755,
      1872,
      1989,
      2106,
      2223,
      2340,
      2457,
      2574,
      2691,
      2808,
      2925,
      3042,
      3159,
      3276,
      3393,
      3510
    ],
    "pcrid": [
      15,
      30,
      45,
      60,
      75,
      90,
      105,
      120,
      135,
      150,
      165,
      180,
      195,
      210,
      225,
      240,
      255,
      270,
      285,
      300,
      315,
      330,
      345,
      360,
      375,
      390,
      405,
      420,
      435,
      450
    ],
    "hp": [
      2333,
      4666,
      6999,
      9332,
      11665,
      13998,
      16331,
      18664,
      20997,
      23330,
      25663,
      27996,
      30329,
      32662,
      34995,
      37328,
      39661,
      41994,
      44327,
      46660,
      48993,
      51326,
      53659,
      55992,
      58325,
      60658,
      62991,
      65324,
      67657,
      69990
    ]
  },
  "47301": {
    "ppthr": [
      5,
      10,
      15,
      20,
      25,
      30,
      35,
      40,
      45,
      50,
      55,
      60,
      65,
      70,
      75,
      80,
      85,
      90,
      95,
      100,
      105,
      110,
      115,
      120,
      125,
      130,
      135,
      140,
      145,
      150
    ],
    "atk": [
      40,
      80,
      120,
      160,
      200,
      240,
      280,
      320,
      360,
      400,
      440,
      480,
      520,
      560,
      600,
      640,
      680,
      720,
      760,
      800,
      840,
      880,
      920,
      960,
      1000,
      1040,
      1080,
      1120,
      1160,
      1200
    ],
    "pmthr": [
      5,
      10,
      15,
      20,
      25,
      30,
      35,
      40,
      45,
      50,
      55,
      60,
      65,
      70,
      75,
      80,
      85,
      90,
      95,
      100,
      105,
      110,
      115,
      120,
      125,
      130,
      135,
      140,
      145,
      150
    ],
    "hp": [
      600,
      1200,
      1800,
      2400,
      3000,
      3600,
      4200,
      4800,
      5400,
      6000,
      6600,
      7200,
      7800,
      8400,
      9000,
      9600,
      10200,
      10800,
      11400,
      12000,
      12600,
      13200,
      13800,
      14400,
      15000,
      15600,
      16200,
      16800,
      17400,
      18000
    ]
  },
  "47303": {
    "atk": [
      117,
      234,
      351,
      468,
      585,
      702,
      819,
      936,
      1053,
      1170,
      1287,
      1404,
      1521,
      1638,
      1755,
      1872,
      1989,
      2106,
      2223,
      2340,
      2457,
      2574,
      2691,
      2808,
      2925,
      3042,
      3159,
      3276,
      3393,
      3510
    ],
    "pmps": [
      10,
      20,
      30,
      40,
      50,
      60,
      70,
      80,
      90,
      100,
      110,
      120,
      130,
      140,
      150,
      160,
      170,
      180,
      190,
      200,
      210,
      220,
      230,
      240,
      250,
      260,
      270,
      280,
      290,
      300
    ],
    "hp": [
      2333,
      4666,
      6999,
      9332,
      11665,
      13998,
      16331,
      18664,
      20997,
      23330,
      25663,
      27996,
      30329,
      32662,
      34995,
      37328,
      39661,
      41994,
      44327,
      46660,
      48993,
      51326,
      53659,
      55992,
      58325,
      60658,
      62991,
      65324,
      67657,
      69990
    ]
  },
  "47403": {
    "phea": [
      10,
      20,
      30,
      40,
      50,
      60,
      70,
      80,
      90,
      100,
      110,
      120,
      130,
      140,
      150,
      160,
      170,
      180,
      190,
      200,
      210,
      220,
      230,
      240,
      250,
      260,
      270,
      280,
      290,
      300
    ],
    "atk": [
      105,
      210,
      315,
      420,
      525,
      630,
      735,
      840,
      945,
      1050,
      1155,
      1260,
      1365,
      1470,
      1575,
      1680,
      1785,
      1890,
      1995,
      2100,
      2205,
      2310,
      2415,
      2520,
      2625,
      2730,
      2835,
      2940,
      3045,
      3150
    ],
    "hp": [
      2567,
      5134,
      7701,
      10268,
      12835,
      15402,
      17969,
      20536,
      23103,
      25670,
      28237,
      30804,
      33371,
      35938,
      38505,
      41072,
      43639,
      46206,
      48773,
      51340,
      53907,
      56474,
      59041,
      61608,
      64175,
      66742,
      69309,
      71876,
      74443,
      77010
    ]
  },
  "47404": {
    "pskidam": [
      8,
      16,
      24,
      32,
      40,
      48,
      56,
      64,
      72,
      80,
      88,
      96,
      104,
      112,
      120,
      128,
      136,
      144,
      152,
      160,
      168,
      176,
      184,
      192,
      200,
      208,
      216,
      224,
      232,
      240
    ],
    "atk": [
      135,
      270,
      405,
      540,
      675,
      810,
      945,
      1080,
      1215,
      1350,
      1485,
      1620,
      1755,
      1890,
      2025,
      2160,
      2295,
      2430,
      2565,
      2700,
      2835,
      2970,
      3105,
      3240,
      3375,
      3510,
      3645,
      3780,
      3915,
      4050
    ],
    "hp": [
      3300,
      6600,
      9900,
      13200,
      16500,
      19800,
      23100,
      26400,
      29700,
      33000,
      36300,
      39600,
      42900,
      46200,
      49500,
      52800,
      56100,
      59400,
      62700,
      66000,
      69300,
      72600,
      75900,
      79200,
      82500,
      85800,
      89100,
      92400,
      95700,
      99000
    ]
  },
  "47102": {
    "patddam": [
      8,
      16,
      24,
      32,
      40,
      48,
      56,
      64,
      72,
      80,
      88,
      96,
      104,
      112,
      120,
      128,
      136,
      144,
      152,
      160,
      168,
      176,
      184,
      192,
      200,
      208,
      216,
      224,
      232,
      240
    ],
    "atk": [
      67,
      134,
      201,
      268,
      335,
      402,
      469,
      536,
      603,
      670,
      737,
      804,
      871,
      938,
      1005,
      1072,
      1139,
      1206,
      1273,
      1340,
      1407,
      1474,
      1541,
      1608,
      1675,
      1742,
      1809,
      1876,
      1943,
      2010
    ],
    "hp": [
      1000,
      2000,
      3000,
      4000,
      5000,
      6000,
      7000,
      8000,
      9000,
      10000,
      11000,
      12000,
      13000,
      14000,
      15000,
      16000,
      17000,
      18000,
      19000,
      20000,
      21000,
      22000,
      23000,
      24000,
      25000,
      26000,
      27000,
      28000,
      29000,
      30000
    ]
  }
}