{
  "35261": {
    "QUALITY": 6,
    "CHIP": 50,
    "CTYPE": 1,
    "NAME": "麒麟盾碎片",
    "NAME_VN": "Mảnh Kỳ Lân Thuẫn",
    "INTRO": "Thu thập đủ 50 mảnh có thể hợp thành bảo vật này",
    "EXID": "tchip_35261",
    "TCOND": 34261,
    "STAR": 1
  },
  "35221": {
    "QUALITY": 5,
    "CHIP": 50,
    "CTYPE": 1,
    "NAME": "梦影披风碎片",
    "NAME_VN": "Mảnh Mộng Ảnh Phi Phong",
    "INTRO": "Thu thập đủ 50 mảnh có thể hợp thành bảo vật này",
    "EXID": "tchip_35221",
    "TCOND": 34221,
    "STAR": 1
  },
  "35251": {
    "QUALITY": 6,
    "CHIP": 50,
    "CTYPE": 1,
    "NAME": "遁甲天书碎片",
    "NAME_VN": "Mảnh Thiên Thư Độn Giáp",
    "INTRO": "Thu thập đủ 50 mảnh có thể hợp thành bảo vật này",
    "EXID": "tchip_35251",
    "TCOND": 34251,
    "STAR": 1
  },
  "35321": {
    "QUALITY": 5,
    "CHIP": 50,
    "CTYPE": 1,
    "NAME": "玄武甲碎片",
    "NAME_VN": "Mảnh Huyền Vũ Giáp",
    "INTRO": "Thu thập đủ 50 mảnh có thể hợp thành bảo vật này",
    "EXID": "tchip_35321",
    "TCOND": 34321,
    "STAR": 1
  },
  "35121": {
    "QUALITY": 3,
    "CHIP": 20,
    "CTYPE": 1,
    "NAME": "金丝披风碎片",
    "NAME_VN": "Mảnh Kim Ty Phi Phong",
    "INTRO": "Thu thập đủ 20 mảnh có thể hợp thành bảo vật này",
    "EXID": "tchip_35121",
    "TCOND": 34121,
    "STAR": 1
  },
  "37005": {
    "QUALITY": 2,
    "CHIP": 10,
    "CTYPE": 2,
    "NAME": "精良宝物碎片",
    "NAME_VN": "Mảnh Bảo Vật Tinh Lương",
    "INTRO": "Thu thập đủ 10 có thể nhận được ngẫu nhiên 1 Bảo Vật Hoàn Mỹ",
    "EXID": "trchip_37005",
    "TCOND": 2,
    "ICON": 37005,
    "STAR": 1
  },
  "35181": {
    "QUALITY": 4,
    "CHIP": 30,
    "CTYPE": 1,
    "NAME": "落日神弓碎片",
    "NAME_VN": "Mảnh Lạc Nhật Thần Cung",
    "INTRO": "Thu thập đủ 30 mảnh có thể hợp thành bảo vật này",
    "EXID": "tchip_35181",
    "TCOND": 34181,
    "STAR": 1
  },
  "35481": {
    "QUALITY": 6,
    "CHIP": 50,
    "CTYPE": 1,
    "NAME": "太极图碎片",
    "NAME_VN": "Mảnh Thái Cực Đồ",
    "INTRO": "Thu thập đủ 50 mảnh có thể hợp thành bảo vật này",
    "EXID": "tchip_35481",
    "TCOND": 34481,
    "STAR": 1
  },
  "35071": {
    "QUALITY": 2,
    "CHIP": 10,
    "CTYPE": 1,
    "NAME": "望月斗篷碎片",
    "NAME_VN": "Mảnh Vọng Nguyệt Đẩu Bào",
    "INTRO": "Thu thập đủ 10 mảnh có thể hợp thành bảo vật này",
    "EXID": "tchip_35071",
    "TCOND": 34071,
    "STAR": 1
  },
  "35021": {
    "QUALITY": 1,
    "CHIP": 5,
    "CTYPE": 1,
    "NAME": "御风斗篷碎片",
    "NAME_VN": "Mảnh Ngự Phong Đẩu Bào",
    "INTRO": "Thu thập đủ 5 mảnh có thể hợp thành bảo vật này",
    "EXID": "tchip_35021",
    "TCOND": 34021,
    "STAR": 1
  },
  "35331": {
    "QUALITY": 5,
    "CHIP": 50,
    "CTYPE": 1,
    "NAME": "麒麟血碎片",
    "NAME_VN": "Mảnh Kỳ Lân Huyết",
    "INTRO": "Thu thập đủ 50 mảnh có thể hợp thành bảo vật này",
    "EXID": "tchip_35331",
    "TCOND": 34331,
    "STAR": 1
  },
  "35141": {
    "QUALITY": 3,
    "CHIP": 20,
    "CTYPE": 1,
    "NAME": "虎符碎片",
    "NAME_VN": "Mảnh Hổ Phù",
    "INTRO": "Thu thập đủ 20 mảnh có thể hợp thành bảo vật này",
    "EXID": "tchip_35141",
    "TCOND": 34141,
    "STAR": 1
  },
  "35241": {
    "QUALITY": 5,
    "CHIP": 50,
    "CTYPE": 1,
    "NAME": "八卦镜碎片",
    "NAME_VN": "Mảnh Bát Quái Kính",
    "INTRO": "Thu thập đủ 50 mảnh có thể hợp thành bảo vật này",
    "EXID": "tchip_35241",
    "TCOND": 34241,
    "STAR": 1
  },
  "35511": {
    "QUALITY": 6,
    "CHIP": 50,
    "CTYPE": 1,
    "NAME": "盘古斧碎片",
    "NAME_VN": "Mảnh Bàn Cổ Phủ",
    "INTRO": "Thu thập đủ 50 mảnh có thể hợp thành bảo vật này",
    "EXID": "tchip_35511",
    "TCOND": 34511,
    "STAR": 1
  },
  "35031": {
    "QUALITY": 1,
    "CHIP": 5,
    "CTYPE": 1,
    "NAME": "飞刀碎片",
    "NAME_VN": "Mảnh Phi Đao",
    "INTRO": "Thu thập đủ 5 mảnh có thể hợp thành bảo vật này",
    "EXID": "tchip_35031",
    "TCOND": 34031,
    "STAR": 1
  },
  "35131": {
    "QUALITY": 3,
    "CHIP": 20,
    "CTYPE": 1,
    "NAME": "诸葛连弩碎片",
    "NAME_VN": "Mảnh Gia Cát Liên Nỗ",
    "INTRO": "Thu thập đủ 20 mảnh có thể hợp thành bảo vật này",
    "EXID": "tchip_35131",
    "TCOND": 34131,
    "STAR": 1
  },
  "35201": {
    "QUALITY": 5,
    "CHIP": 50,
    "CTYPE": 1,
    "NAME": "孙子兵法碎片",
    "NAME_VN": "Mảnh Tôn Tử Binh Pháp",
    "INTRO": "Thu thập đủ 50 mảnh có thể hợp thành bảo vật này",
    "EXID": "tchip_35201",
    "TCOND": 34201,
    "STAR": 1
  },
  "35211": {
    "QUALITY": 5,
    "CHIP": 50,
    "CTYPE": 1,
    "NAME": "玲珑盾碎片",
    "NAME_VN": "Mảnh Linh Lung Thuẫn",
    "INTRO": "Thu thập đủ 50 mảnh có thể hợp thành bảo vật này",
    "EXID": "tchip_35211",
    "TCOND": 34211,
    "STAR": 1
  },
  "35301": {
    "QUALITY": 5,
    "CHIP": 50,
    "CTYPE": 1,
    "NAME": "青龙胆碎片",
    "NAME_VN": "Mảnh Thanh Long Đảm",
    "INTRO": "Thu thập đủ 50 mảnh có thể hợp thành bảo vật này",
    "EXID": "tchip_35301",
    "TCOND": 34301,
    "STAR": 1
  },
  "35441": {
    "QUALITY": 6,
    "CHIP": 50,
    "CTYPE": 1,
    "NAME": "乾坤尺碎片",
    "NAME_VN": "Mảnh Càn Khôn Xích",
    "INTRO": "Thu thập đủ 50 mảnh có thể hợp thành bảo vật này",
    "EXID": "tchip_35441",
    "TCOND": 34441,
    "STAR": 1
  },
  "35001": {
    "QUALITY": 1,
    "CHIP": 5,
    "CTYPE": 1,
    "NAME": "青囊书碎片",
    "NAME_VN": "Mảnh Thanh Nang Thư",
    "INTRO": "Thu thập đủ 5 mảnh có thể hợp thành bảo vật này",
    "EXID": "tchip_35001",
    "TCOND": 34001,
    "STAR": 1
  },
  "35161": {
    "QUALITY": 4,
    "CHIP": 30,
    "CTYPE": 1,
    "NAME": "紫金孤月盾碎片",
    "NAME_VN": "Mảnh Tử Kim Cô Nguyệt Thuẫn",
    "INTRO": "Thu thập đủ 30 mảnh có thể hợp thành bảo vật này",
    "EXID": "tchip_35161",
    "TCOND": 34161,
    "STAR": 1
  },
  "37001": {
    "QUALITY": 6,
    "CHIP": 50,
    "CTYPE": 2,
    "NAME": "神话宝物碎片",
    "NAME_VN": "Mảnh Bảo Vật Thần Thoại",
    "INTRO": "Thu thập đủ 50 có thể nhận được ngẫu nhiên 1 Bảo Vật Thần Thoại",
    "EXID": "trchip_37001",
    "TCOND": 6,
    "ICON": 37001,
    "STAR": 1
  },
  "37006": {
    "QUALITY": 1,
    "CHIP": 5,
    "CTYPE": 2,
    "NAME": "普通宝物碎片",
    "NAME_VN": "Mảnh Bảo Vật Phổ Thông",
    "INTRO": "Thu thập đủ 5 có thể nhận được ngẫu nhiên 1 Bảo Vật Cái Bình Thường",
    "EXID": "trchip_37006",
    "TCOND": 1,
    "ICON": 37006,
    "STAR": 1
  },
  "35231": {
    "QUALITY": 5,
    "CHIP": 50,
    "CTYPE": 1,
    "NAME": "孔雀翎碎片",
    "NAME_VN": "Mảnh Khổng Tước Linh",
    "INTRO": "Thu thập đủ 50 mảnh có thể hợp thành bảo vật này",
    "EXID": "tchip_35231",
    "TCOND": 34231,
    "STAR": 1
  },
  "35461": {
    "QUALITY": 6,
    "CHIP": 50,
    "CTYPE": 1,
    "NAME": "阴阳镜碎片",
    "NAME_VN": "Mảnh Âm Dương Kính",
    "INTRO": "Thu thập đủ 50 mảnh có thể hợp thành bảo vật này",
    "EXID": "tchip_35461",
    "TCOND": 34461,
    "STAR": 1
  },
  "35341": {
    "QUALITY": 5,
    "CHIP": 50,
    "CTYPE": 1,
    "NAME": "白虎爪碎片",
    "NAME_VN": "Mảnh Bạch Hổ Trảo",
    "INTRO": "Thu thập đủ 50 mảnh có thể hợp thành bảo vật này",
    "EXID": "tchip_35341",
    "TCOND": 34341,
    "STAR": 1
  },
  "35191": {
    "QUALITY": 4,
    "CHIP": 30,
    "CTYPE": 1,
    "NAME": "和氏壁碎片",
    "NAME_VN": "Mảnh Hòa Thị Bích",
    "INTRO": "Thu thập đủ 30 mảnh có thể hợp thành bảo vật này",
    "EXID": "tchip_35191",
    "TCOND": 34191,
    "STAR": 1
  },
  "37008": {
    "QUALITY": 6,
    "CHIP": 50,
    "CTYPE": 2,
    "NAME": "永恒神话宝物碎片",
    "NAME_VN": "Mảnh Bảo Vật Vĩnh Hằng Thần Thoại",
    "INTRO": "Thu thập đủ 50 có thể nhận được ngẫu nhiên 1 Bảo Vật Vĩnh Hằng Thần Thoại",
    "EXID": "trchip_37008",
    "TCOND": 8,
    "ICON": 37008,
    "STAR": 1
  },
  "35081": {
    "QUALITY": 2,
    "CHIP": 10,
    "CTYPE": 1,
    "NAME": "流星镖碎片",
    "NAME_VN": "Mảnh Lưu Tinh Phiêu",
    "INTRO": "Thu thập đủ 10 mảnh có thể hợp thành bảo vật này",
    "EXID": "tchip_35081",
    "TCOND": 34081,
    "STAR": 1
  },
  "35311": {
    "QUALITY": 5,
    "CHIP": 50,
    "CTYPE": 1,
    "NAME": "朱雀羽碎片",
    "NAME_VN": "Mảnh Chu Tước Vũ",
    "INTRO": "Thu thập đủ 50 mảnh có thể hợp thành bảo vật này",
    "EXID": "tchip_35311",
    "TCOND": 34311,
    "STAR": 1
  },
  "35101": {
    "QUALITY": 3,
    "CHIP": 20,
    "CTYPE": 1,
    "NAME": "太平要术碎片",
    "NAME_VN": "Mảnh Thái Bình Yếu Thuật",
    "INTRO": "Thu thập đủ 20 mảnh có thể hợp thành bảo vật này",
    "EXID": "tchip_35101",
    "TCOND": 34101,
    "STAR": 1
  },
  "35291": {
    "QUALITY": 6,
    "CHIP": 50,
    "CTYPE": 1,
    "NAME": "青龙鳞碎片",
    "NAME_VN": "Mảnh Thanh Long Lân",
    "INTRO": "Thu thập đủ 50 mảnh có thể hợp thành bảo vật này",
    "EXID": "tchip_35291",
    "TCOND": 34291,
    "STAR": 1
  },
  "35271": {
    "QUALITY": 6,
    "CHIP": 50,
    "CTYPE": 1,
    "NAME": "凤凰羽碎片",
    "NAME_VN": "Mảnh Phượng Hoàng Vũ",
    "INTRO": "Thu thập đủ 50 mảnh có thể hợp thành bảo vật này",
    "EXID": "tchip_35271",
    "TCOND": 34271,
    "STAR": 1
  },
  "37003": {
    "QUALITY": 4,
    "CHIP": 30,
    "CTYPE": 2,
    "NAME": "史诗宝物碎片",
    "NAME_VN": "Mảnh Bảo Vật Sử Thi",
    "INTRO": "Thu thập đủ 30 có thể nhận được ngẫu nhiên 1 Bảo Vật Sử Thi",
    "EXID": "trchip_37003",
    "TCOND": 4,
    "ICON": 37003,
    "STAR": 1
  },
  "35041": {
    "QUALITY": 1,
    "CHIP": 5,
    "CTYPE": 1,
    "NAME": "金丝锦囊碎片",
    "NAME_VN": "Mảnh Kim Ty Cẩm Nang",
    "INTRO": "Thu thập đủ 5 mảnh có thể hợp thành bảo vật này",
    "EXID": "tchip_35041",
    "TCOND": 34041,
    "STAR": 1
  },
  "35171": {
    "QUALITY": 4,
    "CHIP": 30,
    "CTYPE": 1,
    "NAME": "武圣披风碎片",
    "NAME_VN": "Mảnh Võ Thánh Phi Phong",
    "INTRO": "Thu thập đủ 30 mảnh có thể hợp thành bảo vật này",
    "EXID": "tchip_35171",
    "TCOND": 34171,
    "STAR": 1
  },
  "35011": {
    "QUALITY": 1,
    "CHIP": 5,
    "CTYPE": 1,
    "NAME": "鬼角碎片",
    "NAME_VN": "Mảnh Quỷ Giác",
    "INTRO": "Thu thập đủ 5 mảnh có thể hợp thành bảo vật này",
    "EXID": "tchip_35011",
    "TCOND": 34011,
    "STAR": 1
  },
  "35091": {
    "QUALITY": 2,
    "CHIP": 10,
    "CTYPE": 1,
    "NAME": "夜明珠碎片",
    "NAME_VN": "Mảnh Dạ Minh Châu",
    "INTRO": "Thu thập đủ 10 mảnh có thể hợp thành bảo vật này",
    "EXID": "tchip_35091",
    "TCOND": 34091,
    "STAR": 1
  },
  "35451": {
    "QUALITY": 6,
    "CHIP": 50,
    "CTYPE": 1,
    "NAME": "刑天盾碎片",
    "NAME_VN": "Mảnh Hình Thiên Thuẫn",
    "INTRO": "Thu thập đủ 50 mảnh có thể hợp thành bảo vật này",
    "EXID": "tchip_35451",
    "TCOND": 34451,
    "STAR": 1
  },
  "35061": {
    "QUALITY": 2,
    "CHIP": 10,
    "CTYPE": 1,
    "NAME": "明光盾碎片",
    "NAME_VN": "Mảnh Minh Quang Thuẫn",
    "INTRO": "Thu thập đủ 10 mảnh có thể hợp thành bảo vật này",
    "EXID": "tchip_35061",
    "TCOND": 34061,
    "STAR": 1
  },
  "35471": {
    "QUALITY": 6,
    "CHIP": 50,
    "CTYPE": 1,
    "NAME": "风火轮碎片",
    "NAME_VN": "Mảnh Phong Hỏa Luân",
    "INTRO": "Thu thập đủ 50 mảnh có thể hợp thành bảo vật này",
    "EXID": "tchip_35471",
    "TCOND": 34471,
    "STAR": 1
  },
  "35501": {
    "QUALITY": 6,
    "CHIP": 50,
    "CTYPE": 1,
    "NAME": "落日弓碎片",
    "NAME_VN": "Mảnh Lạc Nhật Cung",
    "INTRO": "Thu thập đủ 50 mảnh có thể hợp thành bảo vật này",
    "EXID": "tchip_35501",
    "TCOND": 34501,
    "STAR": 1
  },
  "35051": {
    "QUALITY": 2,
    "CHIP": 10,
    "CTYPE": 1,
    "NAME": "孟德新书碎片",
    "NAME_VN": "Mảnh Mạnh Đức Tân Thư",
    "INTRO": "Thu thập đủ 10 mảnh có thể hợp thành bảo vật này",
    "EXID": "tchip_35051",
    "TCOND": 34051,
    "STAR": 1
  },
  "37004": {
    "QUALITY": 3,
    "CHIP": 20,
    "CTYPE": 2,
    "NAME": "稀有宝物碎片",
    "NAME_VN": "Mảnh Bảo Vật Hy Hữu",
    "INTRO": "Thu thập đủ 20 có thể nhận được ngẫu nhiên 1 Bảo Vật Hi Hữu",
    "EXID": "trchip_37004",
    "TCOND": 3,
    "ICON": 37004,
    "STAR": 1
  },
  "35151": {
    "QUALITY": 4,
    "CHIP": 30,
    "CTYPE": 1,
    "NAME": "兵法二十四篇碎片",
    "NAME_VN": "Mảnh Binh Pháp Nhị Thập Tứ Thiên",
    "INTRO": "Thu thập đủ 30 mảnh có thể hợp thành bảo vật này",
    "EXID": "tchip_35151",
    "TCOND": 34151,
    "STAR": 1
  },
  "35281": {
    "QUALITY": 6,
    "CHIP": 50,
    "CTYPE": 1,
    "NAME": "番天印碎片",
    "NAME_VN": "Mảnh Phiên Thiên Ấn",
    "INTRO": "Thu thập đủ 50 mảnh có thể hợp thành bảo vật này",
    "EXID": "tchip_35281",
    "TCOND": 34281,
    "STAR": 1
  },
  "37002": {
    "QUALITY": 5,
    "CHIP": 50,
    "CTYPE": 2,
    "NAME": "传说宝物碎片",
    "NAME_VN": "Mảnh Bảo Vật Truyền Thuyết",
    "INTRO": "Thu thập đủ 50 có thể nhận được ngẫu nhiên 1 Bảo Vật Truyền Thuyết",
    "EXID": "trchip_37002",
    "TCOND": 5,
    "ICON": 37002,
    "STAR": 1
  },
  "35351": {
    "QUALITY": 5,
    "CHIP": 50,
    "CTYPE": 1,
    "NAME": "怒龙牙碎片",
    "NAME_VN": "Mảnh Nộ Long Nha",
    "INTRO": "Thu thập đủ 50 mảnh có thể hợp thành bảo vật này",
    "EXID": "tchip_35351",
    "TCOND": 34351,
    "STAR": 1
  },
  "37007": {
    "QUALITY": 5,
    "CHIP": 50,
    "CTYPE": 2,
    "NAME": "永恒传说宝物碎片",
    "NAME_VN": "Mảnh Bảo Vật Vĩnh Hằng Truyền Thuyết",
    "INTRO": "Thu thập đủ 50 có thể nhận được ngẫu nhiên 1 Bảo Vật Vĩnh Hằng Truyền Thuyết",
    "EXID": "trchip_37007",
    "TCOND": 7,
    "ICON": 37007,
    "STAR": 1
  },
  "35111": {
    "QUALITY": 3,
    "CHIP": 20,
    "CTYPE": 1,
    "NAME": "霸王战盾碎片",
    "NAME_VN": "Mảnh Bá Vương Chiến Thuẫn",
    "INTRO": "Thu thập đủ 20 mảnh có thể hợp thành bảo vật này",
    "EXID": "tchip_35111",
    "TCOND": 34111,
    "STAR": 1
  }
}