[
  {
    "gamemoney": 800000,
    "items": [
      [
        30022,
        2
      ],
      [
        30001,
        20000
      ],
      [
        30015,
        50
      ]
    ],
    "money": 240
  },
  {
    "gamemoney": 600000,
    "items": [
      [
        30022,
        1
      ],
      [
        30001,
        18000
      ],
      [
        30015,
        45
      ]
    ],
    "money": 220
  },
  {
    "gamemoney": 560000,
    "items": [
      [
        30021,
        2
      ],
      [
        30001,
        16000
      ],
      [
        30015,
        40
      ]
    ],
    "money": 200
  },
  {
    "gamemoney": 480000,
    "items": [
      [
        30021,
        1
      ],
      [
        30001,
        14000
      ],
      [
        30015,
        35
      ]
    ],
    "money": 180
  },
  {
    "gamemoney": 440000,
    "items": [
      [
        30001,
        12000
      ],
      [
        30015,
        30
      ]
    ],
    "money": 160
  },
  {
    "gamemoney": 400000,
    "items": [
      [
        30001,
        10000
      ],
      [
        30015,
        25
      ]
    ],
    "money": 140
  },
  {
    "gamemoney": 360000,
    "items": [
      [
        30001,
        9000
      ],
      [
        30015,
        22
      ]
    ],
    "money": 120
  },
  {
    "gamemoney": 320000,
    "items": [
      [
        30001,
        8000
      ],
      [
        30015,
        18
      ]
    ],
    "money": 100
  },
  {
    "gamemoney": 240000,
    "items": [
      [
        30001,
        7000
      ],
      [
        30015,
        16
      ]
    ],
    "money": 60
  },
  {
    "gamemoney": 200000,
    "items": [
      [
        30001,
        6000
      ],
      [
        30015,
        14
      ]
    ],
    "money": 40
  }
]