{
  "shops": [
    {
      "disc": 5,
      "item": [
        {
          "GSID": 30008,
          "COUNT": 10
        }
      ],
      "consume": [
        {
          "GSID": 38005,
          "COUNT": 250
        }
      ]
    },
    {
      "disc": 5,
      "item": [
        {
          "GSID": 30011,
          "COUNT": 10
        }
      ],
      "consume": [
        {
          "GSID": 38005,
          "COUNT": 5000
        }
      ]
    },
    {
      "disc": 5,
      "item": [
        {
          "GSID": 36002,
          "COUNT": 50
        }
      ],
      "consume": [
        {
          "GSID": 38005,
          "COUNT": 3000
        }
      ]
    },
    {
      "disc": 7,
      "item": [
        {
          "GSID": 30008,
          "COUNT": 10
        }
      ],
      "consume": [
        {
          "GSID": 38005,
          "COUNT": 350
        }
      ]
    },
    {
      "disc": 5,
      "item": [
        {
          "GSID": 36003,
          "COUNT": 50
        }
      ],
      "consume": [
        {
          "GSID": 38005,
          "COUNT": 3000
        }
      ]
    },
    {
      "disc": 5,
      "item": [
        {
          "GSID": 38006,
          "COUNT": 7500000
        }
      ],
      "consume": [
        {
          "GSID": 38005,
          "COUNT": 1250
        }
      ]
    },
    {
      "disc": 8,
      "item": [
        {
          "GSID": 30001,
          "COUNT": 100000
        }
      ],
      "consume": [
        {
          "GSID": 38006,
          "COUNT": 160000
        }
      ]
    },
    {
      "disc": 7,
      "item": [
        {
          "GSID": 36023,
          "COUNT": 30
        }
      ],
      "consume": [
        {
          "GSID": 38005,
          "COUNT": 420
        }
      ]
    },
    {
      "disc": 8,
      "item": [
        {
          "GSID": 30017,
          "COUNT": 10
        }
      ],
      "consume": [
        {
          "GSID": 38006,
          "COUNT": 480000
        }
      ]
    },
    {
      "disc": 5,
      "item": [
        {
          "GSID": 30009,
          "COUNT": 2
        }
      ],
      "consume": [
        {
          "GSID": 38005,
          "COUNT": 500
        }
      ]
    },
    {
      "disc": 8,
      "item": [
        {
          "GSID": 30016,
          "COUNT": 30
        }
      ],
      "consume": [
        {
          "GSID": 38006,
          "COUNT": 288000
        }
      ]
    },
    {
      "disc": 8,
      "item": [
        {
          "GSID": 30015,
          "COUNT": 100
        }
      ],
      "consume": [
        {
          "GSID": 38006,
          "COUNT": 240000
        }
      ]
    },
    {
      "disc": 5,
      "item": [
        {
          "GSID": 30001,
          "COUNT": 3000000
        }
      ],
      "consume": [
        {
          "GSID": 38005,
          "COUNT": 1000
        }
      ]
    },
    {
      "disc": 7,
      "item": [
        {
          "GSID": 30006,
          "COUNT": 1
        }
      ],
      "consume": [
        {
          "GSID": 38005,
          "COUNT": 175
        }
      ]
    }
  ],
  "steps": [
    {
      "reward": [
        {
          "GSID": 36001,
          "COUNT": 5
        },
        {
          "GSID": 30008,
          "COUNT": 1
        },
        {
          "GSID": 38006,
          "COUNT": 100000
        }
      ],
      "soldier": [
        60,
        1
      ],
      "elite": [
        60,
        2
      ],
      "boss": [
        80,
        3
      ],
      "box": [
        {
          "id": 101,
          "quality": 2,
          "goods": [
            {
              "GSID": 38006,
              "COUNT": [
                140000,
                150000
              ]
            }
          ]
        },
        {
          "id": 102,
          "quality": 3,
          "goods": [
            {
              "GSID": 30015,
              "COUNT": [
                80,
                90
              ]
            }
          ]
        },
        {
          "id": 103,
          "quality": 3,
          "goods": [
            {
              "GSID": 30016,
              "COUNT": [
                28,
                30
              ]
            }
          ]
        },
        {
          "id": 104,
          "quality": 2,
          "goods": [
            {
              "GSID": 30017,
              "COUNT": [
                2,
                4
              ]
            }
          ]
        },
        {
          "id": 105,
          "quality": 1,
          "goods": [
            {
              "GSID": 30024,
              "COUNT": [
                1,
                1
              ]
            }
          ]
        }
      ]
    },
    {
      "reward": [
        {
          "GSID": 36001,
          "COUNT": 5
        },
        {
          "GSID": 30008,
          "COUNT": 1
        },
        {
          "GSID": 38006,
          "COUNT": 100000
        }
      ],
      "soldier": [
        80,
        1
      ],
      "elite": [
        80,
        2
      ],
      "boss": [
        100,
        3
      ],
      "box": [
        {
          "id": 201,
          "quality": 2,
          "goods": [
            {
              "GSID": 38006,
              "COUNT": [
                145000,
                155000
              ]
            }
          ]
        },
        {
          "id": 202,
          "quality": 3,
          "goods": [
            {
              "GSID": 30015,
              "COUNT": [
                83,
                93
              ]
            }
          ]
        },
        {
          "id": 203,
          "quality": 3,
          "goods": [
            {
              "GSID": 30016,
              "COUNT": [
                29,
                31
              ]
            }
          ]
        },
        {
          "id": 204,
          "quality": 2,
          "goods": [
            {
              "GSID": 30017,
              "COUNT": [
                3,
                5
              ]
            }
          ]
        },
        {
          "id": 205,
          "quality": 1,
          "goods": [
            {
              "GSID": 30024,
              "COUNT": [
                1,
                2
              ]
            }
          ]
        }
      ]
    },
    {
      "reward": [
        {
          "GSID": 36001,
          "COUNT": 5
        },
        {
          "GSID": 30006,
          "COUNT": 1
        },
        {
          "GSID": 38006,
          "COUNT": 100000
        }
      ],
      "soldier": [
        120,
        1
      ],
      "elite": [
        120,
        2
      ],
      "boss": [
        150,
        3
      ],
      "box": [
        {
          "id": 301,
          "quality": 2,
          "goods": [
            {
              "GSID": 38006,
              "COUNT": [
                150000,
                160000
              ]
            }
          ]
        },
        {
          "id": 302,
          "quality": 3,
          "goods": [
            {
              "GSID": 30015,
              "COUNT": [
                86,
                96
              ]
            }
          ]
        },
        {
          "id": 303,
          "quality": 3,
          "goods": [
            {
              "GSID": 30016,
              "COUNT": [
                30,
                32
              ]
            }
          ]
        },
        {
          "id": 304,
          "quality": 2,
          "goods": [
            {
              "GSID": 30017,
              "COUNT": [
                4,
                6
              ]
            }
          ]
        },
        {
          "id": 305,
          "quality": 1,
          "goods": [
            {
              "GSID": 30024,
              "COUNT": [
                1,
                3
              ]
            }
          ]
        }
      ]
    },
    {
      "reward": [
        {
          "GSID": 36001,
          "COUNT": 5
        },
        {
          "GSID": 30008,
          "COUNT": 1
        },
        {
          "GSID": 38006,
          "COUNT": 100000
        }
      ],
      "soldier": [
        140,
        1
      ],
      "elite": [
        140,
        2
      ],
      "boss": [
        170,
        3
      ],
      "box": [
        {
          "id": 401,
          "quality": 2,
          "goods": [
            {
              "GSID": 38006,
              "COUNT": [
                155000,
                165000
              ]
            }
          ]
        },
        {
          "id": 402,
          "quality": 3,
          "goods": [
            {
              "GSID": 30015,
              "COUNT": [
                89,
                99
              ]
            }
          ]
        },
        {
          "id": 403,
          "quality": 3,
          "goods": [
            {
              "GSID": 30016,
              "COUNT": [
                31,
                33
              ]
            }
          ]
        },
        {
          "id": 404,
          "quality": 2,
          "goods": [
            {
              "GSID": 30017,
              "COUNT": [
                5,
                7
              ]
            }
          ]
        },
        {
          "id": 405,
          "quality": 1,
          "goods": [
            {
              "GSID": 30024,
              "COUNT": [
                1,
                4
              ]
            }
          ]
        }
      ]
    },
    {
      "reward": [
        {
          "GSID": 36001,
          "COUNT": 5
        },
        {
          "GSID": 30008,
          "COUNT": 1
        },
        {
          "GSID": 38006,
          "COUNT": 100000
        }
      ],
      "soldier": [
        150,
        1
      ],
      "elite": [
        150,
        2
      ],
      "boss": [
        180,
        3
      ],
      "box": [
        {
          "id": 501,
          "quality": 2,
          "goods": [
            {
              "GSID": 38006,
              "COUNT": [
                160000,
                170000
              ]
            }
          ]
        },
        {
          "id": 502,
          "quality": 3,
          "goods": [
            {
              "GSID": 30015,
              "COUNT": [
                92,
                102
              ]
            }
          ]
        },
        {
          "id": 503,
          "quality": 3,
          "goods": [
            {
              "GSID": 30016,
              "COUNT": [
                32,
                34
              ]
            }
          ]
        },
        {
          "id": 504,
          "quality": 2,
          "goods": [
            {
              "GSID": 30017,
              "COUNT": [
                6,
                8
              ]
            }
          ]
        },
        {
          "id": 505,
          "quality": 1,
          "goods": [
            {
              "GSID": 30024,
              "COUNT": [
                2,
                2
              ]
            }
          ]
        }
      ]
    },
    {
      "reward": [
        {
          "GSID": 36001,
          "COUNT": 5
        },
        {
          "GSID": 30008,
          "COUNT": 1
        },
        {
          "GSID": 38006,
          "COUNT": 105000
        }
      ],
      "soldier": [
        180,
        1
      ],
      "elite": [
        180,
        2
      ],
      "boss": [
        210,
        3
      ],
      "box": [
        {
          "id": 601,
          "quality": 2,
          "goods": [
            {
              "GSID": 38006,
              "COUNT": [
                165000,
                175000
              ]
            }
          ]
        },
        {
          "id": 602,
          "quality": 3,
          "goods": [
            {
              "GSID": 30015,
              "COUNT": [
                95,
                105
              ]
            }
          ]
        },
        {
          "id": 603,
          "quality": 3,
          "goods": [
            {
              "GSID": 30016,
              "COUNT": [
                33,
                35
              ]
            }
          ]
        },
        {
          "id": 604,
          "quality": 2,
          "goods": [
            {
              "GSID": 30017,
              "COUNT": [
                7,
                9
              ]
            }
          ]
        },
        {
          "id": 605,
          "quality": 1,
          "goods": [
            {
              "GSID": 30024,
              "COUNT": [
                2,
                3
              ]
            }
          ]
        }
      ]
    },
    {
      "reward": [
        {
          "GSID": 36001,
          "COUNT": 5
        },
        {
          "GSID": 30008,
          "COUNT": 1
        },
        {
          "GSID": 38006,
          "COUNT": 110000
        }
      ],
      "soldier": [
        210,
        1
      ],
      "elite": [
        210,
        2
      ],
      "boss": [
        240,
        3
      ],
      "box": [
        {
          "id": 701,
          "quality": 2,
          "goods": [
            {
              "GSID": 38006,
              "COUNT": [
                170000,
                180000
              ]
            }
          ]
        },
        {
          "id": 702,
          "quality": 3,
          "goods": [
            {
              "GSID": 30015,
              "COUNT": [
                98,
                108
              ]
            }
          ]
        },
        {
          "id": 703,
          "quality": 3,
          "goods": [
            {
              "GSID": 30016,
              "COUNT": [
                34,
                36
              ]
            }
          ]
        },
        {
          "id": 704,
          "quality": 2,
          "goods": [
            {
              "GSID": 30017,
              "COUNT": [
                8,
                10
              ]
            }
          ]
        },
        {
          "id": 705,
          "quality": 1,
          "goods": [
            {
              "GSID": 30024,
              "COUNT": [
                2,
                4
              ]
            }
          ]
        }
      ]
    },
    {
      "reward": [
        {
          "GSID": 36001,
          "COUNT": 5
        },
        {
          "GSID": 30008,
          "COUNT": 1
        },
        {
          "GSID": 38006,
          "COUNT": 115000
        }
      ],
      "soldier": [
        240,
        1
      ],
      "elite": [
        240,
        2
      ],
      "boss": [
        270,
        3
      ],
      "box": [
        {
          "id": 801,
          "quality": 2,
          "goods": [
            {
              "GSID": 38006,
              "COUNT": [
                175000,
                185000
              ]
            }
          ]
        },
        {
          "id": 802,
          "quality": 3,
          "goods": [
            {
              "GSID": 30015,
              "COUNT": [
                101,
                111
              ]
            }
          ]
        },
        {
          "id": 803,
          "quality": 3,
          "goods": [
            {
              "GSID": 30016,
              "COUNT": [
                35,
                37
              ]
            }
          ]
        },
        {
          "id": 804,
          "quality": 2,
          "goods": [
            {
              "GSID": 30017,
              "COUNT": [
                9,
                11
              ]
            }
          ]
        },
        {
          "id": 805,
          "quality": 1,
          "goods": [
            {
              "GSID": 30024,
              "COUNT": [
                2,
                5
              ]
            }
          ]
        }
      ]
    },
    {
      "reward": [
        {
          "GSID": 36001,
          "COUNT": 5
        },
        {
          "GSID": 30015,
          "COUNT": 50
        },
        {
          "GSID": 30008,
          "COUNT": 1
        },
        {
          "GSID": 38006,
          "COUNT": 120000
        }
      ],
      "soldier": [
        260,
        1
      ],
      "elite": [
        260,
        2
      ],
      "boss": [
        290,
        3
      ],
      "box": [
        {
          "id": 901,
          "quality": 2,
          "goods": [
            {
              "GSID": 38006,
              "COUNT": [
                180000,
                190000
              ]
            }
          ]
        },
        {
          "id": 902,
          "quality": 3,
          "goods": [
            {
              "GSID": 30015,
              "COUNT": [
                104,
                114
              ]
            }
          ]
        },
        {
          "id": 903,
          "quality": 3,
          "goods": [
            {
              "GSID": 30016,
              "COUNT": [
                36,
                38
              ]
            }
          ]
        },
        {
          "id": 904,
          "quality": 2,
          "goods": [
            {
              "GSID": 30017,
              "COUNT": [
                10,
                12
              ]
            }
          ]
        },
        {
          "id": 905,
          "quality": 1,
          "goods": [
            {
              "GSID": 30024,
              "COUNT": [
                3,
                3
              ]
            }
          ]
        }
      ]
    },
    {
      "reward": [
        {
          "GSID": 36001,
          "COUNT": 5
        },
        {
          "GSID": 30008,
          "COUNT": 1
        },
        {
          "GSID": 30015,
          "COUNT": 80
        },
        {
          "GSID": 30016,
          "COUNT": 12
        },
        {
          "GSID": 38006,
          "COUNT": 130000
        }
      ],
      "soldier": [
        280,
        1
      ],
      "elite": [
        280,
        2
      ],
      "boss": [
        310,
        3
      ],
      "box": [
        {
          "id": 1001,
          "quality": 2,
          "goods": [
            {
              "GSID": 38006,
              "COUNT": [
                185000,
                195000
              ]
            }
          ]
        },
        {
          "id": 1002,
          "quality": 3,
          "goods": [
            {
              "GSID": 30015,
              "COUNT": [
                107,
                117
              ]
            }
          ]
        },
        {
          "id": 1003,
          "quality": 3,
          "goods": [
            {
              "GSID": 30016,
              "COUNT": [
                37,
                39
              ]
            }
          ]
        },
        {
          "id": 1004,
          "quality": 2,
          "goods": [
            {
              "GSID": 30017,
              "COUNT": [
                11,
                13
              ]
            }
          ]
        },
        {
          "id": 1005,
          "quality": 1,
          "goods": [
            {
              "GSID": 30024,
              "COUNT": [
                3,
                4
              ]
            }
          ]
        }
      ]
    },
    {
      "reward": [
        {
          "GSID": 36001,
          "COUNT": 5
        },
        {
          "GSID": 30008,
          "COUNT": 1
        },
        {
          "GSID": 30015,
          "COUNT": 120
        },
        {
          "GSID": 30016,
          "COUNT": 16
        },
        {
          "GSID": 38006,
          "COUNT": 140000
        }
      ],
      "soldier": [
        300,
        1
      ],
      "elite": [
        300,
        2
      ],
      "boss": [
        330,
        3
      ],
      "box": [
        {
          "id": 1101,
          "quality": 2,
          "goods": [
            {
              "GSID": 38006,
              "COUNT": [
                190000,
                200000
              ]
            }
          ]
        },
        {
          "id": 1102,
          "quality": 3,
          "goods": [
            {
              "GSID": 30015,
              "COUNT": [
                110,
                120
              ]
            }
          ]
        },
        {
          "id": 1103,
          "quality": 3,
          "goods": [
            {
              "GSID": 30016,
              "COUNT": [
                38,
                40
              ]
            }
          ]
        },
        {
          "id": 1104,
          "quality": 2,
          "goods": [
            {
              "GSID": 30017,
              "COUNT": [
                12,
                14
              ]
            }
          ]
        },
        {
          "id": 1105,
          "quality": 1,
          "goods": [
            {
              "GSID": 30024,
              "COUNT": [
                3,
                5
              ]
            }
          ]
        }
      ]
    },
    {
      "reward": [
        {
          "GSID": 36001,
          "COUNT": 5
        },
        {
          "GSID": 30008,
          "COUNT": 1
        },
        {
          "GSID": 30015,
          "COUNT": 150
        },
        {
          "GSID": 30016,
          "COUNT": 20
        },
        {
          "GSID": 30017,
          "COUNT": 3
        },
        {
          "GSID": 38006,
          "COUNT": 150000
        }
      ],
      "soldier": [
        320,
        1
      ],
      "elite": [
        320,
        2
      ],
      "boss": [
        350,
        3
      ],
      "box": [
        {
          "id": 1201,
          "quality": 2,
          "goods": [
            {
              "GSID": 38006,
              "COUNT": [
                195000,
                205000
              ]
            }
          ]
        },
        {
          "id": 1202,
          "quality": 3,
          "goods": [
            {
              "GSID": 30015,
              "COUNT": [
                113,
                123
              ]
            }
          ]
        },
        {
          "id": 1203,
          "quality": 3,
          "goods": [
            {
              "GSID": 30016,
              "COUNT": [
                39,
                41
              ]
            }
          ]
        },
        {
          "id": 1204,
          "quality": 2,
          "goods": [
            {
              "GSID": 30017,
              "COUNT": [
                13,
                15
              ]
            }
          ]
        },
        {
          "id": 1205,
          "quality": 1,
          "goods": [
            {
              "GSID": 30024,
              "COUNT": [
                3,
                6
              ]
            }
          ]
        }
      ]
    },
    {
      "reward": [
        {
          "GSID": 30006,
          "COUNT": 1
        },
        {
          "GSID": 36001,
          "COUNT": 5
        },
        {
          "GSID": 30008,
          "COUNT": 1
        },
        {
          "GSID": 30015,
          "COUNT": 180
        },
        {
          "GSID": 30016,
          "COUNT": 24
        },
        {
          "GSID": 30017,
          "COUNT": 6
        },
        {
          "GSID": 30024,
          "COUNT": 1
        },
        {
          "GSID": 38006,
          "COUNT": 160000
        }
      ],
      "soldier": [
        340,
        1
      ],
      "elite": [
        340,
        2
      ],
      "boss": [
        370,
        3
      ],
      "box": [
        {
          "id": 1301,
          "quality": 2,
          "goods": [
            {
              "GSID": 38006,
              "COUNT": [
                200000,
                210000
              ]
            }
          ]
        },
        {
          "id": 1302,
          "quality": 3,
          "goods": [
            {
              "GSID": 30015,
              "COUNT": [
                116,
                126
              ]
            }
          ]
        },
        {
          "id": 1303,
          "quality": 3,
          "goods": [
            {
              "GSID": 30016,
              "COUNT": [
                40,
                42
              ]
            }
          ]
        },
        {
          "id": 1304,
          "quality": 2,
          "goods": [
            {
              "GSID": 30017,
              "COUNT": [
                14,
                16
              ]
            }
          ]
        },
        {
          "id": 1305,
          "quality": 1,
          "goods": [
            {
              "GSID": 30024,
              "COUNT": [
                4,
                4
              ]
            }
          ]
        }
      ]
    },
    {
      "reward": [
        {
          "GSID": 30006,
          "COUNT": 2
        },
        {
          "GSID": 30009,
          "COUNT": 1
        },
        {
          "GSID": 36001,
          "COUNT": 5
        },
        {
          "GSID": 30008,
          "COUNT": 1
        },
        {
          "GSID": 30015,
          "COUNT": 210
        },
        {
          "GSID": 30016,
          "COUNT": 28
        },
        {
          "GSID": 30017,
          "COUNT": 8
        },
        {
          "GSID": 30024,
          "COUNT": 2
        },
        {
          "GSID": 38006,
          "COUNT": 170000
        }
      ],
      "soldier": [
        360,
        1
      ],
      "elite": [
        360,
        2
      ],
      "boss": [
        390,
        3
      ],
      "box": [
        {
          "id": 1401,
          "quality": 2,
          "goods": [
            {
              "GSID": 38006,
              "COUNT": [
                205000,
                215000
              ]
            }
          ]
        },
        {
          "id": 1402,
          "quality": 3,
          "goods": [
            {
              "GSID": 30015,
              "COUNT": [
                119,
                129
              ]
            }
          ]
        },
        {
          "id": 1403,
          "quality": 3,
          "goods": [
            {
              "GSID": 30016,
              "COUNT": [
                41,
                43
              ]
            }
          ]
        },
        {
          "id": 1404,
          "quality": 2,
          "goods": [
            {
              "GSID": 30017,
              "COUNT": [
                15,
                17
              ]
            }
          ]
        },
        {
          "id": 1405,
          "quality": 1,
          "goods": [
            {
              "GSID": 30024,
              "COUNT": [
                4,
                5
              ]
            }
          ]
        }
      ]
    },
    {
      "reward": [
        {
          "GSID": 30006,
          "COUNT": 3
        },
        {
          "GSID": 30009,
          "COUNT": 2
        },
        {
          "GSID": 36001,
          "COUNT": 5
        },
        {
          "GSID": 30008,
          "COUNT": 1
        },
        {
          "GSID": 30015,
          "COUNT": 240
        },
        {
          "GSID": 30016,
          "COUNT": 35
        },
        {
          "GSID": 30017,
          "COUNT": 10
        },
        {
          "GSID": 30024,
          "COUNT": 3
        },
        {
          "GSID": 38006,
          "COUNT": 180000
        }
      ],
      "soldier": [
        380,
        1
      ],
      "elite": [
        380,
        2
      ],
      "boss": [
        410,
        3
      ],
      "box": [
        {
          "id": 1501,
          "quality": 2,
          "goods": [
            {
              "GSID": 38006,
              "COUNT": [
                210000,
                220000
              ]
            }
          ]
        },
        {
          "id": 1502,
          "quality": 3,
          "goods": [
            {
              "GSID": 30015,
              "COUNT": [
                122,
                132
              ]
            }
          ]
        },
        {
          "id": 1503,
          "quality": 3,
          "goods": [
            {
              "GSID": 30016,
              "COUNT": [
                42,
                44
              ]
            }
          ]
        },
        {
          "id": 1504,
          "quality": 2,
          "goods": [
            {
              "GSID": 30017,
              "COUNT": [
                16,
                18
              ]
            }
          ]
        },
        {
          "id": 1505,
          "quality": 1,
          "goods": [
            {
              "GSID": 30024,
              "COUNT": [
                4,
                6
              ]
            }
          ]
        }
      ]
    },
    {
      "reward": [
        {
          "GSID": 30006,
          "COUNT": 3
        },
        {
          "GSID": 30009,
          "COUNT": 2
        },
        {
          "GSID": 36001,
          "COUNT": 5
        },
        {
          "GSID": 30008,
          "COUNT": 1
        },
        {
          "GSID": 30015,
          "COUNT": 240
        },
        {
          "GSID": 30016,
          "COUNT": 36
        },
        {
          "GSID": 30017,
          "COUNT": 11
        },
        {
          "GSID": 30024,
          "COUNT": 3
        },
        {
          "GSID": 38006,
          "COUNT": 190000
        }
      ],
      "soldier": [
        480,
        1
      ],
      "elite": [
        480,
        2
      ],
      "boss": [
        510,
        3
      ],
      "box": [
        {
          "id": 1601,
          "quality": 2,
          "goods": [
            {
              "GSID": 38006,
              "COUNT": [
                210000,
                220000
              ]
            }
          ]
        },
        {
          "id": 1602,
          "quality": 3,
          "goods": [
            {
              "GSID": 30015,
              "COUNT": [
                122,
                132
              ]
            }
          ]
        },
        {
          "id": 1603,
          "quality": 3,
          "goods": [
            {
              "GSID": 30016,
              "COUNT": [
                42,
                44
              ]
            }
          ]
        },
        {
          "id": 1604,
          "quality": 2,
          "goods": [
            {
              "GSID": 30017,
              "COUNT": [
                16,
                18
              ]
            }
          ]
        },
        {
          "id": 1605,
          "quality": 1,
          "goods": [
            {
              "GSID": 30024,
              "COUNT": [
                4,
                6
              ]
            }
          ]
        }
      ]
    },
    {
      "reward": [
        {
          "GSID": 30006,
          "COUNT": 4
        },
        {
          "GSID": 30009,
          "COUNT": 3
        },
        {
          "GSID": 36001,
          "COUNT": 5
        },
        {
          "GSID": 30008,
          "COUNT": 1
        },
        {
          "GSID": 30015,
          "COUNT": 250
        },
        {
          "GSID": 30016,
          "COUNT": 37
        },
        {
          "GSID": 30017,
          "COUNT": 12
        },
        {
          "GSID": 30024,
          "COUNT": 3
        },
        {
          "GSID": 38006,
          "COUNT": 200000
        }
      ],
      "soldier": [
        510,
        1
      ],
      "elite": [
        510,
        2
      ],
      "boss": [
        540,
        3
      ],
      "box": [
        {
          "id": 1701,
          "quality": 2,
          "goods": [
            {
              "GSID": 38006,
              "COUNT": [
                210000,
                220000
              ]
            }
          ]
        },
        {
          "id": 1702,
          "quality": 3,
          "goods": [
            {
              "GSID": 30015,
              "COUNT": [
                122,
                132
              ]
            }
          ]
        },
        {
          "id": 1703,
          "quality": 3,
          "goods": [
            {
              "GSID": 30016,
              "COUNT": [
                42,
                44
              ]
            }
          ]
        },
        {
          "id": 1704,
          "quality": 2,
          "goods": [
            {
              "GSID": 30017,
              "COUNT": [
                16,
                18
              ]
            }
          ]
        },
        {
          "id": 1705,
          "quality": 1,
          "goods": [
            {
              "GSID": 30024,
              "COUNT": [
                4,
                6
              ]
            }
          ]
        }
      ]
    },
    {
      "reward": [
        {
          "GSID": 30006,
          "COUNT": 4
        },
        {
          "GSID": 30009,
          "COUNT": 3
        },
        {
          "GSID": 36001,
          "COUNT": 5
        },
        {
          "GSID": 30008,
          "COUNT": 1
        },
        {
          "GSID": 30015,
          "COUNT": 260
        },
        {
          "GSID": 30016,
          "COUNT": 38
        },
        {
          "GSID": 30017,
          "COUNT": 13
        },
        {
          "GSID": 30024,
          "COUNT": 3
        },
        {
          "GSID": 38006,
          "COUNT": 210000
        }
      ],
      "soldier": [
        540,
        1
      ],
      "elite": [
        540,
        2
      ],
      "boss": [
        570,
        3
      ],
      "box": [
        {
          "id": 1801,
          "quality": 2,
          "goods": [
            {
              "GSID": 38006,
              "COUNT": [
                210000,
                220000
              ]
            }
          ]
        },
        {
          "id": 1802,
          "quality": 3,
          "goods": [
            {
              "GSID": 30015,
              "COUNT": [
                122,
                132
              ]
            }
          ]
        },
        {
          "id": 1803,
          "quality": 3,
          "goods": [
            {
              "GSID": 30016,
              "COUNT": [
                42,
                44
              ]
            }
          ]
        },
        {
          "id": 1804,
          "quality": 2,
          "goods": [
            {
              "GSID": 30017,
              "COUNT": [
                16,
                18
              ]
            }
          ]
        },
        {
          "id": 1805,
          "quality": 1,
          "goods": [
            {
              "GSID": 30024,
              "COUNT": [
                4,
                6
              ]
            }
          ]
        }
      ]
    }
  ]
}