{
  "1004": {
    "desc": "hipiwan豪华礼包-进阶石*200，武将经验*2888,铜钱*188888",
    "award": {
      "30001": 2888,
      "38006": 188888,
      "30015": 200
    }
  },
  "1006": {
    "desc": "hipiwan首冲礼包-5星诸葛亮*1",
    "award": {
      "22141": 50
    }
  },
  "1002": {
    "desc": "3k进阶礼包",
    "award": {
      "36001": 100,
      "30001": 50000
    }
  },
  "1003": {
    "desc": "hipiwan新手礼包-进阶石*100，武将经验*1888，铜钱*88888",
    "award": {
      "30001": 1888,
      "38006": 88888,
      "30015": 100
    }
  },
  "1005": {
    "desc": "hipiwan百抽礼包-普通招募令*100",
    "award": {
      "30005": 100
    }
  },
  "1001": {
    "desc": "3k新手礼包",
    "award": {
      "38005": 1000,
      "38006": 600000
    }
  }
}