{
  "donateExp": 10,
  "donateCoin": 50,
  "levelConfig": [
    {
      "pnum": 15,
      "exp": 100
    },
    {
      "pnum": 16,
      "exp": 200
    },
    {
      "pnum": 16,
      "exp": 300
    },
    {
      "pnum": 17,
      "exp": 400
    },
    {
      "pnum": 17,
      "exp": 500
    },
    {
      "pnum": 18,
      "exp": 600
    },
    {
      "pnum": 18,
      "exp": 700
    },
    {
      "pnum": 19,
      "exp": 800
    },
    {
      "pnum": 19,
      "exp": 900
    },
    {
      "pnum": 20,
      "exp": 1000
    },
    {
      "pnum": 20,
      "exp": 1200
    },
    {
      "pnum": 21,
      "exp": 1400
    },
    {
      "pnum": 21,
      "exp": 1600
    },
    {
      "pnum": 22,
      "exp": 1800
    },
    {
      "pnum": 22,
      "exp": 2000
    },
    {
      "pnum": 23,
      "exp": 2200
    },
    {
      "pnum": 23,
      "exp": 2400
    },
    {
      "pnum": 24,
      "exp": 2600
    },
    {
      "pnum": 24,
      "exp": 2800
    },
    {
      "pnum": 25,
      "exp": 3000
    },
    {
      "pnum": 25,
      "exp": 3200
    },
    {
      "pnum": 26,
      "exp": 3400
    },
    {
      "pnum": 26,
      "exp": 3600
    },
    {
      "pnum": 27,
      "exp": 3800
    },
    {
      "pnum": 27,
      "exp": 4000
    },
    {
      "pnum": 28,
      "exp": 4200
    },
    {
      "pnum": 28,
      "exp": 4400
    },
    {
      "pnum": 29,
      "exp": 4600
    },
    {
      "pnum": 29,
      "exp": 4800
    },
    {
      "pnum": 30,
      "exp": 5000
    }
  ]
}