[
  {
    "price": 68,
    "buytime": 2,
    "items": [
      {
        "GSID": 38006,
        "COUNT": 2500000
      },
      {
        "GSID": 30001,
        "COUNT": 1500000
      },
      {
        "GSID": 30015,
        "COUNT": 450
      }
    ]
  },
  {
    "price": 128,
    "buytime": 2,
    "items": [
      {
        "GSID": 30006,
        "COUNT": 16
      },
      {
        "GSID": 30011,
        "COUNT": 2
      }
    ]
  },
  {
    "price": 328,
    "buytime": 2,
    "items": [
      {
        "GSID": 30011,
        "COUNT": 5
      },
      {
        "GSID": 36001,
        "COUNT": 50
      }
    ]
  },
  {
    "price": 448,
    "buytime": 2,
    "items": [
      {
        "GSID": 30011,
        "COUNT": 10
      },
      {
        "GSID": 36001,
        "COUNT": 50
      }
    ]
  }
]