{
    "0":[{"GSID":30001,"COUNT":75000},{"GSID":38006,"COUNT":150000},{"GSID":30015,"COUNT":100},{"GSID":30006,"COUNT":2}],
    "2":{
        "list":[{"status":0,"rewards":[{"GSID":30015,"COUNT":200}],"intro":"Diễn Võ Trường Đơn 20 lần","mark":90379,"limit":20,"page":"pvpentrancepage","num":18},
            {"status":0,"rewards":[{"GSID":30015,"COUNT":200}],"intro":"Quan Tinh Thường 20 lần","mark":90380,"limit":20,"page":"lookstarpage","num":0},
            {"status":0,"rewards":[{"GSID":30015,"COUNT":200}],"intro":"Nhiệm Vụ Nội Chính 20 lần","mark":90381,"limit":20,"page":"itnmissionpage","num":0},
            {"status":0,"rewards":[{"GSID":30015,"COUNT":200}],"intro":"Điểm Kim 20 lần","mark":90382,"limit":20,"page":"goldmidaspage","num":0}],
        "reward":[{"GSID":22141,"COUNT":50}]
    },
    "3":{
        "refcost":{"GSID":38005,"COUNT":50},
        "REWARDS":[
            {"ID":101,"ITEMS":[{"GSID":24401,"COUNT":50},{"GSID":22021,"COUNT":50},{"GSID":30009,"COUNT":20}],"TYPE":0,"VALUE":648,"WEIGHT":1},
            {"ID":102,"ITEMS":[{"GSID":24001,"COUNT":50},{"GSID":26001,"COUNT":50},{"GSID":30011,"COUNT":15}],"TYPE":0,"VALUE":648,"WEIGHT":1},
            {"ID":103,"ITEMS":[{"GSID":24401,"COUNT":50},{"GSID":30026,"COUNT":10000},{"GSID":38006,"COUNT":20000000}],"TYPE":0,"VALUE":448,"WEIGHT":1},
            {"ID":104,"ITEMS":[{"GSID":24001,"COUNT":50},{"GSID":22182,"COUNT":50},{"GSID":30015,"COUNT":5000}],"TYPE":0,"VALUE":328,"WEIGHT":1},
            {"ID":105,"ITEMS":[{"GSID":26001,"COUNT":50},{"GSID":30006,"COUNT":10},{"GSID":30011,"COUNT":10}],"TYPE":0,"VALUE":198,"WEIGHT":1},
            {"ID":106,"ITEMS":[{"GSID":26001,"COUNT":50},{"GSID":22182,"COUNT":50},{"GSID":30015,"COUNT":500}],"TYPE":0,"VALUE":98,"WEIGHT":1},
            {"ID":107,"ITEMS":[{"GSID":26001,"COUNT":50},{"GSID":30015,"COUNT":1000},{"GSID":30001,"COUNT":10000000}],"TYPE":1,"VALUE":5000,"WEIGHT":1},
            {"ID":108,"ITEMS":[{"GSID":26021,"COUNT":50},{"GSID":22182,"COUNT":50},{"GSID":38006,"COUNT":100000}],"TYPE":1,"VALUE":3000,"WEIGHT":1},
            {"ID":109,"ITEMS":[{"GSID":26021,"COUNT":50},{"GSID":30015,"COUNT":1000},{"GSID":38006,"COUNT":500000}],"TYPE":1,"VALUE":1500,"WEIGHT":1}
        ],
        "prewards":[24401,22021,30009,24001,26001,30011,30026,38006,22182,30015,30006,30001,26021]
    }
}