[
  {
    "drops": [
      [
        [
          38006,
          160000
        ],
        [
          38006,
          150000
        ],
        [
          38006,
          140000
        ],
        [
          38006,
          130000
        ]
      ],
      [
        [
          30001,
          80000
        ],
        [
          30001,
          90000
        ],
        [
          30001,
          100000
        ],
        [
          30001,
          110000
        ]
      ],
      [
        [
          30026,
          30
        ],
        [
          30026,
          40
        ],
        [
          30026,
          50
        ]
      ],
      [
        [
          30015,
          30
        ],
        [
          30015,
          40
        ],
        [
          30015,
          50
        ],
        [
          30015,
          60
        ]
      ],
      [
        [
          34061,
          1
        ],
        [
          34051,
          1
        ],
        [
          34071,
          1
        ],
        [
          34081,
          1
        ],
        [
          34091,
          1
        ],
        [
          37004,
          5
        ]
      ],
      [
        [
          33007,
          1
        ],
        [
          33107,
          1
        ],
        [
          33207,
          1
        ],
        [
          33307,
          1
        ]
      ],
      [
        [
          20201,
          30
        ],
        [
          20221,
          30
        ],
        [
          20241,
          30
        ],
        [
          22181,
          30
        ],
        [
          22201,
          30
        ],
        [
          22221,
          30
        ],
        [
          24201,
          30
        ],
        [
          24221,
          30
        ],
        [
          24241,
          30
        ],
        [
          26221,
          30
        ],
        [
          26241,
          30
        ],
        [
          26261,
          30
        ],
        [
          36021,
          30
        ]
      ],
      [
        [
          26121,
          50
        ],
        [
          26141,
          50
        ],
        [
          26161,
          50
        ],
        [
          26181,
          50
        ],
        [
          26201,
          50
        ],
        [
          26222,
          50
        ],
        [
          26242,
          50
        ],
        [
          26262,
          50
        ],
        [
          26282,
          50
        ],
        [
          26302,
          50
        ],
        [
          36001,
          50
        ]
      ]
    ],
    "repeat": [
      1,
      1,
      1,
      1,
      1,
      0,
      1,
      0
    ],
    "rates": [
      30,
      16,
      17,
      17,
      10,
      4,
      5,
      1
    ],
    "addScore": 5,
    "addLuckyStar": 10,
    "freeRefreshHour": 3
  },
  {
    "drops": [
      [
        [
          38006,
          1500000
        ],
        [
          38006,
          1600000
        ],
        [
          38006,
          1650000
        ],
        [
          38006,
          1700000
        ],
        [
          38006,
          1750000
        ],
        [
          38006,
          1800000
        ],
        [
          38006,
          1850000
        ]
      ],
      [
        [
          30001,
          1100000
        ],
        [
          30001,
          1150000
        ],
        [
          30001,
          1200000
        ],
        [
          30001,
          1250000
        ]
      ],
      [
        [
          30015,
          400
        ],
        [
          30015,
          500
        ],
        [
          30015,
          600
        ]
      ],
      [
        [
          30006,
          1
        ]
      ],
      [
        [
          37002,
          10
        ]
      ],
      [
        [
          36001,
          1
        ],
        [
          36002,
          1
        ],
        [
          36003,
          1
        ],
        [
          36004,
          1
        ],
        [
          36005,
          1
        ],
        [
          36006,
          1
        ],
        [
          36007,
          1
        ]
      ],
      [
        [
          33013,
          1
        ],
        [
          33113,
          1
        ],
        [
          33213,
          1
        ],
        [
          33313,
          1
        ]
      ],
      [
        [
          20161,
          50
        ],
        [
          20421,
          50
        ],
        [
          22061,
          50
        ],
        [
          22381,
          50
        ],
        [
          24001,
          50
        ],
        [
          26441,
          50
        ],
        [
          26101,
          50
        ],
        [
          26421,
          50
        ],
        [
          28021,
          50
        ],
        [
          27121,
          50
        ]
      ]
    ],
    "repeat": [
      1,
      1,
      1,
      1,
      0,
      1,
      1,
      0
    ],
    "rates": [
      302,
      151,
      201,
      181,
      50,
      50,
      50,
      15
    ],
    "addScore": 5,
    "addLuckyStar": 30,
    "freeRefreshHour": 3
  }
]