[
  {
    "level": 20,
    "price": 68,
    "items": [
      {
        "GSID": 38005,
        "COUNT": 680
      },
      {
        "GSID": 20161,
        "COUNT": 50
      },
      {
        "GSID": 32503,
        "COUNT": 1
      },
      {
        "GSID": 30001,
        "COUNT": 2000000
      },
      {
        "GSID": 38006,
        "COUNT": 1200000
      },
      {
        "GSID": 30015,
        "COUNT": 800
      }
    ]
  },
  {
    "level": 32,
    "price": 98,
    "items": [
      {
        "GSID": 38005,
        "COUNT": 880
      },
      {
        "GSID": 30006,
        "COUNT": 20
      },
      {
        "GSID": 30001,
        "COUNT": 3000000
      },
      {
        "GSID": 38006,
        "COUNT": 1500000
      }
    ]
  },
  {
    "level": 48,
    "price": 98,
    "items": [
      {
        "GSID": 38005,
        "COUNT": 980
      },
      {
        "GSID": 30011,
        "COUNT": 10
      },
      {
        "GSID": 30001,
        "COUNT": 3500000
      },
      {
        "GSID": 38006,
        "COUNT": 2000000
      }
    ]
  },
  {
    "level": 60,
    "price": 128,
    "items": [
      {
        "GSID": 38005,
        "COUNT": 1280
      },
      {
        "GSID": 26201,
        "COUNT": 50
      },
      {
        "GSID": 34312,
        "COUNT": 1
      },
      {
        "GSID": 30001,
        "COUNT": 3500000
      },
      {
        "GSID": 38006,
        "COUNT": 2000000
      }
    ]
  },
  {
    "level": 70,
    "price": 168,
    "items": [
      {
        "GSID": 38005,
        "COUNT": 1680
      },
      {
        "GSID": 38006,
        "COUNT": 3000000
      },
      {
        "GSID": 30016,
        "COUNT": 6000
      },
      {
        "GSID": 30017,
        "COUNT": 1000
      }
    ]
  },
  {
    "level": 78,
    "price": 198,
    "items": [
      {
        "GSID": 38005,
        "COUNT": 1980
      },
      {
        "GSID": 32504,
        "COUNT": 1
      },
      {
        "GSID": 34262,
        "COUNT": 1
      },
      {
        "GSID": 34282,
        "COUNT": 1
      }
    ]
  },
  {
    "level": 92,
    "price": 328,
    "items": [
      {
        "GSID": 27021,
        "COUNT": 50
      },
      {
        "GSID": 33015,
        "COUNT": 1
      },
      {
        "GSID": 33115,
        "COUNT": 1
      },
      {
        "GSID": 33215,
        "COUNT": 1
      },
      {
        "GSID": 33315,
        "COUNT": 1
      }
    ]
  },
  {
    "gstar": 5,
    "price": 30,
    "items": [
      {
        "GSID": 38005,
        "COUNT": 300
      },
      {
        "GSID": 30001,
        "COUNT": 1500000
      },
      {
        "GSID": 38006,
        "COUNT": 1000000
      },
      {
        "GSID": 30015,
        "COUNT": 750
      }
    ]
  },
  {
    "gstar": 6,
    "price": 68,
    "items": [
      {
        "GSID": 38005,
        "COUNT": 680
      },
      {
        "GSID": 30001,
        "COUNT": 3000000
      },
      {
        "GSID": 38006,
        "COUNT": 2000000
      },
      {
        "GSID": 30015,
        "COUNT": 1500
      }
    ]
  },
  {
    "gstar": 9,
    "price": 198,
    "items": [
      {
        "GSID": 38005,
        "COUNT": 1980
      },
      {
        "GSID": 30001,
        "COUNT": 12000000
      },
      {
        "GSID": 38006,
        "COUNT": 8000000
      },
      {
        "GSID": 30015,
        "COUNT": 5000
      }
    ]
  },
  {
    "gstar": 10,
    "price": 328,
    "items": [
      {
        "GSID": 38005,
        "COUNT": 3280
      },
      {
        "GSID": 30001,
        "COUNT": 24000000
      },
      {
        "GSID": 38006,
        "COUNT": 16000000
      },
      {
        "GSID": 30015,
        "COUNT": 10000
      }
    ]
  }
]