[
  {
    "id": 1,
    "lv": 25,
    "win_strength": [
      12,
      12,
      12,
      12,
      12
    ],
    "loose_strength": [
      2,
      2,
      2,
      2,
      2
    ],
    "award_chest": [
      2001,
      2002,
      2003,
      2004,
      2005
    ],
    "copper_award": [
      40000,
      42000,
      44000,
      46000,
      50000
    ],
    "super_award": 2000,
    "stage_list": [
      804,
      809,
      901,
      905,
      909
    ]
  },
  {
    "id": 2,
    "lv": 40,
    "win_strength": [
      12,
      12,
      12,
      12,
      12
    ],
    "loose_strength": [
      2,
      2,
      2,
      2,
      2
    ],
    "award_chest": [
      2011,
      2012,
      2013,
      2014,
      2015
    ],
    "copper_award": [
      45000,
      47000,
      49000,
      51000,
      55000
    ],
    "super_award": 2000,
    "stage_list": [
      1201,
      1209,
      1302,
      1305,
      1309
    ]
  },
  {
    "id": 3,
    "lv": 55,
    "win_strength": [
      12,
      12,
      12,
      12,
      12
    ],
    "loose_strength": [
      2,
      2,
      2,
      2,
      2
    ],
    "award_chest": [
      2021,
      2022,
      2023,
      2024,
      2025
    ],
    "copper_award": [
      50000,
      52000,
      54000,
      56000,
      60000
    ],
    "super_award": 2000,
    "stage_list": [
      1504,
      1509,
      1602,
      1605,
      1609
    ]
  },
  {
    "id": 4,
    "lv": 70,
    "win_strength": [
      12,
      12,
      12,
      12,
      12
    ],
    "loose_strength": [
      2,
      2,
      2,
      2,
      2
    ],
    "award_chest": [
      2031,
      2032,
      2033,
      2034,
      2035
    ],
    "copper_award": [
      55000,
      57000,
      59000,
      61000,
      65000
    ],
    "super_award": 2000,
    "stage_list": [
      1904,
      1909,
      2002,
      2005,
      2009
    ]
  },
  {
    "id": 5,
    "lv": 85,
    "win_strength": [
      12,
      12,
      12,
      12,
      12
    ],
    "loose_strength": [
      2,
      2,
      2,
      2,
      2
    ],
    "award_chest": [
      2041,
      2042,
      2043,
      2044,
      2045
    ],
    "copper_award": [
      60000,
      62000,
      64000,
      66000,
      70000
    ],
    "super_award": 2000,
    "stage_list": [
      2404,
      2409,
      2502,
      2505,
      2509
    ]
  }
]