{
  "debug": true,
  "steps": [
    {
      "numstep": 180,
      "desc": "Dẫn đạo đối thoại 1",
      "delayTime": 0.1,
      "command": {
        "cmd": "talk",
        "args": "Chinh chiến bấy lâu nay, không biết thực lực của Chủ công đã tiến bộ đến đâu rồi? Mau vào Tháp Thí Luyện kiểm tra xem sao!"
      }
    },
    {
      "desc": "Nhấn vào Hoàng Thành",
      "command": {
        "cmd": "finger",
        "args": "Main Camera > mainscenes_menu_bg_down > mainscenes_btn_01",
        "nomask": true,
        "location": "up"
      }
    },
    {
      "desc": "Di chuyển bối cảnh thành thị",
      "command": {
        "cmd": "movetobuilding",
        "buildname": "p_nodeTower"
      }
    },
    {
      "numstep": 181,
      "desc": "Nhấn vào Tháp Thí Luyện",
      "command": {
        "cmd": "finger",
        "args": "Main Camera > city_node > homecity_city / shilianta",
        "nomask": true
      }
    },
    {
      "desc": "Hình ảnh giới thiệu",
      "command": {
        "cmd": "intro",
        "funname": "tower"
      }
    }
  ],
  "autorun": false,
  "name": "Hướng dẫn Thí Luyện Tháp"
}